Customer_ID,Customer_Name,Gender,Age,Segment,Join_Date,City,State,Region
CUST00001,Gauri Sibal,Female,33,Corporate,2023-04-01,Chennai,Tamil Nadu,South
CUST00002,Lakshit Sankaran,Male,61,Government,2024-02-29,Karimnagar,Telangana,South
CUST00003,Teerth Singhal,Female,20,Retail,2026-05-23,Madurai,Tamil Nadu,South
CUST00004,Lopa Menon,Male,50,Government,2023-12-12,Chennai,Tamil Nadu,South
CUST00005,Ojasvi Balay,Male,63,Government,2024-03-18,Mangaluru,Karnataka,South
CUST00006,Aahana Raja,Female,55,SME,2021-11-14,New Delhi,Delhi,North
CUST00007,Chavvi Kalita,Female,39,SME,2024-09-24,Bengaluru,Karnataka,South
CUST00008,Pooja More,Female,24,Retail,2023-03-30,Hyderabad,Telangana,South
CUST00009,Ryan Maharaj,Female,40,Government,2025-02-21,New Delhi,Delhi,North
CUST00010,Oliver Shan,Female,52,Retail,2026-06-12,Mumbai,Maharashtra,West
CUST00011,Pranav Sem,Female,58,Government,2025-03-20,New Delhi,Delhi,North
CUST00012,Lakshit Rana,Male,63,Retail,2021-07-27,Vadodara,Gujarat,West
CUST00013,Gautam Dey,Male,36,Retail,2021-09-14,Mangaluru,Karnataka,South
CUST00014,Jalsa Ray,Female,35,Education,2025-07-26,Kochi,Kerala,South
CUST00015,Jagdish Raj,Female,40,Corporate,2024-09-06,Ahmedabad,Gujarat,West
CUST00016,Yoshita Bandi,Male,56,Corporate,2022-06-18,Nagpur,Maharashtra,West
CUST00017,Agastya Deol,Male,47,Education,2025-05-27,Kolkata,West Bengal,East
CUST00018,Libni Chowdhury,Male,61,SME,2023-08-24,Nagpur,Maharashtra,West
CUST00019,Vedika Srinivas,Male,38,Education,2025-11-17,Bengaluru,Karnataka,South
CUST00020,Pooja Nagarajan,Male,54,SME,2021-10-11,Mumbai,Maharashtra,West
CUST00021,Arin Padmanabhan,Female,43,Education,2023-03-03,Kozhikode,Kerala,South
CUST00022,Deepa Parekh,Male,33,Government,2021-12-24,Warangal,Telangana,South
CUST00023,Ekanta Bala,Female,55,Education,2023-08-25,Siliguri,West Bengal,East
CUST00024,Avi Brahmbhatt,Male,50,Education,2025-08-15,Ahmedabad,Gujarat,West
CUST00025,Girindra Karan,Male,27,Corporate,2024-02-19,Chennai,Tamil Nadu,South
CUST00026,Raghav Ranganathan,Female,42,Government,2025-07-24,New Delhi,Delhi,North
CUST00027,Pushti Chandran,Male,61,Retail,2021-11-22,Amritsar,Punjab,North
CUST00028,Vihaan Rao,Female,25,SME,2021-10-01,Siliguri,West Bengal,East
CUST00029,Nitesh Mittal,Female,18,SME,2021-08-20,New Delhi,Delhi,North
CUST00030,Harrison Oak,Male,58,SME,2022-02-12,Kolkata,West Bengal,East
CUST00031,Udant Mistry,Male,41,Corporate,2026-06-22,Kolkata,West Bengal,East
CUST00032,Banjeet Bansal,Female,49,Retail,2024-03-22,Kolkata,West Bengal,East
CUST00033,Andrew Din,Female,33,Retail,2026-02-26,Coimbatore,Tamil Nadu,South
CUST00034,Anusha Sandhu,Male,23,Education,2023-10-20,Kozhikode,Kerala,South
CUST00035,Reyansh Kanda,Male,26,Education,2025-05-13,Madurai,Tamil Nadu,South
CUST00036,Krishna Basak,Female,51,Government,2024-05-05,Kolkata,West Bengal,East
CUST00037,Lakshit Ghosh,Male,63,SME,2022-04-27,New Delhi,Delhi,North
CUST00038,Bakhshi Dalal,Female,51,Education,2022-07-11,New Delhi,Delhi,North
CUST00039,Qasim Goyal,Male,22,SME,2022-09-12,Chennai,Tamil Nadu,South
CUST00040,Bhavika Parmar,Male,55,Corporate,2023-01-16,Mangaluru,Karnataka,South
CUST00041,Gautami Patil,Male,32,Retail,2026-05-27,Bengaluru,Karnataka,South
CUST00042,Andrew Hegde,Male,50,Corporate,2026-04-03,Mysuru,Karnataka,South
CUST00043,Jacob Vohra,Female,31,Government,2025-11-21,Nagpur,Maharashtra,West
CUST00044,Lavanya Divan,Female,33,Education,2026-03-28,Karimnagar,Telangana,South
CUST00045,Ekiya Pai,Male,24,Education,2025-11-28,New Delhi,Delhi,North
CUST00046,Baljiwan Malhotra,Female,47,Retail,2026-01-11,Surat,Gujarat,West
CUST00047,Jai Shan,Female,64,SME,2023-03-30,Chennai,Tamil Nadu,South
CUST00048,Neha Ahuja,Male,30,Government,2026-05-25,Chennai,Tamil Nadu,South
CUST00049,Arjun Krishnan,Female,29,SME,2024-03-20,Ludhiana,Punjab,North
CUST00050,Raghav Tara,Male,46,Government,2023-03-28,Ludhiana,Punjab,North
CUST00051,Raghav Tata,Male,23,Corporate,2023-08-24,Chennai,Tamil Nadu,South
CUST00052,Bhavika Amble,Female,48,Corporate,2022-12-28,Warangal,Telangana,South
CUST00053,Dev Nigam,Male,42,Retail,2022-03-25,New Delhi,Delhi,North
CUST00054,Ikshita Mannan,Female,36,Education,2022-03-14,New Delhi,Delhi,North
CUST00055,Devika Arya,Male,30,SME,2024-11-01,Siliguri,West Bengal,East
CUST00056,Vrishti Biswas,Male,65,SME,2023-12-02,Kochi,Kerala,South
CUST00057,Zinal Parmar,Female,50,Government,2023-11-24,Bengaluru,Karnataka,South
CUST00058,Damini Bhavsar,Male,29,Retail,2023-11-02,Hyderabad,Telangana,South
CUST00059,Jeevika Balay,Male,43,Retail,2022-06-26,Indore,Madhya Pradesh,Central
CUST00060,Charvi Shetty,Male,57,Retail,2024-08-25,Indore,Madhya Pradesh,Central
CUST00061,Dhruv Anand,Female,31,SME,2021-12-29,New Delhi,Delhi,North
CUST00062,Utkarsh Devan,Female,26,SME,2021-09-30,Thiruvananthapuram,Kerala,South
CUST00063,Quincy Chopra,Male,18,Education,2025-10-14,Amritsar,Punjab,North
CUST00064,Reyansh Sarkar,Male,52,Corporate,2021-07-31,Indore,Madhya Pradesh,Central
CUST00065,Lila Raghavan,Male,40,Retail,2021-10-04,Siliguri,West Bengal,East
CUST00066,Abdul Vora,Female,28,Education,2022-01-11,Thiruvananthapuram,Kerala,South
CUST00067,Chatresh Oak,Male,60,Government,2025-09-02,Siliguri,West Bengal,East
CUST00068,Timothy Bala,Male,26,SME,2024-11-05,Nagpur,Maharashtra,West
CUST00069,Umang Kulkarni,Male,35,SME,2023-09-24,Chennai,Tamil Nadu,South
CUST00070,Vivaan Singhal,Female,31,SME,2024-07-17,Indore,Madhya Pradesh,Central
CUST00071,Ubika Sachdev,Female,21,Retail,2022-01-04,Siliguri,West Bengal,East
CUST00072,Krish Bawa,Male,18,SME,2024-12-25,New Delhi,Delhi,North
CUST00073,Gautam Pandya,Female,28,Education,2024-05-26,Karimnagar,Telangana,South
CUST00074,Thomas Srivastava,Male,25,Retail,2025-08-12,Siliguri,West Bengal,East
CUST00075,Pranav Biswas,Male,41,Government,2025-08-27,Karimnagar,Telangana,South
CUST00076,Tanveer Patil,Female,26,Retail,2022-02-23,Kolkata,West Bengal,East
CUST00077,Abhimanyu Sabharwal,Male,40,Corporate,2025-04-01,Pune,Maharashtra,West
CUST00078,Indira Shere,Male,40,Government,2024-01-03,Kozhikode,Kerala,South
CUST00079,Champak Sagar,Male,28,Corporate,2025-04-03,New Delhi,Delhi,North
CUST00080,Varenya Zachariah,Male,65,SME,2024-06-06,New Delhi,Delhi,North
CUST00081,Manbir Doctor,Female,28,Retail,2025-02-08,New Delhi,Delhi,North
CUST00082,Girindra Kade,Female,32,Corporate,2024-10-29,New Delhi,Delhi,North
CUST00083,Simon Trivedi,Female,32,Corporate,2024-12-24,Amritsar,Punjab,North
CUST00084,Warjas Ratta,Male,43,SME,2025-10-19,Mangaluru,Karnataka,South
CUST00085,Vinaya Desai,Female,40,Government,2025-12-17,Mumbai,Maharashtra,West
CUST00086,Mohini Keer,Male,25,SME,2025-08-27,New Delhi,Delhi,North
CUST00087,Frederick Ramachandran,Female,20,Retail,2025-07-24,Karimnagar,Telangana,South
CUST00088,Amrita Kaur,Female,64,SME,2024-09-01,Bhopal,Madhya Pradesh,Central
CUST00089,Jeet Dar,Female,54,Corporate,2025-01-28,New Delhi,Delhi,North
CUST00090,Amaira Sidhu,Female,18,Government,2025-07-20,Mumbai,Maharashtra,West
CUST00091,Arunima Ganesh,Female,45,Retail,2023-01-30,Kolkata,West Bengal,East
CUST00092,Pranav Ahuja,Female,60,Retail,2021-11-19,Vadodara,Gujarat,West
CUST00093,Amruta Bath,Female,60,Education,2025-07-27,Nagpur,Maharashtra,West
CUST00094,Gavin Palla,Female,53,Corporate,2024-12-07,Surat,Gujarat,West
CUST00095,Eiravati Vala,Female,61,Corporate,2023-11-09,Thiruvananthapuram,Kerala,South
CUST00096,Gopal Bhatt,Female,53,Retail,2025-08-04,Bhopal,Madhya Pradesh,Central
CUST00097,Sneha Borra,Male,45,Government,2023-02-02,Pune,Maharashtra,West
CUST00098,Chavvi Mani,Female,46,Education,2024-05-06,Bhopal,Madhya Pradesh,Central
CUST00099,Ayaan Mannan,Female,65,Corporate,2022-03-05,Kozhikode,Kerala,South
CUST00100,Girik Gade,Female,23,Corporate,2025-10-11,Coimbatore,Tamil Nadu,South
CUST00101,Laksh Butala,Male,27,Retail,2024-03-16,Mumbai,Maharashtra,West
CUST00102,Ojas Rana,Female,57,Retail,2026-05-04,Bengaluru,Karnataka,South
CUST00103,Chasmum Ramesh,Male,63,Education,2025-06-01,Amritsar,Punjab,North
CUST00104,Omya Ratti,Male,27,Retail,2026-01-18,Amritsar,Punjab,North
CUST00105,Vidhi Mander,Male,29,Government,2023-04-08,Coimbatore,Tamil Nadu,South
CUST00106,Kalpit Bhargava,Male,25,Education,2025-09-22,Ludhiana,Punjab,North
CUST00107,Mohini Sankar,Female,46,Government,2025-11-26,Warangal,Telangana,South
CUST00108,Bakhshi Mital,Female,28,Education,2023-05-09,Siliguri,West Bengal,East
CUST00109,Devansh Naik,Male,58,SME,2022-10-14,Amritsar,Punjab,North
CUST00110,Tanmayi Tank,Male,35,Education,2025-10-13,Siliguri,West Bengal,East
CUST00111,Wakeeta Soman,Female,33,SME,2025-12-29,Madurai,Tamil Nadu,South
CUST00112,Dhruv Kata,Male,26,Corporate,2022-04-06,Surat,Gujarat,West
CUST00113,Zaid Handa,Male,63,Corporate,2021-07-15,Thiruvananthapuram,Kerala,South
CUST00114,Neelima Narayan,Female,39,Government,2025-05-29,Coimbatore,Tamil Nadu,South
CUST00115,Ijaya Sachdev,Male,31,Education,2024-08-13,Amritsar,Punjab,North
CUST00116,Yashvi Datta,Female,48,Retail,2026-01-13,New Delhi,Delhi,North
CUST00117,Xalak Ratti,Female,44,Government,2024-02-25,Surat,Gujarat,West
CUST00118,Owen Gokhale,Female,32,SME,2026-01-15,Kolkata,West Bengal,East
CUST00119,Dominic Dhawan,Male,42,SME,2021-07-20,New Delhi,Delhi,North
CUST00120,Nidhi Bhasin,Female,26,Government,2026-04-10,New Delhi,Delhi,North
CUST00121,Priya Parmar,Female,55,Government,2024-08-28,Kolkata,West Bengal,East
CUST00122,Oviya Kadakia,Female,26,Education,2025-01-05,Bengaluru,Karnataka,South
CUST00123,Hamsini Chandran,Female,42,SME,2025-04-03,Hyderabad,Telangana,South
CUST00124,Ayaan Buch,Female,39,Education,2026-01-16,Thiruvananthapuram,Kerala,South
CUST00125,Tanveer Ganesh,Female,23,Education,2022-05-12,Pune,Maharashtra,West
CUST00126,Gabriel Sankaran,Male,40,Corporate,2026-06-07,Mangaluru,Karnataka,South
CUST00127,Agastya Pillay,Male,19,Corporate,2025-08-13,Madurai,Tamil Nadu,South
CUST00128,Adya Dayal,Male,33,Corporate,2022-10-13,Kochi,Kerala,South
CUST00129,Panini Mammen,Male,47,SME,2023-07-28,Ludhiana,Punjab,North
CUST00130,Pushti Kothari,Male,28,SME,2022-06-02,Ahmedabad,Gujarat,West
CUST00131,Ayaan Bora,Male,37,Government,2022-06-04,Madurai,Tamil Nadu,South
CUST00132,Vansha Brar,Male,22,Government,2021-08-02,New Delhi,Delhi,North
CUST00133,Gaurangi Jaggi,Female,61,Government,2025-06-24,Kochi,Kerala,South
CUST00134,Anay Kibe,Male,40,Government,2025-10-18,Madurai,Tamil Nadu,South
CUST00135,Yashasvi Om,Male,50,SME,2025-07-22,New Delhi,Delhi,North
CUST00136,Daksha Hans,Female,24,Education,2021-12-10,Mysuru,Karnataka,South
CUST00137,Samesh Ratti,Female,63,Corporate,2023-10-26,Vadodara,Gujarat,West
CUST00138,Nirja Savant,Female,57,Government,2024-05-03,New Delhi,Delhi,North
CUST00139,Gautam Cherian,Female,64,Government,2023-08-16,Amritsar,Punjab,North
CUST00140,Amrita Pau,Male,23,SME,2024-12-15,Pune,Maharashtra,West
CUST00141,Neelima Narayan,Female,54,Government,2022-04-08,Ludhiana,Punjab,North
CUST00142,Eesha Mane,Male,49,SME,2024-08-11,New Delhi,Delhi,North
CUST00143,Karan Joshi,Male,40,SME,2023-11-21,Warangal,Telangana,South
CUST00144,Faqid Dubey,Female,53,Retail,2021-07-31,Surat,Gujarat,West
CUST00145,Waida Basu,Male,33,Education,2021-12-18,Kolkata,West Bengal,East
CUST00146,Vinaya Cherian,Female,59,Education,2024-12-20,Ludhiana,Punjab,North
CUST00147,Bimala Shukla,Male,36,Corporate,2025-10-31,Ludhiana,Punjab,North
CUST00148,Adweta Bawa,Female,60,Government,2021-08-19,New Delhi,Delhi,North
CUST00149,Chanakya Narang,Female,45,Government,2025-07-21,Surat,Gujarat,West
CUST00150,Urvashi Thakur,Female,35,SME,2026-04-15,Surat,Gujarat,West
CUST00151,Aarav Mammen,Male,64,Corporate,2022-03-21,Mumbai,Maharashtra,West
CUST00152,Chakradev Pingle,Male,30,Corporate,2024-05-06,Ahmedabad,Gujarat,West
CUST00153,Ekta Butala,Female,24,Corporate,2022-01-03,Amritsar,Punjab,North
CUST00154,Darika Dani,Female,29,SME,2024-05-20,Mumbai,Maharashtra,West
CUST00155,Darika Jha,Male,35,Retail,2024-06-28,Mangaluru,Karnataka,South
CUST00156,Nimrat Sha,Female,62,Corporate,2025-05-01,Mangaluru,Karnataka,South
CUST00157,Chandani Munshi,Male,54,SME,2023-08-31,Ludhiana,Punjab,North
CUST00158,Nandini Bhattacharyya,Female,39,Corporate,2023-05-03,Amritsar,Punjab,North
CUST00159,Baghyawati Shanker,Female,25,Retail,2025-03-09,Mysuru,Karnataka,South
CUST00160,Ikshita Barad,Male,54,Retail,2023-09-10,New Delhi,Delhi,North
CUST00161,Indali Bali,Female,23,Corporate,2024-07-19,Hyderabad,Telangana,South
CUST00162,Chakradhar Borra,Female,56,Government,2026-01-30,Madurai,Tamil Nadu,South
CUST00163,Vansha Dugal,Female,46,Education,2022-05-16,Indore,Madhya Pradesh,Central
CUST00164,Anvi Apte,Female,37,Government,2023-03-07,Nagpur,Maharashtra,West
CUST00165,Banjeet Thakur,Male,31,Corporate,2025-11-23,Indore,Madhya Pradesh,Central
CUST00166,Lopa Lall,Male,28,Corporate,2024-06-27,Nagpur,Maharashtra,West
CUST00167,Anika Grover,Male,28,Retail,2025-11-25,Karimnagar,Telangana,South
CUST00168,Madhavi Dixit,Female,36,Retail,2023-07-22,New Delhi,Delhi,North
CUST00169,Warhi Vohra,Female,62,Education,2023-02-01,Thiruvananthapuram,Kerala,South
CUST00170,Manya Barad,Male,34,Government,2021-10-31,Madurai,Tamil Nadu,South
CUST00171,Nicholas Walia,Male,52,Corporate,2025-06-23,Thiruvananthapuram,Kerala,South
CUST00172,Meghana Thakur,Male,22,Retail,2025-07-01,Warangal,Telangana,South
CUST00173,Matthew Soni,Female,46,Retail,2021-09-25,Warangal,Telangana,South
CUST00174,Chanakya Balasubramanian,Female,35,Government,2025-09-24,Amritsar,Punjab,North
CUST00175,Anamika Sandal,Female,23,Government,2022-02-09,Siliguri,West Bengal,East
CUST00176,Harrison Pau,Female,56,SME,2023-01-17,Mysuru,Karnataka,South
CUST00177,Samuel Sarraf,Male,61,Government,2026-05-04,Bengaluru,Karnataka,South
CUST00178,Zehaan Hayre,Female,54,Retail,2023-12-13,Indore,Madhya Pradesh,Central
CUST00179,Dayita Iyengar,Female,35,Corporate,2023-04-17,Warangal,Telangana,South
CUST00180,Chaman Bobal,Female,23,Education,2023-04-06,Bhopal,Madhya Pradesh,Central
CUST00181,Dipta Cherian,Female,38,Retail,2023-02-07,Surat,Gujarat,West
CUST00182,Lakshit Merchant,Female,62,Education,2025-11-04,Warangal,Telangana,South
CUST00183,Oliver Walia,Female,53,Retail,2022-04-15,Nagpur,Maharashtra,West
CUST00184,Damini Cheema,Female,34,SME,2024-12-23,Ludhiana,Punjab,North
CUST00185,Isha Ahuja,Male,60,Government,2025-12-26,Coimbatore,Tamil Nadu,South
CUST00186,Tarak Handa,Male,30,Government,2026-03-09,Amritsar,Punjab,North
CUST00187,Ekani Goswami,Female,58,Education,2022-10-13,Vadodara,Gujarat,West
CUST00188,Warjas Viswanathan,Female,53,Corporate,2024-10-15,Bengaluru,Karnataka,South
CUST00189,Balveer Acharya,Female,25,Retail,2024-11-17,Pune,Maharashtra,West
CUST00190,Henry Saini,Male,37,Government,2023-08-23,Indore,Madhya Pradesh,Central
CUST00191,Vidhi Saxena,Female,23,Corporate,2024-06-28,Mangaluru,Karnataka,South
CUST00192,Vedika Deep,Male,59,Corporate,2025-02-05,Coimbatore,Tamil Nadu,South
CUST00193,Warda Nayak,Female,44,Education,2025-06-30,Amritsar,Punjab,North
CUST00194,Balveer Srivastava,Female,53,Corporate,2023-02-15,Ludhiana,Punjab,North
CUST00195,Harita Raval,Male,22,SME,2022-03-18,New Delhi,Delhi,North
CUST00196,Advik Varma,Female,18,SME,2021-12-09,New Delhi,Delhi,North
CUST00197,Sara Srivastava,Female,27,Education,2022-07-25,Nagpur,Maharashtra,West
CUST00198,Aarush Vohra,Female,39,Government,2025-11-04,Siliguri,West Bengal,East
CUST00199,Zilmil Kamdar,Female,38,Corporate,2022-03-08,Siliguri,West Bengal,East
CUST00200,Advaith Chawla,Female,32,Education,2021-09-06,Kozhikode,Kerala,South
CUST00201,Damyanti Savant,Female,63,Education,2024-03-09,Mysuru,Karnataka,South
CUST00202,Manbir Konda,Female,20,Corporate,2023-01-02,New Delhi,Delhi,North
CUST00203,Yug Brar,Male,46,Retail,2024-04-19,Siliguri,West Bengal,East
CUST00204,Madhav Devan,Male,64,Corporate,2024-09-15,Siliguri,West Bengal,East
CUST00205,Saumya Golla,Male,48,SME,2023-06-09,New Delhi,Delhi,North
CUST00206,Rajata Murthy,Female,59,Retail,2024-06-23,Vadodara,Gujarat,West
CUST00207,Sanaya Sood,Female,38,Education,2023-02-27,Vadodara,Gujarat,West
CUST00208,Ekanta Biswas,Male,33,SME,2025-09-08,Kolkata,West Bengal,East
CUST00209,Shivansh Batra,Male,45,Retail,2024-01-21,Kozhikode,Kerala,South
CUST00210,Diya Majumdar,Male,62,SME,2022-02-05,Coimbatore,Tamil Nadu,South
CUST00211,Yug Gola,Female,21,SME,2025-05-07,Bengaluru,Karnataka,South
CUST00212,Kalpit Manne,Female,27,Corporate,2023-04-10,Surat,Gujarat,West
CUST00213,Kamala Thaman,Male,28,Corporate,2025-08-01,Siliguri,West Bengal,East
CUST00214,Qasim Banik,Female,57,Corporate,2022-03-23,Madurai,Tamil Nadu,South
CUST00215,Logan Vig,Male,47,SME,2025-10-28,Ludhiana,Punjab,North
CUST00216,Aditya Bal,Male,47,SME,2025-06-16,Amritsar,Punjab,North
CUST00217,Wriddhish Kannan,Male,46,SME,2024-10-27,Kolkata,West Bengal,East
CUST00218,Guneet Bains,Female,62,SME,2024-03-03,Bhopal,Madhya Pradesh,Central
CUST00219,Vyanjana Sidhu,Male,42,Education,2022-04-12,Amritsar,Punjab,North
CUST00220,Lekha Sridhar,Female,54,SME,2022-10-01,Chennai,Tamil Nadu,South
CUST00221,Krisha Naidu,Female,19,Education,2024-01-07,Bhopal,Madhya Pradesh,Central
CUST00222,Anjali Lata,Male,56,Education,2025-04-02,Mumbai,Maharashtra,West
CUST00223,Urvashi Randhawa,Female,32,Corporate,2024-05-05,Mumbai,Maharashtra,West
CUST00224,Ayush Vaidya,Male,58,Retail,2024-05-02,Bhopal,Madhya Pradesh,Central
CUST00225,Jason Bajaj,Female,20,Government,2022-07-01,Mysuru,Karnataka,South
CUST00226,Charvi Mangat,Male,23,SME,2024-12-21,Vadodara,Gujarat,West
CUST00227,Udyati Rajan,Female,29,Corporate,2023-08-14,Vadodara,Gujarat,West
CUST00228,Gauri Mandal,Female,51,Government,2025-12-02,Karimnagar,Telangana,South
CUST00229,Hritik Balan,Female,48,SME,2021-10-06,Mumbai,Maharashtra,West
CUST00230,Gopal Batra,Female,22,Corporate,2022-03-17,Ahmedabad,Gujarat,West
CUST00231,Riya Tiwari,Female,53,SME,2022-09-05,Kozhikode,Kerala,South
CUST00232,Azaan Basu,Male,34,Government,2023-09-27,Coimbatore,Tamil Nadu,South
CUST00233,Leena Choudhry,Female,61,SME,2026-05-18,Coimbatore,Tamil Nadu,South
CUST00234,Oeshi Kamdar,Female,24,Corporate,2023-06-06,Bhopal,Madhya Pradesh,Central
CUST00235,Janya Dhillon,Female,57,Corporate,2023-07-29,Ludhiana,Punjab,North
CUST00236,Chatura Guha,Female,62,SME,2023-03-07,Madurai,Tamil Nadu,South
CUST00237,Ganga Barad,Male,20,Retail,2026-03-31,New Delhi,Delhi,North
CUST00238,Bhavini Chaudhuri,Male,24,Corporate,2024-03-25,Pune,Maharashtra,West
CUST00239,Ekani Kala,Female,47,SME,2022-12-14,Kolkata,West Bengal,East
CUST00240,Aarnav Patla,Male,44,Retail,2025-05-12,Siliguri,West Bengal,East
CUST00241,Ekbal Bhagat,Female,20,SME,2026-06-29,Amritsar,Punjab,North
CUST00242,Raagini Mani,Female,33,SME,2025-07-05,Thiruvananthapuram,Kerala,South
CUST00243,Radhika Singh,Female,52,SME,2021-10-14,Madurai,Tamil Nadu,South
CUST00244,Vyanjana Sarraf,Female,30,Retail,2023-08-27,Mysuru,Karnataka,South
CUST00245,Charan Bala,Male,59,Government,2024-06-30,Ludhiana,Punjab,North
CUST00246,Nicholas Sarin,Female,33,Corporate,2026-02-08,Bengaluru,Karnataka,South
CUST00247,Bhanumati Chandran,Male,53,Corporate,2026-04-25,Indore,Madhya Pradesh,Central
CUST00248,Tamanna Narayanan,Male,39,Corporate,2025-11-09,Indore,Madhya Pradesh,Central
CUST00249,Yashasvi Iyer,Female,27,Corporate,2025-11-12,Indore,Madhya Pradesh,Central
CUST00250,Wyatt Hora,Male,25,Retail,2024-05-16,Siliguri,West Bengal,East
CUST00251,Ishani Choudhury,Female,33,Government,2023-08-28,Hyderabad,Telangana,South
CUST00252,Madhav Tak,Male,34,Retail,2026-02-12,Ahmedabad,Gujarat,West
CUST00253,Vincent Chanda,Female,51,Retail,2022-07-14,Karimnagar,Telangana,South
CUST00254,Yasti Shan,Female,41,Government,2026-03-03,Coimbatore,Tamil Nadu,South
CUST00255,Naksh Kohli,Female,50,Corporate,2021-07-11,Indore,Madhya Pradesh,Central
CUST00256,Vanya Dass,Female,47,Retail,2022-11-26,Indore,Madhya Pradesh,Central
CUST00257,Mekhala Prashad,Female,45,Retail,2026-03-19,Mysuru,Karnataka,South
CUST00258,Nathan Bahri,Male,23,SME,2025-09-17,Amritsar,Punjab,North
CUST00259,Tanmayi Wali,Male,26,SME,2022-12-25,Indore,Madhya Pradesh,Central
CUST00260,Qadim Lad,Female,56,Government,2023-02-07,Bhopal,Madhya Pradesh,Central
CUST00261,Hema Sehgal,Female,24,Retail,2025-05-04,Pune,Maharashtra,West
CUST00262,Pranav Gill,Female,46,Corporate,2023-12-10,Kolkata,West Bengal,East
CUST00263,Bachittar Dash,Female,43,Education,2024-09-17,New Delhi,Delhi,North
CUST00264,Robert Chana,Female,38,SME,2025-09-16,Coimbatore,Tamil Nadu,South
CUST00265,Aarav Seshadri,Female,22,Retail,2026-05-02,Ahmedabad,Gujarat,West
CUST00266,Parth Shenoy,Female,24,SME,2023-09-25,Chennai,Tamil Nadu,South
CUST00267,Urmi Balakrishnan,Male,55,Government,2024-02-14,Karimnagar,Telangana,South
CUST00268,Ronith Deshmukh,Male,44,SME,2021-06-30,Siliguri,West Bengal,East
CUST00269,Tamanna Dugar,Female,56,SME,2022-10-02,New Delhi,Delhi,North
CUST00270,Ekaraj Zacharia,Male,27,Education,2021-11-29,Ahmedabad,Gujarat,West
CUST00271,Rohan Grewal,Female,53,SME,2024-01-17,Kochi,Kerala,South
CUST00272,Netra Bajaj,Male,45,Government,2024-05-24,Coimbatore,Tamil Nadu,South
CUST00273,Pahal Ganguly,Female,19,Corporate,2023-01-17,Indore,Madhya Pradesh,Central
CUST00274,Jagat Choudhary,Female,39,SME,2022-11-10,Nagpur,Maharashtra,West
CUST00275,Neel Saran,Male,54,Education,2026-04-24,Bengaluru,Karnataka,South
CUST00276,Saumya Guha,Male,23,Government,2023-08-06,Chennai,Tamil Nadu,South
CUST00277,Damyanti Bawa,Female,47,SME,2024-05-07,Thiruvananthapuram,Kerala,South
CUST00278,Vidhi Prabhakar,Female,64,SME,2022-11-11,Warangal,Telangana,South
CUST00279,Wahab Bhasin,Male,27,Corporate,2025-08-25,Indore,Madhya Pradesh,Central
CUST00280,Upadhriti Bhakta,Male,35,Education,2022-05-16,Indore,Madhya Pradesh,Central
CUST00281,Michael Shere,Female,44,SME,2024-01-13,New Delhi,Delhi,North
CUST00282,Azaan Ratti,Male,40,Education,2023-01-02,Kozhikode,Kerala,South
CUST00283,Nirja Date,Female,51,SME,2024-10-27,Coimbatore,Tamil Nadu,South
CUST00284,Sara Grover,Female,56,Retail,2023-02-26,Bengaluru,Karnataka,South
CUST00285,Harsh Baria,Female,31,Corporate,2023-03-20,Bengaluru,Karnataka,South
CUST00286,Divya Thaman,Female,25,Retail,2026-03-12,Pune,Maharashtra,West
CUST00287,Ekbal Bal,Male,26,Education,2024-02-05,Amritsar,Punjab,North
CUST00288,Maanas Mishra,Female,22,Education,2023-05-24,Kolkata,West Bengal,East
CUST00289,Yagnesh Bala,Male,47,Retail,2023-03-24,Mysuru,Karnataka,South
CUST00290,Qadim More,Female,54,Education,2025-07-30,Vadodara,Gujarat,West
CUST00291,Elijah Murty,Male,43,Retail,2026-04-14,New Delhi,Delhi,North
CUST00292,Vanya Mammen,Female,62,SME,2023-02-15,Ahmedabad,Gujarat,West
CUST00293,Bakhshi Buch,Male,33,Education,2022-10-25,Coimbatore,Tamil Nadu,South
CUST00294,Urmi Sankaran,Male,43,SME,2025-12-18,Bhopal,Madhya Pradesh,Central
CUST00295,Mohini Bumb,Female,28,Retail,2021-12-16,Ahmedabad,Gujarat,West
CUST00296,Yadavi Sengupta,Male,40,SME,2021-09-09,Kolkata,West Bengal,East
CUST00297,Turvi Agrawal,Male,27,SME,2023-03-24,Hyderabad,Telangana,South
CUST00298,Aadhya Chandran,Male,59,Retail,2023-02-15,Kochi,Kerala,South
CUST00299,Balvan Pai,Female,47,Government,2023-12-28,Karimnagar,Telangana,South
CUST00300,Harrison Bajaj,Female,58,SME,2023-08-23,Bhopal,Madhya Pradesh,Central
CUST00301,Triya Ganesan,Male,48,Education,2025-12-24,Warangal,Telangana,South
CUST00302,Upma Kant,Male,40,Government,2023-02-19,Pune,Maharashtra,West
CUST00303,Jasmit Garg,Female,46,Retail,2025-08-17,Coimbatore,Tamil Nadu,South
CUST00304,Nimrat Bir,Female,22,Retail,2024-01-25,Mysuru,Karnataka,South
CUST00305,Utkarsh Agrawal,Female,55,Government,2025-06-05,Bhopal,Madhya Pradesh,Central
CUST00306,Dakshesh Oommen,Male,38,Government,2026-02-08,Mysuru,Karnataka,South
CUST00307,Qabil Deep,Male,46,Retail,2021-10-04,Ludhiana,Punjab,North
CUST00308,Abha Badal,Male,50,Corporate,2023-10-17,Vadodara,Gujarat,West
CUST00309,Kavya Bajaj,Female,46,Government,2026-06-21,Bengaluru,Karnataka,South
CUST00310,Chaitanya Sampath,Female,41,SME,2024-12-10,Kolkata,West Bengal,East
CUST00311,Aishani Kala,Female,61,Government,2024-07-29,New Delhi,Delhi,North
CUST00312,Eiravati Bansal,Female,22,SME,2024-01-16,Mangaluru,Karnataka,South
CUST00313,Madhavi Bhatnagar,Female,36,SME,2026-06-11,Madurai,Tamil Nadu,South
CUST00314,Laban Sampath,Female,23,Government,2024-09-27,Indore,Madhya Pradesh,Central
CUST00315,Nimrat Shankar,Female,59,Education,2025-12-07,Warangal,Telangana,South
CUST00316,Fitan Tara,Male,37,Government,2024-12-17,Karimnagar,Telangana,South
CUST00317,Gunbir Brar,Male,60,Government,2023-03-24,New Delhi,Delhi,North
CUST00318,Jagdish Dugar,Female,50,SME,2023-12-26,Madurai,Tamil Nadu,South
CUST00319,Zayan Talwar,Female,29,Corporate,2024-10-29,Mysuru,Karnataka,South
CUST00320,Qushi Kunda,Male,32,Corporate,2022-10-02,Surat,Gujarat,West
CUST00321,Timothy Nazareth,Female,24,Government,2024-09-17,Hyderabad,Telangana,South
CUST00322,Kevin Ram,Female,57,Corporate,2024-05-16,Kolkata,West Bengal,East
CUST00323,Nimrat Lal,Male,28,Corporate,2025-11-08,Bhopal,Madhya Pradesh,Central
CUST00324,Qasim Manda,Female,20,Education,2022-10-12,Indore,Madhya Pradesh,Central
CUST00325,Samesh Iyengar,Male,46,Government,2022-03-11,Vadodara,Gujarat,West
CUST00326,Ekaja Ramanathan,Female,32,Government,2022-08-07,Nagpur,Maharashtra,West
CUST00327,Ishani Saini,Female,30,SME,2024-07-07,Thiruvananthapuram,Kerala,South
CUST00328,Nisha Raj,Female,36,Education,2024-09-27,Bhopal,Madhya Pradesh,Central
CUST00329,Yasti Bumb,Male,30,Government,2022-08-09,Siliguri,West Bengal,East
CUST00330,Ishani Guha,Male,59,Education,2022-06-30,Warangal,Telangana,South
CUST00331,Orinder Suri,Male,63,Government,2022-11-21,Vadodara,Gujarat,West
CUST00332,Zansi Lalla,Male,28,SME,2024-08-21,Coimbatore,Tamil Nadu,South
CUST00333,Aashi Mangat,Female,23,Corporate,2022-12-11,Ludhiana,Punjab,North
CUST00334,Pranav Manne,Male,44,Retail,2023-07-14,Amritsar,Punjab,North
CUST00335,Kamala Gola,Male,42,Retail,2023-10-04,New Delhi,Delhi,North
CUST00336,Meghana Chadha,Male,38,Retail,2026-05-02,Ahmedabad,Gujarat,West
CUST00337,Chaitanya Patil,Male,20,SME,2024-01-29,Ahmedabad,Gujarat,West
CUST00338,Advaith Chahal,Female,46,Government,2026-06-04,Ludhiana,Punjab,North
CUST00339,Aashi Sathe,Male,34,Corporate,2026-06-02,Bengaluru,Karnataka,South
CUST00340,Manan Saran,Female,25,SME,2023-09-08,Karimnagar,Telangana,South
CUST00341,Wridesh Krishnan,Male,21,Corporate,2021-11-07,Thiruvananthapuram,Kerala,South
CUST00342,David Dhingra,Male,25,Education,2024-11-12,New Delhi,Delhi,North
CUST00343,George Gulati,Male,63,Corporate,2025-01-13,Indore,Madhya Pradesh,Central
CUST00344,Bhavini Bora,Male,57,SME,2024-11-26,Pune,Maharashtra,West
CUST00345,Anusha Malhotra,Female,29,Retail,2025-12-01,Kozhikode,Kerala,South
CUST00346,Varenya Kadakia,Male,51,Government,2022-04-15,Siliguri,West Bengal,East
CUST00347,Qasim Tata,Female,48,Retail,2021-11-05,Kolkata,West Bengal,East
CUST00348,Anay Kadakia,Female,65,Retail,2024-08-18,New Delhi,Delhi,North
CUST00349,Praneel Pillay,Female,33,Retail,2022-09-26,Ahmedabad,Gujarat,West
CUST00350,Rohan Wali,Male,20,SME,2026-04-14,Bhopal,Madhya Pradesh,Central
CUST00351,Geetika Zacharia,Male,61,Education,2025-06-15,Siliguri,West Bengal,East
CUST00352,Hiral Seshadri,Male,22,Education,2023-02-17,Ludhiana,Punjab,North
CUST00353,Tamanna Manne,Male,20,Corporate,2023-11-20,Mysuru,Karnataka,South
CUST00354,Netra Kata,Female,50,Education,2026-05-08,Mysuru,Karnataka,South
CUST00355,Balhaar Suri,Female,20,Corporate,2024-11-21,Siliguri,West Bengal,East
CUST00356,Vivaan Patla,Male,59,SME,2026-05-29,Pune,Maharashtra,West
CUST00357,Tanish Badami,Female,45,Education,2024-12-27,Mumbai,Maharashtra,West
CUST00358,Charvi Sehgal,Female,29,Education,2025-03-13,Amritsar,Punjab,North
CUST00359,Kamya Mann,Female,23,Education,2025-02-24,Amritsar,Punjab,North
CUST00360,Mekhala Mammen,Male,52,SME,2025-10-06,Coimbatore,Tamil Nadu,South
CUST00361,Bimala Sule,Male,38,SME,2021-08-23,Ahmedabad,Gujarat,West
CUST00362,Vrishti Mital,Female,28,Education,2025-05-03,Pune,Maharashtra,West
CUST00363,Mugdha Chauhan,Male,64,SME,2023-01-08,Surat,Gujarat,West
CUST00364,Zansi Chacko,Female,58,Retail,2023-11-23,Bhopal,Madhya Pradesh,Central
CUST00365,Bhavya Rege,Female,41,Government,2024-07-09,Madurai,Tamil Nadu,South
CUST00366,Ansh Shanker,Male,56,Education,2025-02-11,Hyderabad,Telangana,South
CUST00367,Rishi Nagi,Male,33,SME,2022-06-12,Bengaluru,Karnataka,South
CUST00368,Nikita More,Male,56,Corporate,2022-11-12,Surat,Gujarat,West
CUST00369,Dhruv Naik,Female,46,Retail,2023-09-30,Amritsar,Punjab,North
CUST00370,Gaurika Viswanathan,Female,43,SME,2022-07-31,Indore,Madhya Pradesh,Central
CUST00371,Damyanti Sahota,Male,19,Corporate,2023-04-08,Mumbai,Maharashtra,West
CUST00372,Omaja Dara,Male,34,SME,2023-06-25,Amritsar,Punjab,North
CUST00373,Daksha Barad,Female,62,Education,2021-09-28,Ludhiana,Punjab,North
CUST00374,Harita Gokhale,Male,22,Education,2022-11-21,Kochi,Kerala,South
CUST00375,Kamala Kanda,Female,23,SME,2023-08-19,Karimnagar,Telangana,South
CUST00376,Maya Bhatti,Male,53,Government,2022-02-06,Vadodara,Gujarat,West
CUST00377,Gunbir Sharaf,Male,63,Corporate,2025-08-12,Pune,Maharashtra,West
CUST00378,Eshana Patla,Male,25,Corporate,2023-01-08,Vadodara,Gujarat,West
CUST00379,Lila Kapoor,Female,19,SME,2025-12-25,Hyderabad,Telangana,South
CUST00380,Vrinda Kara,Female,53,Corporate,2025-10-28,Siliguri,West Bengal,East
CUST00381,Ikshita Khare,Male,37,Education,2022-01-31,Indore,Madhya Pradesh,Central
CUST00382,Bhavya Ratta,Female,54,Retail,2022-12-15,Amritsar,Punjab,North
CUST00383,Warjas Lal,Male,46,Education,2024-12-22,Warangal,Telangana,South
CUST00384,Bhavini Borde,Male,53,Government,2024-02-29,Siliguri,West Bengal,East
CUST00385,Vincent Sinha,Female,50,Retail,2026-04-15,Hyderabad,Telangana,South
CUST00386,Ishita Handa,Male,37,Corporate,2023-02-03,Madurai,Tamil Nadu,South
CUST00387,Harita Dar,Male,40,Government,2023-09-26,Warangal,Telangana,South
CUST00388,Ayush Mander,Female,30,Government,2025-12-27,Mumbai,Maharashtra,West
CUST00389,Gagan Chauhan,Female,57,Government,2024-02-07,Mumbai,Maharashtra,West
CUST00390,Sachi Kar,Male,55,Government,2022-01-25,Madurai,Tamil Nadu,South
CUST00391,Benjamin Nori,Female,54,Retail,2022-05-30,Hyderabad,Telangana,South
CUST00392,Mitali Mody,Male,59,Government,2022-10-22,Bengaluru,Karnataka,South
CUST00393,Chaitaly Gill,Male,54,Education,2025-09-15,Nagpur,Maharashtra,West
CUST00394,Gaurika Om,Female,58,Government,2026-03-19,Indore,Madhya Pradesh,Central
CUST00395,Umang Oommen,Female,48,Corporate,2021-11-28,Nagpur,Maharashtra,West
CUST00396,Osha Vyas,Female,22,Retail,2021-11-12,New Delhi,Delhi,North
CUST00397,Neelima Raja,Female,48,Education,2024-01-09,Warangal,Telangana,South
CUST00398,Niharika Sagar,Male,38,SME,2024-04-21,Thiruvananthapuram,Kerala,South
CUST00399,Zashil Madan,Male,41,Government,2022-07-15,Surat,Gujarat,West
CUST00400,Ojasvi Sangha,Female,33,Education,2022-01-20,Kolkata,West Bengal,East
CUST00401,Jonathan Sem,Female,33,Corporate,2024-05-22,Coimbatore,Tamil Nadu,South
CUST00402,Manya Narain,Female,42,Government,2022-05-10,Chennai,Tamil Nadu,South
CUST00403,Harinakshi Chauhan,Male,38,Government,2023-12-15,New Delhi,Delhi,North
CUST00404,Lipika Bhattacharyya,Male,49,Government,2023-09-20,Ahmedabad,Gujarat,West
CUST00405,Harita Bhalla,Female,49,Retail,2025-06-09,Amritsar,Punjab,North
CUST00406,Orinder Bhatia,Female,33,Corporate,2026-04-18,Coimbatore,Tamil Nadu,South
CUST00407,Ekbal Chaudhry,Male,21,SME,2021-12-27,Bhopal,Madhya Pradesh,Central
CUST00408,Jason Bhasin,Female,52,Retail,2022-02-26,Amritsar,Punjab,North
CUST00409,Vedant Kashyap,Male,34,SME,2024-03-10,Coimbatore,Tamil Nadu,South
CUST00410,Rayaan Sheth,Male,43,Retail,2024-03-26,New Delhi,Delhi,North
CUST00411,Fariq Dugal,Female,53,SME,2022-10-08,Indore,Madhya Pradesh,Central
CUST00412,Raghav Sandhu,Female,53,SME,2021-12-23,Coimbatore,Tamil Nadu,South
CUST00413,Anvi Soman,Male,24,Education,2024-05-28,Indore,Madhya Pradesh,Central
CUST00414,Forum Badami,Female,27,Corporate,2021-07-11,Surat,Gujarat,West
CUST00415,Advaith Tella,Male,20,Retail,2024-08-22,Bhopal,Madhya Pradesh,Central
CUST00416,Harini Mistry,Female,48,Government,2023-01-13,Karimnagar,Telangana,South
CUST00417,Netra Narang,Male,38,Government,2023-08-29,Ludhiana,Punjab,North
CUST00418,Ansh Pandya,Female,57,SME,2021-12-09,Ahmedabad,Gujarat,West
CUST00419,Widisha Kota,Female,63,Government,2022-12-04,Bhopal,Madhya Pradesh,Central
CUST00420,Nihal Pradhan,Male,41,SME,2021-11-20,Pune,Maharashtra,West
CUST00421,Bhavya Goyal,Female,64,Retail,2025-12-24,Coimbatore,Tamil Nadu,South
CUST00422,Mason Tripathi,Female,59,Government,2023-04-17,Bhopal,Madhya Pradesh,Central
CUST00423,Henry Pant,Male,55,Education,2024-06-17,Indore,Madhya Pradesh,Central
CUST00424,Maanav Chaudhry,Female,27,Corporate,2025-03-15,Karimnagar,Telangana,South
CUST00425,Xalak Natt,Male,30,Retail,2025-03-29,Mangaluru,Karnataka,South
CUST00426,Qadim Mody,Female,27,Education,2024-05-07,Amritsar,Punjab,North
CUST00427,Kiaan Natt,Female,65,Retail,2021-11-08,Thiruvananthapuram,Kerala,South
CUST00428,Raghav Verma,Male,53,SME,2024-06-06,Karimnagar,Telangana,South
CUST00429,Odika Mistry,Female,29,Education,2021-11-01,Amritsar,Punjab,North
CUST00430,Mitesh Koshy,Female,61,SME,2021-09-23,Siliguri,West Bengal,East
CUST00431,William Nanda,Male,33,SME,2025-01-28,Bhopal,Madhya Pradesh,Central
CUST00432,Christopher Mitra,Male,37,SME,2021-12-14,Siliguri,West Bengal,East
CUST00433,Praneel Bobal,Female,38,Education,2025-11-29,Kozhikode,Kerala,South
CUST00434,Lajita Thaker,Female,36,Retail,2021-09-25,Vadodara,Gujarat,West
CUST00435,Gauri Palla,Female,40,Corporate,2025-03-28,Bhopal,Madhya Pradesh,Central
CUST00436,Janani Hayre,Female,63,Retail,2022-02-19,Mumbai,Maharashtra,West
CUST00437,Udarsh Minhas,Female,65,Education,2023-05-14,Surat,Gujarat,West
CUST00438,Laban Grover,Female,53,SME,2022-05-24,Kochi,Kerala,South
CUST00439,Xalak Dube,Male,33,Retail,2024-10-29,Hyderabad,Telangana,South
CUST00440,Indrajit Sachdev,Male,21,Retail,2024-09-01,Kolkata,West Bengal,East
CUST00441,Hitesh Tata,Female,24,Corporate,2025-07-06,New Delhi,Delhi,North
CUST00442,Sarthak Yohannan,Male,44,Education,2023-07-05,Mangaluru,Karnataka,South
CUST00443,Shaurya Bobal,Female,38,SME,2022-04-27,Ludhiana,Punjab,North
CUST00444,Harrison Radhakrishnan,Male,52,Retail,2026-01-02,Bengaluru,Karnataka,South
CUST00445,Theodore Rao,Male,20,Education,2025-12-26,Warangal,Telangana,South
CUST00446,Chandresh Hegde,Female,20,Retail,2022-06-19,Ludhiana,Punjab,North
CUST00447,Om Puri,Male,39,SME,2022-10-30,Nagpur,Maharashtra,West
CUST00448,Manthan Goel,Male,50,Education,2024-09-12,Amritsar,Punjab,North
CUST00449,Onkar Parikh,Male,39,Corporate,2022-11-18,Mumbai,Maharashtra,West
CUST00450,Samuel Gill,Male,18,SME,2025-04-19,Amritsar,Punjab,North
CUST00451,Krishna Gala,Male,29,Government,2023-03-12,Nagpur,Maharashtra,West
CUST00452,Upasna Rout,Female,23,Education,2024-09-11,New Delhi,Delhi,North
CUST00453,Ikshita Mani,Male,48,SME,2024-12-16,Chennai,Tamil Nadu,South
CUST00454,Isaiah Gill,Female,42,Corporate,2022-11-21,Kochi,Kerala,South
CUST00455,Yochana Lall,Female,37,Government,2025-12-24,Amritsar,Punjab,North
CUST00456,Maanav Mandal,Female,59,SME,2024-04-17,Indore,Madhya Pradesh,Central
CUST00457,Diya Bhat,Male,47,SME,2023-10-24,Kochi,Kerala,South
CUST00458,Tara Gupta,Female,62,Retail,2022-11-21,Warangal,Telangana,South
CUST00459,Gagan Walia,Male,32,Corporate,2025-09-14,Pune,Maharashtra,West
CUST00460,Harini Sarraf,Female,65,Government,2026-05-30,Ludhiana,Punjab,North
CUST00461,Qushi Keer,Female,52,Corporate,2025-07-25,Surat,Gujarat,West
CUST00462,Vrishti Morar,Male,51,Education,2024-07-19,Kozhikode,Kerala,South
CUST00463,Michael Mani,Male,54,Retail,2023-06-02,Siliguri,West Bengal,East
CUST00464,Ayushman Viswanathan,Male,54,Government,2022-01-07,Mangaluru,Karnataka,South
CUST00465,Daniel Krishna,Female,51,Education,2024-05-17,Hyderabad,Telangana,South
CUST00466,Sachi Sekhon,Male,63,Government,2025-11-05,Madurai,Tamil Nadu,South
CUST00467,Anita Swamy,Female,21,Education,2024-04-19,Ludhiana,Punjab,North
CUST00468,Naveen Khalsa,Female,47,Government,2025-02-17,Karimnagar,Telangana,South
CUST00469,Upkaar Sheth,Female,61,SME,2022-09-27,Mangaluru,Karnataka,South
CUST00470,Bishakha Pai,Female,18,Corporate,2023-09-26,Mysuru,Karnataka,South
CUST00471,Bachittar Vora,Male,45,SME,2022-07-01,Indore,Madhya Pradesh,Central
CUST00472,Harsh Gulati,Male,22,Education,2026-03-11,Madurai,Tamil Nadu,South
CUST00473,Abhiram Sur,Female,29,Corporate,2022-05-27,Mysuru,Karnataka,South
CUST00474,Edhitha Palla,Female,46,Education,2022-09-03,New Delhi,Delhi,North
CUST00475,Keya Ganesan,Male,59,SME,2024-08-18,New Delhi,Delhi,North
CUST00476,Bahadurjit Yogi,Female,51,Corporate,2022-09-22,Chennai,Tamil Nadu,South
CUST00477,Harsh Deep,Male,37,Education,2024-11-08,Kochi,Kerala,South
CUST00478,Harshil Chopra,Female,32,Corporate,2025-01-13,Siliguri,West Bengal,East
CUST00479,Wriddhish Srinivas,Male,35,Corporate,2025-12-30,Amritsar,Punjab,North
CUST00480,Timothy Lal,Female,57,Retail,2022-04-22,Chennai,Tamil Nadu,South
CUST00481,Aryan Mandal,Male,24,Government,2022-11-02,Kochi,Kerala,South
CUST00482,Kala Deo,Male,33,Retail,2022-06-20,Mysuru,Karnataka,South
CUST00483,Bishakha Cherian,Male,52,Corporate,2022-04-08,New Delhi,Delhi,North
CUST00484,Baghyawati Nayar,Female,32,Government,2023-05-05,Bengaluru,Karnataka,South
CUST00485,Vinaya Dayal,Female,33,SME,2022-09-03,Vadodara,Gujarat,West
CUST00486,Samaksh Kara,Male,44,SME,2023-03-26,Karimnagar,Telangana,South
CUST00487,Janya Vig,Male,58,Education,2021-12-13,Mumbai,Maharashtra,West
CUST00488,Unnati Parekh,Male,40,Education,2022-12-02,Siliguri,West Bengal,East
CUST00489,Yashawini Jain,Female,44,Corporate,2025-07-17,Siliguri,West Bengal,East
CUST00490,Lipika Bava,Male,52,Education,2024-11-02,Pune,Maharashtra,West
CUST00491,Vedhika Lalla,Female,63,Corporate,2023-03-13,Kochi,Kerala,South
CUST00492,Balveer Raman,Female,44,Government,2023-09-17,Ludhiana,Punjab,North
CUST00493,Manbir Ahuja,Female,33,SME,2024-05-22,Kolkata,West Bengal,East
CUST00494,Elijah Wagle,Male,46,SME,2024-03-03,Thiruvananthapuram,Kerala,South
CUST00495,Owen Mann,Male,21,SME,2021-12-04,Madurai,Tamil Nadu,South
CUST00496,Manya Dyal,Male,30,Government,2024-05-31,New Delhi,Delhi,North
CUST00497,Tarak Thaker,Female,31,SME,2021-09-07,Kolkata,West Bengal,East
CUST00498,Ikbal Agate,Male,30,Retail,2024-07-26,Mumbai,Maharashtra,West
CUST00499,Jonathan Gandhi,Male,43,Corporate,2023-01-17,Ludhiana,Punjab,North
CUST00500,Madhavi Kurian,Female,42,Education,2026-06-07,Siliguri,West Bengal,East
CUST00501,Fitan Sarkar,Female,34,SME,2024-10-30,Siliguri,West Bengal,East
CUST00502,Saksham Nori,Female,24,Education,2021-09-02,Siliguri,West Bengal,East
CUST00503,Arin Oza,Female,38,Education,2024-07-19,Ahmedabad,Gujarat,West
CUST00504,Indali Mitra,Male,65,Corporate,2024-08-27,Mangaluru,Karnataka,South
CUST00505,Ria Bajaj,Female,36,Corporate,2023-05-18,Mysuru,Karnataka,South
CUST00506,Nidhi Jhaveri,Male,42,Government,2022-09-17,Thiruvananthapuram,Kerala,South
CUST00507,Frederick Lata,Female,34,Education,2023-06-03,Thiruvananthapuram,Kerala,South
CUST00508,Anay Oommen,Male,64,SME,2023-08-15,Amritsar,Punjab,North
CUST00509,Atharv Loke,Female,29,Government,2024-11-26,Hyderabad,Telangana,South
CUST00510,Shaurya Kapur,Male,22,Retail,2025-08-02,Mangaluru,Karnataka,South
CUST00511,Eta Varma,Male,58,Corporate,2024-05-09,Mysuru,Karnataka,South
CUST00512,Yatan Misra,Male,18,Corporate,2024-10-18,Madurai,Tamil Nadu,South
CUST00513,Nidhi Guha,Female,21,Government,2021-08-19,Siliguri,West Bengal,East
CUST00514,Rachana Wali,Female,19,Retail,2024-07-09,Bhopal,Madhya Pradesh,Central
CUST00515,Vrinda Badami,Male,19,Government,2023-12-29,Siliguri,West Bengal,East
CUST00516,Aradhana Majumdar,Female,19,Government,2024-06-17,Nagpur,Maharashtra,West
CUST00517,Nachiket Yohannan,Male,24,Government,2022-02-20,New Delhi,Delhi,North
CUST00518,Ekani Mander,Male,57,Government,2025-09-09,Hyderabad,Telangana,South
CUST00519,Yutika Shukla,Female,43,Retail,2023-11-15,Pune,Maharashtra,West
CUST00520,Sara Yadav,Female,54,Corporate,2025-12-01,Surat,Gujarat,West
CUST00521,Zayan Chad,Male,59,Retail,2021-07-08,Thiruvananthapuram,Kerala,South
CUST00522,Vidhi Chopra,Female,42,Government,2024-06-06,Coimbatore,Tamil Nadu,South
CUST00523,Ranveer Babu,Male,62,Corporate,2022-12-03,Ludhiana,Punjab,North
CUST00524,Sachi Sem,Female,59,SME,2022-07-19,Coimbatore,Tamil Nadu,South
CUST00525,Hritik Saran,Male,32,Corporate,2023-06-15,Indore,Madhya Pradesh,Central
CUST00526,Darpan Contractor,Female,20,Retail,2023-01-01,Bhopal,Madhya Pradesh,Central
CUST00527,Anvi Kamdar,Male,29,SME,2025-11-09,Nagpur,Maharashtra,West
CUST00528,Madhav Venkatesh,Male,63,Education,2022-11-09,Bengaluru,Karnataka,South
CUST00529,Ansh Kaur,Male,54,Corporate,2026-03-20,Coimbatore,Tamil Nadu,South
CUST00530,Adya Nadig,Female,42,Corporate,2021-10-10,Bhopal,Madhya Pradesh,Central
CUST00531,Nimrat Deo,Female,21,Retail,2025-09-15,Madurai,Tamil Nadu,South
CUST00532,Anirudh Kashyap,Male,39,Government,2022-08-26,New Delhi,Delhi,North
CUST00533,Brijesh Kohli,Female,19,SME,2024-06-14,Bhopal,Madhya Pradesh,Central
CUST00534,Gabriel Varma,Male,40,Government,2023-09-04,Amritsar,Punjab,North
CUST00535,Frado Parikh,Male,61,Government,2022-03-30,New Delhi,Delhi,North
CUST00536,Qadim Roy,Female,33,Retail,2023-01-07,New Delhi,Delhi,North
CUST00537,Aadi Butala,Male,42,Corporate,2025-04-20,Coimbatore,Tamil Nadu,South
CUST00538,Mason Singh,Female,24,Retail,2023-11-05,New Delhi,Delhi,North
CUST00539,Geetika Yogi,Female,41,SME,2023-10-26,Mysuru,Karnataka,South
CUST00540,Ronith Narain,Male,29,Education,2024-04-22,Chennai,Tamil Nadu,South
CUST00541,Eta Bal,Male,19,Retail,2026-05-03,Amritsar,Punjab,North
CUST00542,Ranveer Baria,Male,56,Government,2022-01-13,Vadodara,Gujarat,West
CUST00543,Yamini Kunda,Male,36,Education,2021-12-21,Surat,Gujarat,West
CUST00544,Rajata Brahmbhatt,Male,54,Government,2022-05-03,New Delhi,Delhi,North
CUST00545,Fariq Uppal,Female,28,Corporate,2023-07-15,Karimnagar,Telangana,South
CUST00546,Pranav Narain,Female,49,Corporate,2023-08-27,Pune,Maharashtra,West
CUST00547,Indrajit Seth,Female,35,Education,2022-01-05,Chennai,Tamil Nadu,South
CUST00548,Harsh Vohra,Male,41,SME,2022-04-11,Pune,Maharashtra,West
CUST00549,Anay Ramachandran,Female,56,Government,2022-01-18,Kozhikode,Kerala,South
CUST00550,Tripti Parikh,Male,26,SME,2024-08-13,Thiruvananthapuram,Kerala,South
CUST00551,Tripti Krishnamurthy,Female,57,Education,2021-11-04,Mysuru,Karnataka,South
CUST00552,Chaman Chakraborty,Female,45,Government,2026-01-21,Surat,Gujarat,West
CUST00553,Rehaan Murthy,Female,56,Corporate,2022-12-24,Warangal,Telangana,South
CUST00554,Tarak Bhardwaj,Male,43,SME,2026-04-14,Amritsar,Punjab,North
CUST00555,Lopa Sarna,Female,54,Corporate,2024-10-01,Nagpur,Maharashtra,West
CUST00556,Om Palla,Female,43,SME,2021-12-05,Surat,Gujarat,West
CUST00557,Aradhana Patel,Male,55,Government,2026-02-21,Madurai,Tamil Nadu,South
CUST00558,Praneel Din,Male,64,Education,2023-08-04,Karimnagar,Telangana,South
CUST00559,Manbir Maharaj,Female,62,Retail,2021-11-17,Thiruvananthapuram,Kerala,South
CUST00560,Ladli Master,Male,58,SME,2026-03-22,New Delhi,Delhi,North
CUST00561,Arya Bir,Male,63,Education,2024-01-05,Thiruvananthapuram,Kerala,South
CUST00562,Balendra Dugar,Female,56,Education,2022-11-15,New Delhi,Delhi,North
CUST00563,Unni Sawhney,Female,52,Retail,2023-03-07,Bhopal,Madhya Pradesh,Central
CUST00564,Oscar Sheth,Male,24,Corporate,2025-01-07,Vadodara,Gujarat,West
CUST00565,Qasim Jaggi,Male,54,Education,2026-04-06,Ahmedabad,Gujarat,West
CUST00566,Triya Kara,Male,18,Retail,2021-11-16,Surat,Gujarat,West
CUST00567,Krishna Das,Male,46,SME,2021-11-13,Mumbai,Maharashtra,West
CUST00568,Zilmil Dugar,Male,40,Retail,2023-11-23,New Delhi,Delhi,North
CUST00569,Oviya Tara,Female,44,Retail,2024-05-20,Ludhiana,Punjab,North
CUST00570,Vritti Venkataraman,Male,40,SME,2024-02-27,Madurai,Tamil Nadu,South
CUST00571,Keya Sehgal,Male,51,Education,2023-04-07,Surat,Gujarat,West
CUST00572,Matthew Chaudhry,Male,46,Education,2024-07-17,Surat,Gujarat,West
CUST00573,Anita Dass,Female,20,Retail,2023-11-02,Ahmedabad,Gujarat,West
CUST00574,Zaitra Babu,Male,61,Corporate,2023-12-29,Mysuru,Karnataka,South
CUST00575,Yashawini Kanda,Male,53,Corporate,2026-04-20,Kozhikode,Kerala,South
CUST00576,Leena Kadakia,Female,47,Corporate,2021-12-29,Vadodara,Gujarat,West
CUST00577,Avi Gara,Male,58,Education,2024-04-08,New Delhi,Delhi,North
CUST00578,Rushil Sekhon,Male,46,Government,2025-03-12,New Delhi,Delhi,North
CUST00579,Abeer Narayan,Male,63,Corporate,2025-08-23,New Delhi,Delhi,North
CUST00580,Sanya Sane,Male,54,Retail,2025-09-23,Thiruvananthapuram,Kerala,South
CUST00581,Charvi Tata,Female,38,Corporate,2023-09-07,Kolkata,West Bengal,East
CUST00582,Frederick Prasad,Female,60,Education,2022-08-02,Ludhiana,Punjab,North
CUST00583,Vrinda Kulkarni,Female,57,Education,2022-01-01,Siliguri,West Bengal,East
CUST00584,Robert Sami,Female,40,Education,2023-06-28,Indore,Madhya Pradesh,Central
CUST00585,Ishwar Lad,Female,57,Government,2022-09-21,Indore,Madhya Pradesh,Central
CUST00586,Azaan Pai,Male,38,Retail,2022-03-31,Madurai,Tamil Nadu,South
CUST00587,Yasti Shankar,Male,29,SME,2024-08-01,Thiruvananthapuram,Kerala,South
CUST00588,Xalak Ranganathan,Female,44,Government,2021-11-14,Karimnagar,Telangana,South
CUST00589,Nirja Chadha,Female,45,Corporate,2026-06-23,Karimnagar,Telangana,South
CUST00590,Gautam Mammen,Male,49,SME,2024-08-07,Ludhiana,Punjab,North
CUST00591,Oliver Grover,Female,46,Government,2022-05-22,Hyderabad,Telangana,South
CUST00592,Jacob Sha,Male,49,Corporate,2025-06-22,Mysuru,Karnataka,South
CUST00593,Jhalak Palla,Female,44,Education,2026-04-28,Thiruvananthapuram,Kerala,South
CUST00594,Netra Thaker,Female,28,Retail,2022-05-14,New Delhi,Delhi,North
CUST00595,Anamika Mangal,Male,36,Retail,2021-07-27,Indore,Madhya Pradesh,Central
CUST00596,Warinder Kannan,Female,28,Education,2025-01-17,Mumbai,Maharashtra,West
CUST00597,Om Kurian,Male,54,Retail,2024-11-25,Bhopal,Madhya Pradesh,Central
CUST00598,Ladli Karnik,Female,52,Retail,2024-03-09,Nagpur,Maharashtra,West
CUST00599,Thomas Goyal,Female,24,Corporate,2025-12-18,Ludhiana,Punjab,North
CUST00600,Ishwar Buch,Female,34,SME,2022-07-28,Mumbai,Maharashtra,West
CUST00601,Aarav Dugal,Male,33,Corporate,2025-01-21,Coimbatore,Tamil Nadu,South
CUST00602,Aarnav Ganguly,Female,28,Government,2022-01-10,Bhopal,Madhya Pradesh,Central
CUST00603,Jairaj Bhandari,Male,21,Government,2024-07-14,Hyderabad,Telangana,South
CUST00604,Aryan Chander,Female,56,Government,2024-07-07,Vadodara,Gujarat,West
CUST00605,Amol Agrawal,Female,36,Government,2021-07-15,Warangal,Telangana,South
CUST00606,Aryan Ghose,Male,26,Education,2022-05-22,Nagpur,Maharashtra,West
CUST00607,Ryan Rana,Male,62,Corporate,2025-01-20,Mysuru,Karnataka,South
CUST00608,Tanay Gala,Female,33,Education,2024-06-16,Kochi,Kerala,South
CUST00609,Vivaan Varughese,Female,58,Education,2022-09-08,Ludhiana,Punjab,North
CUST00610,Ishanvi Chand,Male,58,Retail,2025-04-10,New Delhi,Delhi,North
CUST00611,Darpan Sankaran,Female,47,Education,2022-02-27,New Delhi,Delhi,North
CUST00612,Chandresh Dube,Male,64,Retail,2021-12-31,Vadodara,Gujarat,West
CUST00613,Hritik Karan,Male,52,Education,2024-10-28,Amritsar,Punjab,North
CUST00614,Nachiket Ganesh,Male,49,SME,2022-03-21,Thiruvananthapuram,Kerala,South
CUST00615,Harinakshi Balakrishnan,Female,53,Government,2022-07-30,Surat,Gujarat,West
CUST00616,Ansh Varty,Female,39,Retail,2024-08-08,Karimnagar,Telangana,South
CUST00617,Om Chad,Female,19,Retail,2025-08-19,Bengaluru,Karnataka,South
CUST00618,Pratyush Ghosh,Female,18,Education,2022-09-30,Warangal,Telangana,South
CUST00619,David Prabhu,Male,59,SME,2024-09-10,Kozhikode,Kerala,South
CUST00620,Panini Barad,Male,59,SME,2025-04-21,Warangal,Telangana,South
CUST00621,Lakshit Malhotra,Female,60,Corporate,2024-08-29,Mumbai,Maharashtra,West
CUST00622,Januja Dutt,Female,64,Corporate,2024-02-21,Mysuru,Karnataka,South
CUST00623,Anita Sundaram,Male,18,Corporate,2022-11-10,New Delhi,Delhi,North
CUST00624,Parth Apte,Male,55,Corporate,2023-11-12,Ludhiana,Punjab,North
CUST00625,Bahadurjit Bera,Male,18,SME,2026-06-02,Siliguri,West Bengal,East
CUST00626,Priya Bawa,Male,48,Retail,2024-02-16,Coimbatore,Tamil Nadu,South
CUST00627,Yahvi Das,Male,64,Retail,2026-02-25,Thiruvananthapuram,Kerala,South
CUST00628,Yadavi Parikh,Female,37,Corporate,2022-07-01,Coimbatore,Tamil Nadu,South
CUST00629,Saumya Chana,Male,22,Government,2024-02-09,New Delhi,Delhi,North
CUST00630,Diya Ratta,Male,46,SME,2025-09-27,Indore,Madhya Pradesh,Central
CUST00631,Atharv Rana,Male,44,Government,2025-09-25,Kozhikode,Kerala,South
CUST00632,Chanakya Venkatesh,Male,24,Corporate,2026-05-16,Ludhiana,Punjab,North
CUST00633,Ojasvi Choudhary,Female,40,Education,2021-09-23,Madurai,Tamil Nadu,South
CUST00634,Gautami Amble,Male,35,Retail,2022-07-20,Ahmedabad,Gujarat,West
CUST00635,Balveer Kashyap,Female,62,Retail,2025-08-07,Kozhikode,Kerala,South
CUST00636,Bhavna Shroff,Male,65,Education,2025-10-21,Mumbai,Maharashtra,West
CUST00637,Aarini Modi,Male,33,Education,2025-11-16,Nagpur,Maharashtra,West
CUST00638,Harini Walla,Male,49,Government,2026-01-01,New Delhi,Delhi,North
CUST00639,Yashica Khatri,Male,41,SME,2026-05-14,Madurai,Tamil Nadu,South
CUST00640,Harish Rout,Female,41,Government,2024-10-25,Warangal,Telangana,South
CUST00641,Thomas Bajwa,Male,19,Government,2026-06-04,Warangal,Telangana,South
CUST00642,Gagan Chanda,Female,31,Retail,2026-02-22,Chennai,Tamil Nadu,South
CUST00643,Nidhi Parmar,Female,58,Government,2023-05-01,Mysuru,Karnataka,South
CUST00644,Varsha Dave,Female,23,Government,2023-07-28,New Delhi,Delhi,North
CUST00645,Chanakya Bail,Female,23,SME,2024-04-27,Kolkata,West Bengal,East
CUST00646,Deepa Padmanabhan,Male,27,Government,2025-04-12,Madurai,Tamil Nadu,South
CUST00647,Hiral Kulkarni,Male,37,Education,2026-05-22,Surat,Gujarat,West
CUST00648,Vinaya Soman,Male,23,Education,2023-11-11,Kochi,Kerala,South
CUST00649,Anika Loyal,Male,37,Corporate,2025-10-12,Coimbatore,Tamil Nadu,South
CUST00650,Zashil Menon,Male,62,Retail,2023-02-24,Chennai,Tamil Nadu,South
CUST00651,Osha Dyal,Female,51,Government,2023-02-25,Warangal,Telangana,South
CUST00652,Veer Konda,Female,26,SME,2023-05-04,Mumbai,Maharashtra,West
CUST00653,Krishna Bava,Female,45,SME,2023-02-05,Chennai,Tamil Nadu,South
CUST00654,Champak Vasa,Female,63,Government,2024-06-03,Kolkata,West Bengal,East
CUST00655,Anusha Suri,Female,50,SME,2021-09-14,Coimbatore,Tamil Nadu,South
CUST00656,Ira Nagar,Male,41,Corporate,2021-09-09,Mysuru,Karnataka,South
CUST00657,Riya Gala,Male,32,Government,2022-12-28,Mumbai,Maharashtra,West
CUST00658,Kritika Vora,Male,33,Retail,2026-05-06,Bengaluru,Karnataka,South
CUST00659,Simon Sahota,Female,27,Corporate,2024-11-26,Amritsar,Punjab,North
CUST00660,Naveen Suresh,Female,32,SME,2022-03-28,Mangaluru,Karnataka,South
CUST00661,Vyanjana Dua,Female,35,Retail,2025-05-12,Thiruvananthapuram,Kerala,South
CUST00662,Wridesh Choudhary,Male,50,Retail,2023-06-28,Bhopal,Madhya Pradesh,Central
CUST00663,Manbir Dugar,Male,43,Retail,2021-08-05,Hyderabad,Telangana,South
CUST00664,Abha Loyal,Female,38,Retail,2026-04-09,Amritsar,Punjab,North
CUST00665,Manbir Viswanathan,Male,41,Corporate,2022-09-22,Siliguri,West Bengal,East
CUST00666,Falan Sani,Female,65,Government,2024-06-30,Nagpur,Maharashtra,West
CUST00667,Shivani Kulkarni,Female,55,Education,2025-09-10,Thiruvananthapuram,Kerala,South
CUST00668,Anirudh Chadha,Male,27,Retail,2024-03-06,Kozhikode,Kerala,South
CUST00669,Ucchal Vasa,Male,52,SME,2026-01-18,New Delhi,Delhi,North
CUST00670,Adweta Bobal,Male,60,Education,2026-03-31,Mysuru,Karnataka,South
CUST00671,Mekhala Bhargava,Male,51,Corporate,2025-04-01,Mumbai,Maharashtra,West
CUST00672,Quincy Varty,Male,27,SME,2025-11-28,New Delhi,Delhi,North
CUST00673,Anjali Sandhu,Male,51,Education,2025-07-24,Chennai,Tamil Nadu,South
CUST00674,Harinakshi Gupta,Male,55,Retail,2022-07-29,Surat,Gujarat,West
CUST00675,Chandani Saran,Female,22,Government,2021-07-15,Kolkata,West Bengal,East
CUST00676,Udant Luthra,Female,60,Corporate,2026-03-06,Indore,Madhya Pradesh,Central
CUST00677,Rajeshri Palan,Female,38,Education,2022-07-29,Thiruvananthapuram,Kerala,South
CUST00678,Vyanjana Walla,Female,35,Corporate,2023-09-03,Surat,Gujarat,West
CUST00679,Yauvani Handa,Male,55,Retail,2024-04-16,Chennai,Tamil Nadu,South
CUST00680,Nitara Sastry,Male,46,Education,2022-07-29,Hyderabad,Telangana,South
CUST00681,Oeshi Babu,Male,52,SME,2023-11-02,Surat,Gujarat,West
CUST00682,Avni Karpe,Female,47,SME,2023-10-13,Thiruvananthapuram,Kerala,South
CUST00683,Tanvi Basak,Male,61,SME,2021-07-12,Chennai,Tamil Nadu,South
CUST00684,Teerth Bhatia,Male,38,Corporate,2023-10-15,Indore,Madhya Pradesh,Central
CUST00685,Zinal Narang,Male,40,Education,2021-07-05,Madurai,Tamil Nadu,South
CUST00686,Xiti Kar,Female,34,Corporate,2021-07-30,Kolkata,West Bengal,East
CUST00687,Xavier Chatterjee,Female,53,Government,2022-11-13,Mysuru,Karnataka,South
CUST00688,Yasti Sarin,Female,24,Corporate,2024-10-21,Kochi,Kerala,South
CUST00689,Aarini Badami,Male,32,Corporate,2021-12-16,Chennai,Tamil Nadu,South
CUST00690,Sai Dara,Female,61,Retail,2025-02-19,Thiruvananthapuram,Kerala,South
CUST00691,Edhitha Dara,Male,19,Retail,2024-11-14,Bhopal,Madhya Pradesh,Central
CUST00692,Samarth Chaudry,Female,26,Retail,2021-10-02,Kozhikode,Kerala,South
CUST00693,Imaran Krishna,Male,47,Retail,2021-11-05,Ahmedabad,Gujarat,West
CUST00694,Baghyawati Khurana,Female,64,Education,2025-08-19,Karimnagar,Telangana,South
CUST00695,Gauri Mannan,Female,61,Education,2022-08-04,Ludhiana,Punjab,North
CUST00696,Inaya Comar,Male,29,SME,2024-09-18,Warangal,Telangana,South
CUST00697,Shivansh Shukla,Male,20,Government,2026-03-04,Pune,Maharashtra,West
CUST00698,Kalpit Basu,Female,49,Education,2021-07-05,Indore,Madhya Pradesh,Central
CUST00699,Warinder Kulkarni,Male,23,SME,2023-12-12,Siliguri,West Bengal,East
CUST00700,Ekantika Ramakrishnan,Female,30,Government,2025-08-10,New Delhi,Delhi,North
CUST00701,Yatan Vora,Male,42,SME,2023-01-08,Kozhikode,Kerala,South
CUST00702,Avni Sami,Female,54,Government,2025-09-11,Amritsar,Punjab,North
CUST00703,Geetika Tiwari,Female,29,Retail,2022-02-20,Surat,Gujarat,West
CUST00704,Garima Verma,Male,19,SME,2021-07-19,Vadodara,Gujarat,West
CUST00705,Farhan Nori,Female,55,Corporate,2026-05-29,Mysuru,Karnataka,South
CUST00706,Siya Mani,Male,60,Corporate,2024-09-25,Hyderabad,Telangana,South
CUST00707,Victor Kamdar,Male,32,Government,2022-11-11,Nagpur,Maharashtra,West
CUST00708,Ayush Morar,Male,29,Corporate,2025-12-23,New Delhi,Delhi,North
CUST00709,Lavanya Sharma,Female,55,Retail,2024-04-12,Bhopal,Madhya Pradesh,Central
CUST00710,Utkarsh Nanda,Male,54,Corporate,2024-12-04,Vadodara,Gujarat,West
CUST00711,Laksh Panchal,Male,49,Retail,2022-02-05,Amritsar,Punjab,North
CUST00712,Anay Merchant,Male,56,Corporate,2025-09-21,Chennai,Tamil Nadu,South
CUST00713,Manthan Borah,Female,18,SME,2023-06-12,Mangaluru,Karnataka,South
CUST00714,Chandran Bir,Male,39,Corporate,2026-03-20,Indore,Madhya Pradesh,Central
CUST00715,Nathan Iyengar,Male,27,Government,2025-06-04,Ahmedabad,Gujarat,West
CUST00716,Vasudha Shanker,Female,22,SME,2025-11-05,Hyderabad,Telangana,South
CUST00717,Chatura Nagarajan,Female,37,SME,2023-02-10,New Delhi,Delhi,North
CUST00718,Ira Kulkarni,Female,58,Education,2021-10-27,Hyderabad,Telangana,South
CUST00719,Lavanya Bhattacharyya,Female,32,Government,2022-12-04,Ahmedabad,Gujarat,West
CUST00720,Pallavi More,Female,64,SME,2022-01-01,Warangal,Telangana,South
CUST00721,Krishna Deo,Male,62,Government,2022-04-15,Hyderabad,Telangana,South
CUST00722,Vedika Sarraf,Male,56,SME,2023-03-28,New Delhi,Delhi,North
CUST00723,Hemani Gandhi,Male,49,Corporate,2023-11-18,Indore,Madhya Pradesh,Central
CUST00724,Aadhya Ratta,Male,33,SME,2022-02-08,Vadodara,Gujarat,West
CUST00725,Geetika Bandi,Male,63,SME,2023-06-11,Ahmedabad,Gujarat,West
CUST00726,Robert Apte,Female,31,Corporate,2024-02-11,Ludhiana,Punjab,North
CUST00727,Pavani Pradhan,Female,24,Retail,2023-09-21,Coimbatore,Tamil Nadu,South
CUST00728,Mugdha Brar,Female,64,Education,2023-07-05,Mysuru,Karnataka,South
CUST00729,Ati Sagar,Female,42,SME,2026-01-12,Warangal,Telangana,South
CUST00730,Aahana Rattan,Male,48,Government,2023-04-13,Siliguri,West Bengal,East
CUST00731,Guneet Nagar,Female,22,Retail,2025-08-28,Kochi,Kerala,South
CUST00732,Siya Gole,Female,34,Retail,2021-08-30,Mumbai,Maharashtra,West
CUST00733,Radha Desai,Male,42,Corporate,2026-05-24,Coimbatore,Tamil Nadu,South
CUST00734,Aarini Chopra,Male,39,Government,2025-01-08,Madurai,Tamil Nadu,South
CUST00735,Saksham Bera,Male,45,Corporate,2024-09-21,Bhopal,Madhya Pradesh,Central
CUST00736,Raksha Choudhury,Male,21,Retail,2023-11-28,Bhopal,Madhya Pradesh,Central
CUST00737,Qadim Patla,Male,44,Government,2022-03-19,Ahmedabad,Gujarat,West
CUST00738,Nisha Nayar,Female,37,Corporate,2021-09-03,Siliguri,West Bengal,East
CUST00739,Amrita Bhavsar,Female,54,Government,2026-06-07,Chennai,Tamil Nadu,South
CUST00740,Lajita Dhawan,Male,41,Retail,2025-05-20,Ludhiana,Punjab,North
CUST00741,Lopa Karpe,Female,60,Government,2021-08-29,New Delhi,Delhi,North
CUST00742,Lavanya Shenoy,Male,19,Corporate,2021-12-17,Ludhiana,Punjab,North
CUST00743,Avni Hegde,Female,23,Education,2022-07-26,Karimnagar,Telangana,South
CUST00744,Janani Rajagopalan,Female,48,Education,2025-08-20,Coimbatore,Tamil Nadu,South
CUST00745,Suhani Kibe,Female,29,SME,2024-05-17,Mumbai,Maharashtra,West
CUST00746,Amol Pai,Male,46,Retail,2026-06-10,New Delhi,Delhi,North
CUST00747,Amrita Baria,Female,34,Corporate,2023-11-01,Pune,Maharashtra,West
CUST00748,Dayita Chaudhari,Male,27,Retail,2024-09-16,Nagpur,Maharashtra,West
CUST00749,Forum Bassi,Female,52,Education,2024-03-27,Madurai,Tamil Nadu,South
CUST00750,Praneel Muni,Male,42,Government,2023-11-09,Indore,Madhya Pradesh,Central
CUST00751,Sanaya Bhatti,Male,48,SME,2024-09-20,New Delhi,Delhi,North
CUST00752,Anvi Dhar,Male,50,Government,2025-08-16,Coimbatore,Tamil Nadu,South
CUST00753,Pranav Bains,Male,46,Corporate,2023-02-25,Kolkata,West Bengal,East
CUST00754,Rajata Nagar,Male,26,Retail,2021-09-26,Hyderabad,Telangana,South
CUST00755,Champak Badal,Female,30,Corporate,2022-04-27,New Delhi,Delhi,North
CUST00756,Upasna Bandi,Female,64,Retail,2023-12-26,Bhopal,Madhya Pradesh,Central
CUST00757,Madhavi Butala,Female,53,SME,2022-07-13,Coimbatore,Tamil Nadu,South
CUST00758,Tamanna Ray,Female,18,Government,2024-06-17,Nagpur,Maharashtra,West
CUST00759,Dalbir Pai,Male,44,Corporate,2025-04-05,Bhopal,Madhya Pradesh,Central
CUST00760,Jason Sama,Male,24,Government,2026-06-05,Karimnagar,Telangana,South
CUST00761,Vyanjana Raghavan,Female,44,SME,2022-04-01,Coimbatore,Tamil Nadu,South
CUST00762,Hemang Jhaveri,Female,20,Corporate,2024-05-16,New Delhi,Delhi,North
CUST00763,Christopher Subramanian,Male,57,Government,2022-12-18,Pune,Maharashtra,West
CUST00764,Nirja Dhaliwal,Female,39,Corporate,2022-11-27,New Delhi,Delhi,North
CUST00765,Oni Bhagat,Female,35,SME,2023-09-10,Mangaluru,Karnataka,South
CUST00766,Nidhi Kalla,Female,37,SME,2026-03-14,Mysuru,Karnataka,South
CUST00767,Anay Mitter,Male,26,SME,2023-06-03,Ludhiana,Punjab,North
CUST00768,Rudra Sarraf,Female,64,Education,2021-11-06,Amritsar,Punjab,North
CUST00769,Nakul Roy,Male,46,Corporate,2022-02-05,Indore,Madhya Pradesh,Central
CUST00770,Netra Konda,Female,21,Government,2021-07-17,New Delhi,Delhi,North
CUST00771,Daksha Hora,Female,63,Government,2022-06-29,Hyderabad,Telangana,South
CUST00772,Deepa Mukherjee,Male,29,Corporate,2024-02-11,New Delhi,Delhi,North
CUST00773,Dalaja Sankaran,Male,20,Education,2025-02-08,Kochi,Kerala,South
CUST00774,Lakshit Toor,Male,35,SME,2025-06-15,Mysuru,Karnataka,South
CUST00775,Kamala Agrawal,Male,61,Retail,2022-03-18,Amritsar,Punjab,North
CUST00776,Karan Deol,Female,56,Education,2022-09-23,Thiruvananthapuram,Kerala,South
CUST00777,Ladli Oommen,Female,40,Corporate,2024-02-04,Warangal,Telangana,South
CUST00778,Yasti Kibe,Male,36,Retail,2025-06-03,Nagpur,Maharashtra,West
CUST00779,Avi Wali,Male,54,Corporate,2023-04-11,New Delhi,Delhi,North
CUST00780,Shivansh Jaggi,Male,61,Corporate,2025-05-30,Kozhikode,Kerala,South
CUST00781,Jairaj Mohan,Female,50,Retail,2026-04-30,Nagpur,Maharashtra,West
CUST00782,Nakul Golla,Male,59,Corporate,2022-05-10,Mysuru,Karnataka,South
CUST00783,Rohan Sane,Male,34,Government,2021-09-07,Indore,Madhya Pradesh,Central
CUST00784,Adweta Iyengar,Female,45,Education,2022-01-11,Nagpur,Maharashtra,West
CUST00785,Hemal Mane,Female,31,Education,2024-03-09,Surat,Gujarat,West
CUST00786,Warinder Sehgal,Female,55,Retail,2023-01-30,Nagpur,Maharashtra,West
CUST00787,Pooja Kadakia,Female,53,Government,2024-05-27,Mangaluru,Karnataka,South
CUST00788,Kavya Merchant,Female,61,Retail,2023-06-06,Bhopal,Madhya Pradesh,Central
CUST00789,Reva Chakraborty,Female,35,SME,2025-04-10,Ludhiana,Punjab,North
CUST00790,Theodore Rattan,Female,30,Corporate,2024-08-23,Pune,Maharashtra,West
CUST00791,Ishanvi Gade,Male,56,Education,2023-03-14,Kolkata,West Bengal,East
CUST00792,Vasana Chandran,Male,64,Retail,2023-06-05,Vadodara,Gujarat,West
CUST00793,Shivani Kakar,Female,44,Education,2023-04-12,Amritsar,Punjab,North
CUST00794,Urishilla Ramachandran,Male,39,Corporate,2024-04-04,New Delhi,Delhi,North
CUST00795,Isaiah Krish,Female,50,SME,2025-07-31,Siliguri,West Bengal,East
CUST00796,Sanya Sahota,Male,36,Retail,2021-09-04,Karimnagar,Telangana,South
CUST00797,Qasim Dash,Female,64,Government,2024-04-16,Ludhiana,Punjab,North
CUST00798,Vrishti Ratti,Female,59,Retail,2026-04-06,Karimnagar,Telangana,South
CUST00799,Gopal Sekhon,Male,65,SME,2024-12-16,Thiruvananthapuram,Kerala,South
CUST00800,Aishani Rattan,Female,34,Government,2025-12-19,New Delhi,Delhi,North
CUST00801,Tamanna Chandran,Male,48,Retail,2025-09-25,Pune,Maharashtra,West
CUST00802,Dalaja Varty,Female,30,Government,2021-07-29,Indore,Madhya Pradesh,Central
CUST00803,Darpan Ranganathan,Female,51,SME,2025-03-29,Madurai,Tamil Nadu,South
CUST00804,Abdul Sandhu,Male,26,Corporate,2023-01-09,New Delhi,Delhi,North
CUST00805,Thomas Sem,Female,27,SME,2021-09-03,Surat,Gujarat,West
CUST00806,Amara Vasa,Female,39,Corporate,2022-04-13,Hyderabad,Telangana,South
CUST00807,Shivansh Mohan,Male,18,Education,2026-03-24,Vadodara,Gujarat,West
CUST00808,Netra Prasad,Male,54,Corporate,2022-09-23,Mumbai,Maharashtra,West
CUST00809,Andrew Amble,Male,57,Education,2022-06-18,Ludhiana,Punjab,North
CUST00810,Sanya Sunder,Female,48,Education,2022-11-05,New Delhi,Delhi,North
CUST00811,Daksha Raju,Male,64,SME,2023-04-30,Bengaluru,Karnataka,South
CUST00812,Dipta Bala,Male,19,Retail,2024-08-13,Mysuru,Karnataka,South
CUST00813,Chakradev Anne,Female,37,Corporate,2024-12-19,Kochi,Kerala,South
CUST00814,Dipta Prakash,Female,28,Retail,2026-06-05,Coimbatore,Tamil Nadu,South
CUST00815,Madhavi Dasgupta,Female,47,Government,2024-09-10,Mysuru,Karnataka,South
CUST00816,Maanav Kapadia,Female,61,Corporate,2022-07-24,Bhopal,Madhya Pradesh,Central
CUST00817,Darpan Sharma,Female,30,Corporate,2022-07-21,Surat,Gujarat,West
CUST00818,Yachana Bahri,Male,32,Corporate,2022-04-15,New Delhi,Delhi,North
CUST00819,Azaan Zacharia,Male,55,Government,2024-06-14,Kozhikode,Kerala,South
CUST00820,Urvashi Sampath,Female,63,Retail,2023-04-07,Hyderabad,Telangana,South
CUST00821,Ria Bose,Male,56,Retail,2021-12-13,New Delhi,Delhi,North
CUST00822,Amruta Jha,Male,21,Retail,2025-02-17,Madurai,Tamil Nadu,South
CUST00823,Vedant Cherian,Female,25,Government,2022-12-04,New Delhi,Delhi,North
CUST00824,Aarini Sathe,Male,31,Retail,2025-09-12,Pune,Maharashtra,West
CUST00825,Chakrika Chander,Male,60,Government,2023-11-19,Pune,Maharashtra,West
CUST00826,Aditya Parmer,Male,44,Retail,2023-05-04,Nagpur,Maharashtra,West
CUST00827,Ranbir Kohli,Female,25,Retail,2023-11-13,Kolkata,West Bengal,East
CUST00828,Manthan Date,Male,34,Government,2025-01-17,Ludhiana,Punjab,North
CUST00829,Pahal Singh,Female,36,Corporate,2025-06-04,Thiruvananthapuram,Kerala,South
CUST00830,Sathvik Shroff,Female,31,Education,2022-01-18,Mangaluru,Karnataka,South
CUST00831,Sara Gokhale,Male,18,Retail,2021-08-21,Ahmedabad,Gujarat,West
CUST00832,Nitesh Vohra,Female,27,Retail,2021-07-06,Madurai,Tamil Nadu,South
CUST00833,Nathaniel Wason,Male,34,Corporate,2025-07-09,Kolkata,West Bengal,East
CUST00834,Christopher Dixit,Female,47,Retail,2022-04-07,Amritsar,Punjab,North
CUST00835,Harshil Nanda,Male,36,SME,2023-11-15,Chennai,Tamil Nadu,South
CUST00836,Fariq Sane,Male,24,Retail,2022-09-16,Surat,Gujarat,West
CUST00837,Christopher Kakar,Male,39,SME,2023-01-25,Bengaluru,Karnataka,South
CUST00838,Vincent Baral,Male,41,SME,2025-06-11,Amritsar,Punjab,North
CUST00839,Shaurya Dhar,Female,43,Education,2023-02-08,Hyderabad,Telangana,South
CUST00840,Meghana Parikh,Female,44,Corporate,2021-11-27,Pune,Maharashtra,West
CUST00841,Indira Naidu,Male,28,Retail,2023-06-06,Chennai,Tamil Nadu,South
CUST00842,Veer Lata,Female,29,Government,2024-06-19,New Delhi,Delhi,North
CUST00843,Kiaan Bora,Male,61,Corporate,2021-11-23,New Delhi,Delhi,North
CUST00844,Jagat Bir,Male,44,Education,2021-07-26,Amritsar,Punjab,North
CUST00845,Nitara Kala,Female,59,SME,2026-06-13,Bengaluru,Karnataka,South
CUST00846,Kai Kar,Male,60,SME,2023-02-09,Mangaluru,Karnataka,South
CUST00847,Manan Krishnan,Female,60,Corporate,2023-02-03,Kolkata,West Bengal,East
CUST00848,Yauvani Oak,Female,27,Government,2021-12-19,Amritsar,Punjab,North
CUST00849,Anamika Bose,Male,59,Corporate,2022-03-16,Indore,Madhya Pradesh,Central
CUST00850,Devika Garde,Female,28,Retail,2024-03-18,Siliguri,West Bengal,East
CUST00851,Ekbal Chopra,Male,39,SME,2026-05-03,Amritsar,Punjab,North
CUST00852,Mohammed Lala,Male,53,Education,2024-07-03,Mangaluru,Karnataka,South
CUST00853,Upkaar Nigam,Male,47,Education,2025-04-28,New Delhi,Delhi,North
CUST00854,Gauri Raval,Male,49,Education,2025-11-10,Bhopal,Madhya Pradesh,Central
CUST00855,Indali Chada,Female,65,Retail,2025-03-29,Ahmedabad,Gujarat,West
CUST00856,Harrison Narasimhan,Female,20,Government,2023-06-21,Coimbatore,Tamil Nadu,South
CUST00857,Aadhya Yadav,Male,56,Government,2026-05-20,Kolkata,West Bengal,East
CUST00858,Sathvik Patil,Male,59,Education,2023-03-05,Nagpur,Maharashtra,West
CUST00859,Ekansh Agrawal,Male,32,Education,2024-08-08,Surat,Gujarat,West
CUST00860,Warhi Aurora,Female,63,SME,2024-03-20,Vadodara,Gujarat,West
CUST00861,Isha Pau,Male,60,Corporate,2024-07-10,Ludhiana,Punjab,North
CUST00862,Nimrat Koshy,Female,58,SME,2026-06-29,Mysuru,Karnataka,South
CUST00863,Balendra Sharaf,Male,20,Corporate,2025-05-01,Siliguri,West Bengal,East
CUST00864,Kamala Koshy,Female,24,SME,2021-11-13,Ludhiana,Punjab,North
CUST00865,Megha Das,Male,25,Education,2023-01-23,Indore,Madhya Pradesh,Central
CUST00866,Omisha Sundaram,Male,63,SME,2022-02-10,Thiruvananthapuram,Kerala,South
CUST00867,Zarna Tank,Male,58,Government,2022-03-09,Coimbatore,Tamil Nadu,South
CUST00868,Upma Mand,Female,60,Government,2024-07-29,Coimbatore,Tamil Nadu,South
CUST00869,Vinaya Mukherjee,Female,18,Government,2026-02-09,Kolkata,West Bengal,East
CUST00870,Watika Mandal,Female,55,Education,2021-11-06,Mangaluru,Karnataka,South
CUST00871,Omya Narayanan,Male,64,Corporate,2023-09-11,Kolkata,West Bengal,East
CUST00872,Diya Sarkar,Female,50,Education,2024-07-10,Coimbatore,Tamil Nadu,South
CUST00873,Advaith Varghese,Female,43,SME,2024-07-21,New Delhi,Delhi,North
CUST00874,Lopa Kapadia,Male,26,Education,2025-04-05,Pune,Maharashtra,West
CUST00875,Henry Thaman,Female,63,Government,2023-02-27,Bhopal,Madhya Pradesh,Central
CUST00876,Chandresh Mody,Male,57,SME,2024-02-16,Kochi,Kerala,South
CUST00877,Maanav Ram,Male,63,Corporate,2025-07-20,Vadodara,Gujarat,West
CUST00878,Tanvi Chaudhary,Male,40,Government,2024-06-22,Siliguri,West Bengal,East
CUST00879,Lakshmi Buch,Female,45,Retail,2023-08-08,Amritsar,Punjab,North
CUST00880,Patrick Sama,Male,42,Corporate,2025-03-21,Kolkata,West Bengal,East
CUST00881,Hemani Varty,Male,30,SME,2022-02-09,Mangaluru,Karnataka,South
CUST00882,Ria Sibal,Female,27,Retail,2021-07-13,Warangal,Telangana,South
CUST00883,Hredhaan Kakar,Male,40,Education,2021-12-01,Mumbai,Maharashtra,West
CUST00884,Kabir Kar,Male,65,Government,2021-08-14,Madurai,Tamil Nadu,South
CUST00885,Priya Anand,Female,62,Retail,2025-01-19,New Delhi,Delhi,North
CUST00886,Vedhika Sheth,Female,61,SME,2021-09-29,New Delhi,Delhi,North
CUST00887,Jonathan Sathe,Male,65,SME,2024-10-08,Kolkata,West Bengal,East
CUST00888,Thomas Gola,Female,32,SME,2024-02-26,Kozhikode,Kerala,South
CUST00889,Vritti Krishnan,Male,36,Education,2021-12-11,Indore,Madhya Pradesh,Central
CUST00890,Chasmum Konda,Male,29,Corporate,2023-08-25,Karimnagar,Telangana,South
CUST00891,Lipika Kanda,Female,20,Education,2022-11-19,Kolkata,West Bengal,East
CUST00892,Chavvi Kibe,Female,26,Corporate,2021-07-28,Nagpur,Maharashtra,West
CUST00893,Pooja Sharma,Male,39,Education,2024-02-18,Bhopal,Madhya Pradesh,Central
CUST00894,Lila Zachariah,Male,38,Government,2025-01-01,Hyderabad,Telangana,South
CUST00895,Qadim Kanda,Female,49,Government,2022-03-10,Mangaluru,Karnataka,South
CUST00896,Daniel Sarraf,Male,63,SME,2026-05-16,Siliguri,West Bengal,East
CUST00897,Lucky Prabhu,Male,51,Retail,2022-09-08,Kolkata,West Bengal,East
CUST00898,Kashish Ram,Female,52,Government,2024-07-23,Kolkata,West Bengal,East
CUST00899,Xavier Palla,Female,32,Corporate,2024-03-26,New Delhi,Delhi,North
CUST00900,Liam Bobal,Female,36,Corporate,2023-01-02,Surat,Gujarat,West
CUST00901,Saumya Maharaj,Male,25,SME,2024-03-02,Bhopal,Madhya Pradesh,Central
CUST00902,Nilima Badami,Male,20,SME,2024-11-30,Ludhiana,Punjab,North
CUST00903,Kai Kumar,Female,34,Government,2023-04-06,New Delhi,Delhi,North
CUST00904,Eesha Chaudry,Female,50,Government,2024-05-10,Mumbai,Maharashtra,West
CUST00905,Jeevika Chaudhry,Male,36,Corporate,2021-10-05,Amritsar,Punjab,North
CUST00906,Upkaar Dora,Male,24,Corporate,2025-12-30,Vadodara,Gujarat,West
CUST00907,Abhimanyu Bali,Male,31,Corporate,2024-10-27,Kolkata,West Bengal,East
CUST00908,Aarush Nigam,Male,52,Education,2024-11-16,New Delhi,Delhi,North
CUST00909,Guneet Comar,Male,19,Education,2022-05-06,Madurai,Tamil Nadu,South
CUST00910,Osha Sandhu,Male,22,Retail,2026-03-06,Ahmedabad,Gujarat,West
CUST00911,Kiaan Kashyap,Male,54,Corporate,2024-07-02,Warangal,Telangana,South
CUST00912,Tanish Kota,Female,46,Education,2026-05-20,Pune,Maharashtra,West
CUST00913,Ikbal Loke,Male,42,Retail,2023-06-02,New Delhi,Delhi,North
CUST00914,Vedant Basak,Male,65,Government,2024-07-22,Kolkata,West Bengal,East
CUST00915,Nirja Jaggi,Male,40,Government,2022-10-30,Mangaluru,Karnataka,South
CUST00916,Xalak Raval,Female,56,Retail,2022-03-31,Coimbatore,Tamil Nadu,South
CUST00917,Wahab Peri,Female,43,Retail,2023-01-30,Pune,Maharashtra,West
CUST00918,Dayita Kothari,Male,26,Education,2023-12-21,Ludhiana,Punjab,North
CUST00919,Brijesh Balan,Male,37,SME,2022-10-04,Siliguri,West Bengal,East
CUST00920,Mitali Bail,Male,25,Retail,2026-04-22,Mangaluru,Karnataka,South
CUST00921,Tejas Samra,Female,52,Government,2025-06-17,Mangaluru,Karnataka,South
CUST00922,Krishna Basu,Male,65,SME,2026-03-02,Coimbatore,Tamil Nadu,South
CUST00923,Upma Narayanan,Male,28,Corporate,2023-12-24,Thiruvananthapuram,Kerala,South
CUST00924,Anmol Wason,Female,30,Retail,2023-01-08,Kozhikode,Kerala,South
CUST00925,Simon Palla,Male,53,Education,2021-08-09,Karimnagar,Telangana,South
CUST00926,Rachana Sankar,Female,60,Retail,2025-09-21,Kolkata,West Bengal,East
CUST00927,Jagdish Merchant,Male,64,Government,2024-05-20,Mumbai,Maharashtra,West
CUST00928,Gautami Hegde,Female,26,Corporate,2023-10-13,Amritsar,Punjab,North
CUST00929,Xalak Kapadia,Male,30,SME,2024-07-15,Coimbatore,Tamil Nadu,South
CUST00930,Lavanya Bhatti,Female,57,SME,2024-07-16,Amritsar,Punjab,North
CUST00931,Avni Datta,Female,38,Education,2022-07-24,Indore,Madhya Pradesh,Central
CUST00932,Avni Kalita,Female,33,Corporate,2026-02-07,Hyderabad,Telangana,South
CUST00933,Bhavini Deol,Female,26,SME,2021-11-30,New Delhi,Delhi,North
CUST00934,Amrita Chad,Female,40,SME,2025-01-04,Amritsar,Punjab,North
CUST00935,Rudra Vala,Male,59,Government,2023-08-09,Ludhiana,Punjab,North
CUST00936,Sai Chadha,Male,52,Corporate,2023-01-04,Coimbatore,Tamil Nadu,South
CUST00937,Urvashi Krish,Male,64,Retail,2022-04-11,Nagpur,Maharashtra,West
CUST00938,Krishna Bobal,Male,55,Government,2025-09-21,Mangaluru,Karnataka,South
CUST00939,Garima Gupta,Male,53,SME,2021-08-01,New Delhi,Delhi,North
CUST00940,Wakeeta Padmanabhan,Male,41,Education,2026-06-14,Siliguri,West Bengal,East
CUST00941,Jagdish Wable,Female,26,Education,2024-08-30,Kozhikode,Kerala,South
CUST00942,Odika Varma,Female,41,Government,2022-09-02,Kolkata,West Bengal,East
CUST00943,Krish Mukhopadhyay,Male,57,Corporate,2022-08-03,Mangaluru,Karnataka,South
CUST00944,Vasana Wali,Female,28,Corporate,2025-10-11,Kolkata,West Bengal,East
CUST00945,Naveen Bose,Female,40,Retail,2026-03-02,Indore,Madhya Pradesh,Central
CUST00946,Vaishnavi Bhagat,Male,22,SME,2025-11-20,Thiruvananthapuram,Kerala,South
CUST00947,Vasana Manne,Male,60,Corporate,2024-07-18,Ahmedabad,Gujarat,West
CUST00948,Gaurang Vyas,Female,48,Education,2026-02-21,Siliguri,West Bengal,East
CUST00949,Osha Setty,Female,24,Government,2026-02-05,Bengaluru,Karnataka,South
CUST00950,Urishilla Kapur,Female,55,Government,2021-09-25,Nagpur,Maharashtra,West
CUST00951,Abdul Ramesh,Female,59,Education,2023-02-17,Indore,Madhya Pradesh,Central
CUST00952,Warda Konda,Male,51,SME,2023-06-12,Vadodara,Gujarat,West
CUST00953,Dalaja Korpal,Female,40,SME,2023-10-11,New Delhi,Delhi,North
CUST00954,Kai Bassi,Male,50,Corporate,2026-01-23,Amritsar,Punjab,North
CUST00955,Chaitanya Tailor,Male,22,Government,2026-02-27,Ludhiana,Punjab,North
CUST00956,Gabriel Dass,Male,29,Corporate,2023-11-29,Mumbai,Maharashtra,West
CUST00957,Wishi Mukhopadhyay,Male,60,Corporate,2021-10-08,Vadodara,Gujarat,West
CUST00958,Urvashi Madan,Male,48,Education,2021-07-09,New Delhi,Delhi,North
CUST00959,Ayushman Dalal,Male,59,Education,2025-11-18,Ludhiana,Punjab,North
CUST00960,Sai Kar,Male,26,Government,2025-09-15,Bengaluru,Karnataka,South
CUST00961,Isaiah Issac,Male,58,Government,2023-06-09,Indore,Madhya Pradesh,Central
CUST00962,Chameli Bhardwaj,Male,21,Corporate,2025-11-20,Mangaluru,Karnataka,South
CUST00963,Devika Kannan,Female,56,Government,2022-03-05,Mumbai,Maharashtra,West
CUST00964,Viraj Bora,Female,23,Corporate,2023-11-18,Mangaluru,Karnataka,South
CUST00965,Jack Wali,Female,28,Corporate,2025-07-11,Amritsar,Punjab,North
CUST00966,Ria Sant,Male,57,Government,2026-01-01,New Delhi,Delhi,North
CUST00967,Indrajit Srinivas,Female,47,Government,2022-04-28,Mumbai,Maharashtra,West
CUST00968,Bakhshi Dhingra,Male,42,Education,2023-04-05,Indore,Madhya Pradesh,Central
CUST00969,Bhavya Badal,Male,30,Government,2022-05-20,Hyderabad,Telangana,South
CUST00970,Vedant Roy,Male,56,Retail,2026-06-19,Siliguri,West Bengal,East
CUST00971,George Guha,Male,52,Government,2025-06-02,Warangal,Telangana,South
CUST00972,Nicholas Parsa,Female,60,Corporate,2024-06-06,Chennai,Tamil Nadu,South
CUST00973,Harita Mallick,Female,51,Education,2024-07-09,Indore,Madhya Pradesh,Central
CUST00974,Krish Venkatesh,Female,32,Education,2022-11-16,Ahmedabad,Gujarat,West
CUST00975,Andrew Walia,Male,45,Corporate,2021-09-01,New Delhi,Delhi,North
CUST00976,Vihaan Pai,Male,23,SME,2024-11-03,Pune,Maharashtra,West
CUST00977,Daksha Walla,Female,30,Retail,2024-11-05,Bhopal,Madhya Pradesh,Central
CUST00978,Isaac Sabharwal,Male,51,Retail,2023-04-15,Mangaluru,Karnataka,South
CUST00979,Ayush Tara,Female,44,SME,2021-07-24,New Delhi,Delhi,North
CUST00980,Simon Mani,Female,59,Government,2022-03-06,Chennai,Tamil Nadu,South
CUST00981,Upadhriti Bawa,Female,54,SME,2026-05-13,Pune,Maharashtra,West
CUST00982,Bachittar Aurora,Female,31,Education,2025-09-04,Bhopal,Madhya Pradesh,Central
CUST00983,Radha Savant,Male,41,Government,2022-01-05,Siliguri,West Bengal,East
CUST00984,Joshua Rajagopalan,Female,37,Government,2026-04-18,Siliguri,West Bengal,East
CUST00985,Indrajit Sundaram,Female,65,Corporate,2024-05-18,Vadodara,Gujarat,West
CUST00986,Kabir Andra,Male,46,Corporate,2023-03-07,Madurai,Tamil Nadu,South
CUST00987,Gavin Kaul,Female,39,Government,2025-03-11,Chennai,Tamil Nadu,South
CUST00988,Victor Saran,Male,42,Retail,2025-07-01,Indore,Madhya Pradesh,Central
CUST00989,Andrew Lata,Female,56,Education,2023-11-29,Chennai,Tamil Nadu,South
CUST00990,Abha Dass,Female,32,SME,2021-07-16,Chennai,Tamil Nadu,South
CUST00991,Anusha Sule,Male,64,Education,2025-11-05,Madurai,Tamil Nadu,South
CUST00992,Ishita Banerjee,Male,29,Education,2022-05-31,New Delhi,Delhi,North
CUST00993,Finn Sridhar,Male,60,Government,2024-07-06,Ludhiana,Punjab,North
CUST00994,Krish Kala,Male,56,Government,2026-04-25,Mumbai,Maharashtra,West
CUST00995,Fiyaz Rana,Male,61,Retail,2023-07-28,Kolkata,West Bengal,East
CUST00996,Daniel Shanker,Male,28,Retail,2023-06-20,Ahmedabad,Gujarat,West
CUST00997,Anika Chander,Female,60,Education,2026-05-27,Pune,Maharashtra,West
CUST00998,Jhalak Hayer,Male,65,Retail,2021-09-09,New Delhi,Delhi,North
CUST00999,Ayaan Radhakrishnan,Female,64,Government,2024-08-30,Madurai,Tamil Nadu,South
CUST01000,Abhimanyu Hans,Female,35,Corporate,2024-06-01,Bhopal,Madhya Pradesh,Central
CUST01001,Reva Bahl,Female,43,Government,2026-01-06,Indore,Madhya Pradesh,Central
CUST01002,Ryan Ravel,Male,44,Government,2025-02-15,Mysuru,Karnataka,South
CUST01003,Chanakya Bains,Male,50,SME,2024-09-04,Madurai,Tamil Nadu,South
CUST01004,Riya Kakar,Female,52,Government,2022-08-20,Ahmedabad,Gujarat,West
CUST01005,Ishita Basu,Female,42,Government,2024-07-29,Nagpur,Maharashtra,West
CUST01006,Theodore Tata,Female,47,Education,2024-02-01,Ludhiana,Punjab,North
CUST01007,Omaja Chana,Female,25,SME,2023-05-03,Indore,Madhya Pradesh,Central
CUST01008,Upma Palla,Male,61,Corporate,2022-10-07,Coimbatore,Tamil Nadu,South
CUST01009,Samarth Goda,Female,51,Government,2021-08-24,Surat,Gujarat,West
CUST01010,Warinder Kari,Female,33,SME,2025-03-24,Mangaluru,Karnataka,South
CUST01011,Ishita Jha,Female,22,Government,2025-03-30,Coimbatore,Tamil Nadu,South
CUST01012,Pranit Jain,Female,40,Corporate,2023-05-16,Warangal,Telangana,South
CUST01013,Ikbal Sura,Male,65,Corporate,2023-12-04,Bhopal,Madhya Pradesh,Central
CUST01014,Zilmil Dani,Male,65,Corporate,2023-04-06,Ludhiana,Punjab,North
CUST01015,Tanvi Dar,Male,30,Corporate,2023-10-05,Mumbai,Maharashtra,West
CUST01016,Neelima Khosla,Male,24,Retail,2023-07-01,Bhopal,Madhya Pradesh,Central
CUST01017,Nilima Talwar,Female,57,Retail,2026-05-06,Madurai,Tamil Nadu,South
CUST01018,Pooja Wason,Female,41,Government,2025-02-01,Kolkata,West Bengal,East
CUST01019,Varsha Dhillon,Female,49,Corporate,2022-02-23,Surat,Gujarat,West
CUST01020,Yadavi Dhaliwal,Female,32,Government,2023-04-07,Siliguri,West Bengal,East
CUST01021,Sathvik Morar,Female,48,Government,2024-03-22,Hyderabad,Telangana,South
CUST01022,Omisha Chakraborty,Female,43,Corporate,2023-03-12,Mangaluru,Karnataka,South
CUST01023,Samarth Sami,Female,38,Retail,2023-12-21,Ludhiana,Punjab,North
CUST01024,Siya Pingle,Male,42,Government,2024-10-10,Mangaluru,Karnataka,South
CUST01025,Tripti Singhal,Female,57,SME,2023-06-16,Coimbatore,Tamil Nadu,South
CUST01026,Jackson Keer,Female,33,SME,2022-05-08,Karimnagar,Telangana,South
CUST01027,Reyansh Bumb,Female,29,Education,2021-12-02,Amritsar,Punjab,North
CUST01028,Chavvi Rajan,Female,62,SME,2021-08-27,New Delhi,Delhi,North
CUST01029,Aarini Gopal,Female,46,Corporate,2025-10-20,Surat,Gujarat,West
CUST01030,Girish Vora,Male,24,SME,2024-10-09,Indore,Madhya Pradesh,Central
CUST01031,Yashoda Devan,Female,42,Corporate,2025-12-23,Kozhikode,Kerala,South
CUST01032,Advik Dhaliwal,Male,48,Retail,2021-11-05,Karimnagar,Telangana,South
CUST01033,Damini Kumar,Female,26,Government,2024-02-14,Warangal,Telangana,South
CUST01034,Upkaar Gour,Female,37,SME,2024-10-01,Siliguri,West Bengal,East
CUST01035,Ekta Venkataraman,Female,24,Corporate,2021-12-23,Kolkata,West Bengal,East
CUST01036,Maanas Sawhney,Female,48,Retail,2022-01-24,Bengaluru,Karnataka,South
CUST01037,Naveen Sami,Female,41,SME,2021-08-03,Amritsar,Punjab,North
CUST01038,Hamsini Chawla,Female,19,Education,2025-11-30,Siliguri,West Bengal,East
CUST01039,Hemal Minhas,Male,54,Government,2024-04-08,Coimbatore,Tamil Nadu,South
CUST01040,Quincy Nath,Female,40,SME,2022-05-12,Kolkata,West Bengal,East
CUST01041,Kala Balan,Female,23,Education,2021-07-06,Siliguri,West Bengal,East
CUST01042,Laban Borde,Female,58,Corporate,2023-03-31,Bhopal,Madhya Pradesh,Central
CUST01043,Parth Mand,Female,44,Government,2022-06-03,Karimnagar,Telangana,South
CUST01044,Rachana Palla,Male,23,Corporate,2023-04-16,Bhopal,Madhya Pradesh,Central
CUST01045,Samaksh Gupta,Female,38,SME,2025-01-11,Ahmedabad,Gujarat,West
CUST01046,Hritik Majumdar,Female,35,Education,2021-09-26,Nagpur,Maharashtra,West
CUST01047,Xavier Prashad,Female,44,Corporate,2023-03-26,Vadodara,Gujarat,West
CUST01048,Jack Sethi,Male,64,Corporate,2025-02-12,Hyderabad,Telangana,South
CUST01049,Kiaan Agarwal,Male,31,Corporate,2025-12-19,Nagpur,Maharashtra,West
CUST01050,Jeevika Tailor,Male,22,Education,2024-03-25,New Delhi,Delhi,North
CUST01051,Samarth Kaul,Male,43,Government,2026-01-22,Kolkata,West Bengal,East
CUST01052,Jagdish Hari,Female,57,Corporate,2026-02-26,Chennai,Tamil Nadu,South
CUST01053,Logan Khanna,Female,37,Corporate,2022-05-07,Madurai,Tamil Nadu,South
CUST01054,Arunima Bath,Female,46,Corporate,2026-05-25,Kozhikode,Kerala,South
CUST01055,Oscar Devi,Male,19,Retail,2022-05-30,Karimnagar,Telangana,South
CUST01056,Odika Sangha,Female,47,Government,2021-10-02,Surat,Gujarat,West
CUST01057,Rachana Mani,Female,26,Government,2025-01-03,Nagpur,Maharashtra,West
CUST01058,Gaurika Shetty,Female,58,Government,2023-04-28,Karimnagar,Telangana,South
CUST01059,Mitali Natt,Female,48,Government,2026-02-25,New Delhi,Delhi,North
CUST01060,Akshay Bhatia,Female,37,SME,2023-08-27,Kochi,Kerala,South
CUST01061,Dev Narula,Male,37,Retail,2023-04-11,New Delhi,Delhi,North
CUST01062,Riya Rastogi,Male,40,SME,2022-05-15,Mangaluru,Karnataka,South
CUST01063,Isha Dugar,Female,48,SME,2026-06-15,Ludhiana,Punjab,North
CUST01064,Yasti Brar,Female,56,Corporate,2026-01-26,Mysuru,Karnataka,South
CUST01065,Ekansh Basak,Female,30,Education,2025-11-23,Mangaluru,Karnataka,South
CUST01066,Zaitra Gala,Female,33,Corporate,2024-12-24,Siliguri,West Bengal,East
CUST01067,Rudra Gola,Male,34,Retail,2024-03-13,New Delhi,Delhi,North
CUST01068,Vanya Vig,Female,36,Government,2025-12-07,New Delhi,Delhi,North
CUST01069,Daksh Ahuja,Male,22,Corporate,2022-10-13,Pune,Maharashtra,West
CUST01070,Tarak Thaman,Male,58,Education,2025-07-29,Warangal,Telangana,South
CUST01071,Simon Chakrabarti,Female,62,Government,2024-10-05,Bhopal,Madhya Pradesh,Central
CUST01072,Elijah Murthy,Female,19,Corporate,2021-07-20,Ludhiana,Punjab,North
CUST01073,Nisha Gala,Male,29,Retail,2022-10-29,Mangaluru,Karnataka,South
CUST01074,Jeevika Dyal,Male,63,Education,2025-07-25,Pune,Maharashtra,West
CUST01075,Anita Mann,Male,27,Retail,2022-05-26,Bengaluru,Karnataka,South
CUST01076,Tanveer Kuruvilla,Female,44,SME,2023-05-27,Ludhiana,Punjab,North
CUST01077,Chasmum Narasimhan,Female,62,Retail,2023-10-19,Amritsar,Punjab,North
CUST01078,Urvashi Sachdeva,Male,21,SME,2025-02-08,Ahmedabad,Gujarat,West
CUST01079,Zansi Pant,Female,29,Corporate,2022-10-03,New Delhi,Delhi,North
CUST01080,Tripti Chana,Male,25,Corporate,2022-05-12,Pune,Maharashtra,West
CUST01081,Anya Warrior,Male,65,Retail,2025-12-11,New Delhi,Delhi,North
CUST01082,Krishna Keer,Male,51,Corporate,2025-05-12,Thiruvananthapuram,Kerala,South
CUST01083,Upkaar Kapur,Female,38,Corporate,2024-08-01,Amritsar,Punjab,North
CUST01084,Maanas Subramaniam,Male,34,Education,2023-02-26,Mangaluru,Karnataka,South
CUST01085,Tanvi Varughese,Female,21,Corporate,2024-02-16,Mumbai,Maharashtra,West
CUST01086,Damyanti Dhillon,Female,38,Retail,2021-09-19,Chennai,Tamil Nadu,South
CUST01087,Mohammed Sandal,Male,43,Corporate,2021-10-28,Warangal,Telangana,South
CUST01088,Anay Konda,Female,62,Government,2022-02-06,Bengaluru,Karnataka,South
CUST01089,Amruta Viswanathan,Male,33,Corporate,2023-01-16,Warangal,Telangana,South
CUST01090,Kashish Narula,Female,58,Retail,2024-03-20,Ludhiana,Punjab,North
CUST01091,Pahal Srinivas,Male,62,Government,2023-11-02,Mysuru,Karnataka,South
CUST01092,Tara Nanda,Female,32,SME,2025-06-27,Chennai,Tamil Nadu,South
CUST01093,Harsh Som,Female,64,Corporate,2022-12-16,Siliguri,West Bengal,East
CUST01094,Ridhi Grewal,Female,40,Corporate,2022-03-21,Mangaluru,Karnataka,South
CUST01095,Balvan Keer,Female,63,Education,2026-02-06,Mumbai,Maharashtra,West
CUST01096,Kavya Chada,Female,30,Government,2025-10-18,Siliguri,West Bengal,East
CUST01097,Mahika Nagar,Female,38,Education,2024-09-25,Karimnagar,Telangana,South
CUST01098,Radha Hayer,Male,22,Government,2025-01-14,Nagpur,Maharashtra,West
CUST01099,Ishanvi Mann,Female,34,Government,2026-02-14,Warangal,Telangana,South
CUST01100,Tanmayi Krishnamurthy,Male,58,Government,2024-06-23,Surat,Gujarat,West
CUST01101,Akshay Sant,Male,57,SME,2022-04-24,New Delhi,Delhi,North
CUST01102,Janya Soni,Female,64,Retail,2024-06-27,Indore,Madhya Pradesh,Central
CUST01103,Anay Dhillon,Male,51,Education,2024-12-11,Siliguri,West Bengal,East
CUST01104,Advik Sathe,Female,38,Education,2024-12-23,Kolkata,West Bengal,East
CUST01105,Mekhala Saran,Male,51,Retail,2023-01-15,Ahmedabad,Gujarat,West
CUST01106,Oviya Hayer,Male,20,Corporate,2024-09-18,Bengaluru,Karnataka,South
CUST01107,Ikshita Khalsa,Male,24,Retail,2024-08-27,Coimbatore,Tamil Nadu,South
CUST01108,Lucky Badami,Female,51,Government,2023-01-07,Bhopal,Madhya Pradesh,Central
CUST01109,Udyati Wadhwa,Male,41,Corporate,2025-05-09,Bhopal,Madhya Pradesh,Central
CUST01110,Triveni Ram,Male,31,Education,2025-09-13,Indore,Madhya Pradesh,Central
CUST01111,Januja Lall,Male,41,Government,2022-12-11,Coimbatore,Tamil Nadu,South
CUST01112,Faraj Rattan,Male,57,SME,2024-01-30,New Delhi,Delhi,North
CUST01113,Bhavani Nori,Male,37,Retail,2024-10-18,Kolkata,West Bengal,East
CUST01114,Gaurangi Cherian,Male,24,Corporate,2022-11-07,Kozhikode,Kerala,South
CUST01115,Alexander Uppal,Male,30,Government,2025-01-07,Siliguri,West Bengal,East
CUST01116,Oni Kota,Male,53,Government,2021-07-24,Kozhikode,Kerala,South
CUST01117,Alka Rattan,Female,61,Education,2025-12-15,New Delhi,Delhi,North
CUST01118,Warda Gill,Male,29,Government,2024-11-19,New Delhi,Delhi,North
CUST01119,Manya Dhingra,Male,52,Government,2025-07-18,New Delhi,Delhi,North
CUST01120,Alexander Iyengar,Female,53,SME,2023-09-08,Amritsar,Punjab,North
CUST01121,Urishilla Natt,Female,64,SME,2024-11-29,Surat,Gujarat,West
CUST01122,Oni Borde,Male,42,Government,2023-09-14,Indore,Madhya Pradesh,Central
CUST01123,Gopal Pal,Female,46,Education,2022-06-09,Pune,Maharashtra,West
CUST01124,Zaitra Gour,Male,36,Government,2023-12-14,Mangaluru,Karnataka,South
CUST01125,Urvi Butala,Male,37,Retail,2021-09-08,Mangaluru,Karnataka,South
CUST01126,Udyati Raman,Male,38,Retail,2026-01-14,Mumbai,Maharashtra,West
CUST01127,Qarin Sarna,Male,24,Retail,2023-12-28,Nagpur,Maharashtra,West
CUST01128,Chanchal Naidu,Male,26,SME,2023-05-18,Amritsar,Punjab,North
CUST01129,Gautami Chakrabarti,Male,32,SME,2023-01-04,Vadodara,Gujarat,West
CUST01130,Eiravati Saha,Female,54,Corporate,2023-09-01,Mumbai,Maharashtra,West
CUST01131,Devika Peri,Female,48,Corporate,2024-07-23,Madurai,Tamil Nadu,South
CUST01132,Vinaya Som,Female,20,Government,2023-09-29,Ludhiana,Punjab,North
CUST01133,Baghyawati Pillay,Male,39,SME,2024-03-14,New Delhi,Delhi,North
CUST01134,Jhalak Gara,Male,32,Government,2025-12-30,New Delhi,Delhi,North
CUST01135,Manbir Bali,Female,21,SME,2023-04-26,Mangaluru,Karnataka,South
CUST01136,Amrita Subramanian,Female,52,Government,2025-07-19,Kolkata,West Bengal,East
CUST01137,Gunbir Vasa,Male,27,Retail,2024-05-09,Warangal,Telangana,South
CUST01138,Patrick Chaudhari,Male,32,Education,2026-04-29,New Delhi,Delhi,North
CUST01139,Amaira De,Male,26,SME,2024-02-03,Pune,Maharashtra,West
CUST01140,Wishi Dube,Male,53,Education,2022-04-27,Coimbatore,Tamil Nadu,South
CUST01141,Ekantika Srinivas,Female,50,Education,2022-04-22,Mumbai,Maharashtra,West
CUST01142,Pushti Venkatesh,Female,53,Corporate,2025-05-07,Hyderabad,Telangana,South
CUST01143,Warinder Toor,Male,53,Government,2025-12-24,Amritsar,Punjab,North
CUST01144,Nakul Lalla,Male,22,SME,2025-10-21,Kolkata,West Bengal,East
CUST01145,Qasim Padmanabhan,Male,25,Education,2026-01-28,New Delhi,Delhi,North
CUST01146,Omaja Manne,Female,30,SME,2023-08-04,New Delhi,Delhi,North
CUST01147,Chaitaly Merchant,Male,37,Corporate,2023-07-24,Vadodara,Gujarat,West
CUST01148,Gayathri Nayak,Female,57,Corporate,2023-06-11,Vadodara,Gujarat,West
CUST01149,Zilmil Dhawan,Male,30,SME,2021-07-24,Ludhiana,Punjab,North
CUST01150,Lucky Vala,Male,25,Retail,2022-11-26,Karimnagar,Telangana,South
CUST01151,Darsh Acharya,Male,36,Retail,2023-02-26,Kozhikode,Kerala,South
CUST01152,Mohini De,Male,37,Education,2022-11-12,Vadodara,Gujarat,West
CUST01153,Jairaj Oza,Female,31,Government,2023-05-21,Ludhiana,Punjab,North
CUST01154,Hemani Bahl,Female,53,Education,2022-01-15,Kochi,Kerala,South
CUST01155,Wriddhish Parmar,Male,42,Government,2021-09-18,Indore,Madhya Pradesh,Central
CUST01156,Rachana Vig,Female,28,Retail,2024-04-29,Kolkata,West Bengal,East
CUST01157,Indrajit Bora,Female,21,Education,2026-02-27,Mumbai,Maharashtra,West
CUST01158,Anmol Sachdeva,Female,60,SME,2026-04-09,Bengaluru,Karnataka,South
CUST01159,Hritik Divan,Male,36,Education,2025-10-25,Ahmedabad,Gujarat,West
CUST01160,Azaan Yogi,Male,38,Education,2024-05-08,Thiruvananthapuram,Kerala,South
CUST01161,Bhavani Bir,Male,30,Government,2026-02-07,Indore,Madhya Pradesh,Central
CUST01162,Turvi Mishra,Male,33,Government,2025-09-30,Ludhiana,Punjab,North
CUST01163,Aarav Doshi,Female,43,Corporate,2023-10-25,Pune,Maharashtra,West
CUST01164,Raagini Shah,Female,40,SME,2022-06-26,Mysuru,Karnataka,South
CUST01165,Owen Mitter,Female,21,SME,2022-06-20,Kozhikode,Kerala,South
CUST01166,Chakradev Chana,Female,32,Corporate,2024-11-07,New Delhi,Delhi,North
CUST01167,Abeer Ratti,Male,23,Education,2021-07-29,Surat,Gujarat,West
CUST01168,Darika Jani,Female,33,Government,2026-03-03,Kolkata,West Bengal,East
CUST01169,Aryan Vig,Female,56,SME,2023-07-24,Warangal,Telangana,South
CUST01170,Ekbal Pal,Male,59,Corporate,2022-01-23,Ludhiana,Punjab,North
CUST01171,Watika Ram,Male,37,Government,2021-08-05,Indore,Madhya Pradesh,Central
CUST01172,Jagat Bassi,Male,59,Government,2023-09-08,Warangal,Telangana,South
CUST01173,Vasudha Jayaraman,Male,53,Government,2021-12-13,Warangal,Telangana,South
CUST01174,Kamala Batta,Female,27,Retail,2025-04-14,Chennai,Tamil Nadu,South
CUST01175,Anjali Kannan,Female,37,Education,2023-08-03,Surat,Gujarat,West
CUST01176,Upkaar Wali,Male,24,Corporate,2021-12-17,Mumbai,Maharashtra,West
CUST01177,Ikbal Mander,Female,56,Government,2024-07-16,Hyderabad,Telangana,South
CUST01178,Edhitha Basu,Male,32,Retail,2025-11-09,Indore,Madhya Pradesh,Central
CUST01179,Yahvi Balay,Female,26,Government,2022-02-12,Ahmedabad,Gujarat,West
CUST01180,Gaurangi Ghosh,Female,29,Education,2023-10-04,Bhopal,Madhya Pradesh,Central
CUST01181,Aryan Barad,Male,28,Corporate,2024-09-27,Amritsar,Punjab,North
CUST01182,Parth Goswami,Female,18,SME,2024-06-24,Kochi,Kerala,South
CUST01183,Karan Edwin,Male,31,Retail,2023-10-20,New Delhi,Delhi,North
CUST01184,Odika De,Female,62,SME,2022-05-20,Warangal,Telangana,South
CUST01185,Riya Prabhu,Female,43,Retail,2025-09-11,Ludhiana,Punjab,North
CUST01186,Charan Naidu,Female,43,Government,2022-12-18,Bhopal,Madhya Pradesh,Central
CUST01187,Shivansh Chhabra,Male,46,Education,2024-12-01,Indore,Madhya Pradesh,Central
CUST01188,Aayush Vig,Female,65,Retail,2024-05-12,Bengaluru,Karnataka,South
CUST01189,Sathvik Hegde,Male,30,SME,2025-04-01,Siliguri,West Bengal,East
CUST01190,Faris Issac,Female,36,Education,2025-03-21,Amritsar,Punjab,North
CUST01191,Samarth Padmanabhan,Female,57,Retail,2023-11-08,Warangal,Telangana,South
CUST01192,Bhanumati Pandey,Female,59,Education,2025-04-20,Kolkata,West Bengal,East
CUST01193,Laban Dugal,Male,29,Government,2025-11-28,Madurai,Tamil Nadu,South
CUST01194,Vyanjana Char,Female,44,SME,2022-12-08,Kolkata,West Bengal,East
CUST01195,Triya Jayaraman,Male,47,Government,2023-09-28,Ludhiana,Punjab,North
CUST01196,Sneha Pai,Male,34,SME,2023-12-31,Thiruvananthapuram,Kerala,South
CUST01197,Vidhi Lalla,Male,23,Retail,2023-04-20,Karimnagar,Telangana,South
CUST01198,Sara Natt,Male,51,Education,2021-07-30,Amritsar,Punjab,North
CUST01199,Mitesh Padmanabhan,Female,53,Education,2022-02-14,Kolkata,West Bengal,East
CUST01200,Chasmum Batra,Female,54,Corporate,2024-01-23,Bengaluru,Karnataka,South
CUST01201,Samaksh Sawhney,Male,63,Retail,2021-11-23,Hyderabad,Telangana,South
CUST01202,Devansh Nori,Female,64,Education,2026-01-29,New Delhi,Delhi,North
CUST01203,Tanish Khosla,Male,25,Corporate,2022-04-06,Nagpur,Maharashtra,West
CUST01204,Darpan Mallick,Female,18,Education,2024-06-08,Kochi,Kerala,South
CUST01205,Hiral Cheema,Male,56,Education,2025-08-29,Amritsar,Punjab,North
CUST01206,Guneet Merchant,Female,47,Education,2022-06-19,Kochi,Kerala,South
CUST01207,Eesha Minhas,Male,33,Government,2022-10-30,Ludhiana,Punjab,North
CUST01208,Imaran Reddy,Male,21,Corporate,2022-02-15,Nagpur,Maharashtra,West
CUST01209,Adweta Bhasin,Female,20,Corporate,2023-03-04,Hyderabad,Telangana,South
CUST01210,Ikshita Sunder,Female,39,Retail,2026-05-20,Mangaluru,Karnataka,South
CUST01211,Vedant Mander,Female,29,Corporate,2021-11-09,Bengaluru,Karnataka,South
CUST01212,Yadavi Datta,Male,47,Government,2024-04-16,Nagpur,Maharashtra,West
CUST01213,Ekta Chakraborty,Male,37,SME,2024-07-13,Ahmedabad,Gujarat,West
CUST01214,Damini Pillay,Male,45,Government,2024-01-29,Surat,Gujarat,West
CUST01215,Wahab Date,Female,26,Retail,2024-03-21,Coimbatore,Tamil Nadu,South
CUST01216,Abdul Sabharwal,Female,51,Corporate,2022-08-05,Pune,Maharashtra,West
CUST01217,Yatin Venkataraman,Male,24,Government,2025-03-20,Kozhikode,Kerala,South
CUST01218,Bina Bedi,Female,64,Government,2025-09-08,Kolkata,West Bengal,East
CUST01219,Abha Raj,Female,34,Government,2021-07-20,Pune,Maharashtra,West
CUST01220,Falguni Sur,Male,57,Government,2024-02-21,Bhopal,Madhya Pradesh,Central
CUST01221,Jonathan Minhas,Female,29,Government,2022-04-22,Amritsar,Punjab,North
CUST01222,Hritik Kapur,Female,30,Retail,2021-11-10,Kozhikode,Kerala,South
CUST01223,Nilima Manne,Female,58,Retail,2024-03-10,Chennai,Tamil Nadu,South
CUST01224,Nirja Yohannan,Female,44,Retail,2023-10-10,Kozhikode,Kerala,South
CUST01225,Samesh Toor,Male,18,Corporate,2024-07-10,Surat,Gujarat,West
CUST01226,Nicholas Sachar,Male,37,SME,2025-05-13,Pune,Maharashtra,West
CUST01227,Dalbir Deol,Male,25,SME,2025-02-04,Siliguri,West Bengal,East
CUST01228,Sanaya Radhakrishnan,Male,29,Corporate,2022-05-28,Surat,Gujarat,West
CUST01229,Vanya Sodhi,Female,48,Retail,2025-12-27,Surat,Gujarat,West
CUST01230,Gopal Soman,Male,58,Education,2026-05-31,Warangal,Telangana,South
CUST01231,Anika Subramaniam,Female,44,Retail,2022-07-12,Siliguri,West Bengal,East
CUST01232,Rayaan Lad,Female,53,Government,2022-01-01,Siliguri,West Bengal,East
CUST01233,Jeremiah Saini,Female,40,Retail,2024-07-14,Bengaluru,Karnataka,South
CUST01234,Garima Sem,Male,39,Education,2024-08-29,Warangal,Telangana,South
CUST01235,Waida Mohanty,Female,29,Government,2023-11-07,Kolkata,West Bengal,East
CUST01236,Mohini Pai,Female,63,Retail,2023-06-02,Coimbatore,Tamil Nadu,South
CUST01237,Falguni Upadhyay,Male,49,Corporate,2022-12-08,Pune,Maharashtra,West
CUST01238,Gautam Comar,Female,31,Government,2021-12-01,Surat,Gujarat,West
CUST01239,Ikbal Nagy,Male,41,Retail,2021-10-26,Mumbai,Maharashtra,West
CUST01240,Charita Madan,Female,50,Retail,2026-04-24,Kochi,Kerala,South
CUST01241,Mugdha Mitra,Male,39,Education,2024-12-15,Ludhiana,Punjab,North
CUST01242,Tamanna Sodhi,Female,27,Retail,2022-09-09,Siliguri,West Bengal,East
CUST01243,Tanveer Magar,Male,64,Retail,2022-07-12,Kolkata,West Bengal,East
CUST01244,Veer Shere,Male,18,SME,2025-04-15,Amritsar,Punjab,North
CUST01245,Jeet Bhandari,Male,39,Education,2024-07-31,Mangaluru,Karnataka,South
CUST01246,Faris Dar,Female,19,Government,2024-01-18,Bengaluru,Karnataka,South
CUST01247,Jeremiah Sandhu,Male,38,Corporate,2023-08-16,Nagpur,Maharashtra,West
CUST01248,Kabir Palla,Female,52,SME,2024-03-29,Thiruvananthapuram,Kerala,South
CUST01249,Gunbir Sachdeva,Female,27,Corporate,2026-03-23,Ludhiana,Punjab,North
CUST01250,Wahab Minhas,Male,57,Government,2024-07-25,Mumbai,Maharashtra,West
CUST01251,Edhitha Srinivas,Male,52,SME,2026-03-17,Kolkata,West Bengal,East
CUST01252,Aahana Karpe,Female,27,SME,2024-11-13,Siliguri,West Bengal,East
CUST01253,Charles Goel,Male,22,SME,2024-10-10,Indore,Madhya Pradesh,Central
CUST01254,Gopal Sengupta,Female,21,Corporate,2025-02-11,Bhopal,Madhya Pradesh,Central
CUST01255,Aarini Butala,Male,24,Education,2024-06-22,Mysuru,Karnataka,South
CUST01256,Aarav Rama,Female,43,Corporate,2023-05-26,Bengaluru,Karnataka,South
CUST01257,Tanay Kota,Female,37,SME,2023-10-16,Bhopal,Madhya Pradesh,Central
CUST01258,Chasmum Mander,Male,47,Government,2023-06-15,Kozhikode,Kerala,South
CUST01259,Janaki Raghavan,Female,24,Education,2023-02-23,Hyderabad,Telangana,South
CUST01260,Chasmum Acharya,Female,48,Corporate,2024-04-16,Nagpur,Maharashtra,West
CUST01261,Hardik Malhotra,Female,41,Education,2025-05-29,Kochi,Kerala,South
CUST01262,Chandresh Bir,Female,38,Education,2025-08-07,Karimnagar,Telangana,South
CUST01263,Januja Bhardwaj,Male,48,Retail,2024-10-25,Ludhiana,Punjab,North
CUST01264,Eshana Narayanan,Female,28,SME,2025-09-08,Surat,Gujarat,West
CUST01265,Oscar Mangat,Male,50,Retail,2023-11-06,Vadodara,Gujarat,West
CUST01266,David Dugar,Female,53,Retail,2024-06-08,New Delhi,Delhi,North
CUST01267,Jalsa Mody,Female,43,Government,2025-07-10,Nagpur,Maharashtra,West
CUST01268,Manbir Pandya,Male,53,Corporate,2024-12-08,New Delhi,Delhi,North
CUST01269,Onkar Jayaraman,Male,39,Corporate,2023-02-06,Amritsar,Punjab,North
CUST01270,Girik Raju,Female,54,SME,2022-12-12,Bhopal,Madhya Pradesh,Central
CUST01271,Lopa Vora,Male,60,Retail,2024-04-26,Kolkata,West Bengal,East
CUST01272,Mohini Naik,Male,55,Government,2025-12-09,Bhopal,Madhya Pradesh,Central
CUST01273,Mohammed Shetty,Male,46,Corporate,2022-11-23,Amritsar,Punjab,North
CUST01274,Gaurika Sood,Male,56,Retail,2025-03-16,Pune,Maharashtra,West
CUST01275,Warda Deep,Female,49,Retail,2023-07-09,Bhopal,Madhya Pradesh,Central
CUST01276,Azad Mannan,Male,55,Retail,2021-10-12,Chennai,Tamil Nadu,South
CUST01277,Bina Purohit,Male,46,Government,2024-11-26,Karimnagar,Telangana,South
CUST01278,Arunima Koshy,Female,30,Corporate,2024-12-13,Pune,Maharashtra,West
CUST01279,Ishaan Mahajan,Female,45,SME,2022-07-14,Surat,Gujarat,West
CUST01280,Peter Nadig,Male,57,Government,2022-08-17,Madurai,Tamil Nadu,South
CUST01281,Kabir Tella,Female,21,SME,2021-10-02,New Delhi,Delhi,North
CUST01282,Keya Shan,Male,63,Government,2025-04-03,Kolkata,West Bengal,East
CUST01283,Vihaan Yohannan,Female,19,Corporate,2023-07-06,Ahmedabad,Gujarat,West
CUST01284,Girish Chakrabarti,Female,63,Education,2026-04-18,New Delhi,Delhi,North
CUST01285,Harinakshi Sahni,Female,52,Corporate,2023-01-22,New Delhi,Delhi,North
CUST01286,Finn Bose,Male,30,Government,2024-08-18,Warangal,Telangana,South
CUST01287,Netra Basak,Female,27,SME,2022-12-15,New Delhi,Delhi,North
CUST01288,Ati Pandey,Male,22,Retail,2024-08-14,Hyderabad,Telangana,South
CUST01289,Lakshit Subramaniam,Female,60,Education,2025-01-17,Karimnagar,Telangana,South
CUST01290,Theodore Ganesan,Male,59,Education,2026-04-14,Hyderabad,Telangana,South
CUST01291,Vasudha Wagle,Male,47,Government,2024-06-08,Amritsar,Punjab,North
CUST01292,Lila Sethi,Female,40,Corporate,2026-02-25,New Delhi,Delhi,North
CUST01293,Noah Bandi,Male,54,Education,2024-02-15,Warangal,Telangana,South
CUST01294,Siya Srivastava,Female,44,Government,2024-08-20,Kozhikode,Kerala,South
CUST01295,Hardik Dash,Male,20,Government,2024-03-08,Bhopal,Madhya Pradesh,Central
CUST01296,William Dayal,Male,55,Education,2026-06-03,Amritsar,Punjab,North
CUST01297,Ganga Khalsa,Female,47,Government,2021-08-09,Chennai,Tamil Nadu,South
CUST01298,Urmi Pau,Male,33,Education,2022-08-08,Madurai,Tamil Nadu,South
CUST01299,Bhanumati Kakar,Female,57,Retail,2022-02-02,Madurai,Tamil Nadu,South
CUST01300,Gaurang Raval,Male,48,Education,2023-04-10,Vadodara,Gujarat,West
CUST01301,Chasmum Walia,Female,44,SME,2026-03-18,Siliguri,West Bengal,East
CUST01302,Chameli Shetty,Male,20,Government,2026-02-28,Pune,Maharashtra,West
CUST01303,Abdul Yadav,Female,21,Education,2021-10-18,Nagpur,Maharashtra,West
CUST01304,Chatura Rai,Male,60,SME,2021-10-27,Indore,Madhya Pradesh,Central
CUST01305,Triya Mohanty,Female,49,Retail,2022-09-15,Indore,Madhya Pradesh,Central
CUST01306,Jalsa Nair,Male,35,SME,2025-03-08,Karimnagar,Telangana,South
CUST01307,Tanay Misra,Female,35,SME,2025-02-27,Karimnagar,Telangana,South
CUST01308,Shivani Balakrishnan,Male,56,Corporate,2022-09-22,Mangaluru,Karnataka,South
CUST01309,Girik Manda,Female,41,Corporate,2022-12-13,Indore,Madhya Pradesh,Central
CUST01310,Dhriti Anne,Male,49,Corporate,2025-01-16,Nagpur,Maharashtra,West
CUST01311,Ronith Borde,Female,23,Corporate,2022-12-31,Kolkata,West Bengal,East
CUST01312,Edhitha Aurora,Female,44,Education,2023-01-24,Indore,Madhya Pradesh,Central
CUST01313,Daksha Dutt,Female,64,Corporate,2022-03-15,Kozhikode,Kerala,South
CUST01314,Karan Iyer,Female,21,SME,2023-08-16,Kozhikode,Kerala,South
CUST01315,Baljiwan Wali,Male,47,Education,2022-08-04,Chennai,Tamil Nadu,South
CUST01316,Rayaan Kalita,Female,65,Government,2023-01-15,Amritsar,Punjab,North
CUST01317,Madhavi Dave,Female,48,SME,2025-12-10,Thiruvananthapuram,Kerala,South
CUST01318,Yatan Nanda,Female,18,SME,2023-08-03,Karimnagar,Telangana,South
CUST01319,Ira Rajagopalan,Female,51,Retail,2024-06-26,Amritsar,Punjab,North
CUST01320,Omkaar Oak,Female,45,Government,2026-04-30,Madurai,Tamil Nadu,South
CUST01321,Avni Peri,Female,35,Retail,2025-02-08,Pune,Maharashtra,West
CUST01322,Dhruv Sunder,Female,47,Corporate,2025-08-04,Nagpur,Maharashtra,West
CUST01323,Barkha Krishnan,Female,61,Corporate,2021-07-30,Indore,Madhya Pradesh,Central
CUST01324,Meera Bandi,Male,61,Retail,2023-03-22,Vadodara,Gujarat,West
CUST01325,Ekavir Balan,Female,24,Government,2025-09-05,Chennai,Tamil Nadu,South
CUST01326,Alka Contractor,Female,40,Corporate,2021-10-26,Madurai,Tamil Nadu,South
CUST01327,Mahika Taneja,Male,20,Retail,2023-06-26,Pune,Maharashtra,West
CUST01328,Hemani Koshy,Male,56,Corporate,2023-07-18,Indore,Madhya Pradesh,Central
CUST01329,Hemangini Buch,Male,23,Government,2025-01-20,Indore,Madhya Pradesh,Central
CUST01330,Ishani Bath,Male,25,Corporate,2025-09-11,Warangal,Telangana,South
CUST01331,Onveer Solanki,Female,60,Retail,2025-04-26,Pune,Maharashtra,West
CUST01332,Chandani Comar,Female,62,SME,2021-12-31,Amritsar,Punjab,North
CUST01333,Zayan Ravi,Male,35,Retail,2021-09-22,Mumbai,Maharashtra,West
CUST01334,Falan Mann,Female,21,SME,2023-03-24,New Delhi,Delhi,North
CUST01335,Urvashi Ramanathan,Female,22,Education,2022-10-14,Mumbai,Maharashtra,West
CUST01336,Bina Patel,Female,29,Education,2025-05-23,Kozhikode,Kerala,South
CUST01337,Aryan Bhattacharyya,Female,31,Government,2025-12-02,Chennai,Tamil Nadu,South
CUST01338,Leela Konda,Female,24,Retail,2024-08-10,Coimbatore,Tamil Nadu,South
CUST01339,Rachana Brar,Female,46,Retail,2025-09-17,Chennai,Tamil Nadu,South
CUST01340,Ikbal Rattan,Male,20,Education,2024-07-05,Ludhiana,Punjab,North
CUST01341,Ekalinga Kota,Female,43,Government,2024-11-05,Mumbai,Maharashtra,West
CUST01342,Triveni Sachdeva,Female,48,Education,2022-01-20,Mangaluru,Karnataka,South
CUST01343,Mekhala Sastry,Male,18,Education,2025-11-16,New Delhi,Delhi,North
CUST01344,Jasmit Kapadia,Female,39,SME,2021-08-30,Ludhiana,Punjab,North
CUST01345,Dominic Borah,Male,41,Government,2025-09-18,New Delhi,Delhi,North
CUST01346,Aryan Talwar,Female,36,Corporate,2023-09-24,Ahmedabad,Gujarat,West
CUST01347,Kritika Deo,Male,42,Corporate,2024-05-23,Karimnagar,Telangana,South
CUST01348,Orinder Shanker,Female,24,SME,2024-06-06,Nagpur,Maharashtra,West
CUST01349,Champak Babu,Female,65,Corporate,2023-06-15,Ludhiana,Punjab,North
CUST01350,Girish Deshpande,Male,19,Government,2025-05-03,Hyderabad,Telangana,South
CUST01351,Guneet Madan,Female,22,Government,2023-08-26,Thiruvananthapuram,Kerala,South
CUST01352,Watika Natarajan,Female,19,Retail,2022-11-22,Pune,Maharashtra,West
CUST01353,Hemal Mangal,Female,64,Retail,2023-11-14,Ahmedabad,Gujarat,West
CUST01354,Ganga Menon,Male,59,Government,2024-02-18,New Delhi,Delhi,North
CUST01355,Christopher Sharma,Male,22,Retail,2024-08-22,Ludhiana,Punjab,North
CUST01356,Patrick Mander,Male,48,Government,2025-08-06,Warangal,Telangana,South
CUST01357,Xalak Koshy,Male,18,Corporate,2024-03-20,Bengaluru,Karnataka,South
CUST01358,Dhruv Munshi,Male,47,Government,2023-02-01,Mysuru,Karnataka,South
CUST01359,Ira Balay,Male,24,Retail,2022-12-29,Karimnagar,Telangana,South
CUST01360,Gaurika Dhaliwal,Male,30,Education,2021-12-08,Ludhiana,Punjab,North
CUST01361,Frado Saraf,Female,38,Retail,2025-06-20,Vadodara,Gujarat,West
CUST01362,Jyoti Pingle,Female,31,Retail,2023-01-09,Indore,Madhya Pradesh,Central
CUST01363,Xalak Raghavan,Female,22,Retail,2022-06-17,Indore,Madhya Pradesh,Central
CUST01364,Jagvi Balasubramanian,Female,28,SME,2021-08-27,Mumbai,Maharashtra,West
CUST01365,Andrew Kumer,Female,33,Government,2022-09-19,Kolkata,West Bengal,East
CUST01366,Manthan Yogi,Male,58,Government,2025-12-03,Bengaluru,Karnataka,South
CUST01367,Anya Kota,Male,49,Retail,2023-12-30,New Delhi,Delhi,North
CUST01368,Onveer Parmer,Male,23,Government,2025-03-10,Bengaluru,Karnataka,South
CUST01369,Darsh Dara,Female,62,Corporate,2025-06-05,Pune,Maharashtra,West
CUST01370,Laban Sur,Female,51,Education,2022-10-26,Kochi,Kerala,South
CUST01371,Nisha Bhavsar,Male,57,Retail,2022-10-26,New Delhi,Delhi,North
CUST01372,Urvi Chahal,Female,57,Retail,2023-10-13,Indore,Madhya Pradesh,Central
CUST01373,Abhimanyu Srivastava,Female,18,Government,2024-04-12,Pune,Maharashtra,West
CUST01374,Quincy Bhatnagar,Male,51,Retail,2024-03-10,Kochi,Kerala,South
CUST01375,Ranbir Ravel,Male,47,Corporate,2024-04-30,Bhopal,Madhya Pradesh,Central
CUST01376,Yug Sami,Male,25,Corporate,2025-08-29,Mumbai,Maharashtra,West
CUST01377,Kevin Halder,Male,28,Retail,2022-03-17,Amritsar,Punjab,North
CUST01378,Maanas Tandon,Female,36,Corporate,2026-06-08,Mangaluru,Karnataka,South
CUST01379,Sathvik Nair,Female,57,Education,2022-07-10,New Delhi,Delhi,North
CUST01380,Krish Sethi,Male,52,Corporate,2025-11-02,Bengaluru,Karnataka,South
CUST01381,Maya Samra,Female,50,Retail,2025-02-27,Hyderabad,Telangana,South
CUST01382,Ishaan Dani,Female,55,Government,2025-11-29,Chennai,Tamil Nadu,South
CUST01383,Oni Rana,Male,65,SME,2021-07-31,Surat,Gujarat,West
CUST01384,Dhruv Palla,Female,32,Retail,2021-09-13,Kochi,Kerala,South
CUST01385,Advika Tandon,Female,30,Education,2024-12-18,Kozhikode,Kerala,South
CUST01386,Ridhi Pant,Female,55,Education,2023-05-14,Kochi,Kerala,South
CUST01387,Kala Dalal,Male,31,Government,2025-11-22,Mysuru,Karnataka,South
CUST01388,Xavier Jha,Female,41,Corporate,2024-01-08,Ludhiana,Punjab,North
CUST01389,Amol Dhaliwal,Female,35,Corporate,2024-09-19,Ludhiana,Punjab,North
CUST01390,Nicholas Chowdhury,Male,62,Government,2021-09-30,Ahmedabad,Gujarat,West
CUST01391,Balhaar Borah,Male,25,Education,2021-10-24,Mysuru,Karnataka,South
CUST01392,Upasna Dass,Male,39,Corporate,2024-02-20,Amritsar,Punjab,North
CUST01393,Meghana Grewal,Male,58,Government,2024-02-18,Nagpur,Maharashtra,West
CUST01394,Lohit Issac,Male,23,Education,2025-11-30,Karimnagar,Telangana,South
CUST01395,Samuel Naik,Male,55,Education,2025-08-10,Siliguri,West Bengal,East
CUST01396,Jagdish Sha,Male,64,Education,2025-07-26,Amritsar,Punjab,North
CUST01397,Yashvi Bhatt,Female,45,Government,2023-11-08,Kochi,Kerala,South
CUST01398,Wyatt Dora,Male,54,Retail,2022-03-07,Kozhikode,Kerala,South
CUST01399,Qushi Chhabra,Male,48,Government,2023-08-14,New Delhi,Delhi,North
CUST01400,Manbir Jha,Female,48,Retail,2025-11-21,Mysuru,Karnataka,South
CUST01401,Alka Thakkar,Male,23,Government,2022-08-09,Amritsar,Punjab,North
CUST01402,Ekalinga Kara,Female,31,Corporate,2023-08-18,Mangaluru,Karnataka,South
CUST01403,Anjali Muni,Male,59,Retail,2024-06-23,Surat,Gujarat,West
CUST01404,Charles Toor,Female,28,Education,2025-05-14,Mysuru,Karnataka,South
CUST01405,Anay Dugar,Female,47,Corporate,2023-01-21,Indore,Madhya Pradesh,Central
CUST01406,Ria Kaul,Female,58,Education,2025-12-12,New Delhi,Delhi,North
CUST01407,Qasim Mangat,Male,42,SME,2025-01-19,Mangaluru,Karnataka,South
CUST01408,Wazir Bawa,Female,45,SME,2024-11-16,Kolkata,West Bengal,East
CUST01409,Siddharth Sandal,Male,57,SME,2025-06-19,Indore,Madhya Pradesh,Central
CUST01410,Rohan Sagar,Female,21,Retail,2023-12-29,Mangaluru,Karnataka,South
CUST01411,Urvi Oak,Female,57,Retail,2022-06-07,New Delhi,Delhi,North
CUST01412,Zilmil Lalla,Male,59,Government,2022-03-17,Surat,Gujarat,West
CUST01413,Baljiwan Luthra,Male,26,SME,2024-06-10,Madurai,Tamil Nadu,South
CUST01414,Quincy Rai,Male,59,Education,2022-02-27,Kozhikode,Kerala,South
CUST01415,Lajita Parikh,Male,38,SME,2026-06-06,Indore,Madhya Pradesh,Central
CUST01416,Wazir Sundaram,Female,35,Retail,2021-12-14,Nagpur,Maharashtra,West
CUST01417,Forum More,Female,46,Education,2022-02-10,Coimbatore,Tamil Nadu,South
CUST01418,Bina Solanki,Female,63,Government,2024-04-24,Kolkata,West Bengal,East
CUST01419,Bishakha Tailor,Female,57,SME,2021-10-16,Siliguri,West Bengal,East
CUST01420,Neel Dhaliwal,Female,23,Retail,2024-11-23,Chennai,Tamil Nadu,South
CUST01421,Ranveer Hans,Female,22,Retail,2022-05-10,New Delhi,Delhi,North
CUST01422,Bimala Agrawal,Male,62,Corporate,2021-12-10,Warangal,Telangana,South
CUST01423,Baghyawati Chadha,Male,51,Retail,2021-12-20,Ludhiana,Punjab,North
CUST01424,Aarini Dara,Male,48,SME,2025-04-14,Pune,Maharashtra,West
CUST01425,Simon Shukla,Male,36,Corporate,2024-01-06,New Delhi,Delhi,North
CUST01426,Theodore Samra,Male,51,SME,2022-07-23,Chennai,Tamil Nadu,South
CUST01427,Yauvani Nayak,Female,49,Government,2026-01-03,New Delhi,Delhi,North
CUST01428,Faraj Ghose,Female,37,Government,2024-01-28,Siliguri,West Bengal,East
CUST01429,Adweta Sarin,Male,34,Corporate,2022-06-23,Warangal,Telangana,South
CUST01430,Yashica Morar,Female,21,Corporate,2024-11-01,Amritsar,Punjab,North
CUST01431,Aadi Iyer,Female,28,Government,2024-10-28,Surat,Gujarat,West
CUST01432,Onveer Kulkarni,Female,29,Corporate,2023-06-15,Karimnagar,Telangana,South
CUST01433,Qadim Viswanathan,Male,25,Retail,2025-03-02,Hyderabad,Telangana,South
CUST01434,Frederick Goda,Male,46,SME,2026-01-28,Vadodara,Gujarat,West
CUST01435,Damyanti Chowdhury,Male,53,Retail,2024-04-10,Ahmedabad,Gujarat,West
CUST01436,Zayan Varghese,Male,41,Education,2023-07-13,Surat,Gujarat,West
CUST01437,Raagini D’Alia,Female,25,Retail,2024-07-23,Kolkata,West Bengal,East
CUST01438,Faras Nanda,Male,47,SME,2025-08-05,New Delhi,Delhi,North
CUST01439,Vrinda Badal,Female,59,SME,2023-09-16,Hyderabad,Telangana,South
CUST01440,Vrishti Ghose,Male,54,Education,2025-04-22,Amritsar,Punjab,North
CUST01441,Siya Misra,Male,64,Education,2023-11-28,Vadodara,Gujarat,West
CUST01442,Yashasvi Badal,Male,37,Retail,2021-10-08,Bengaluru,Karnataka,South
CUST01443,Vinaya Raja,Female,40,Retail,2023-10-01,New Delhi,Delhi,North
CUST01444,Xiti Venkataraman,Male,55,Government,2024-07-10,Ahmedabad,Gujarat,West
CUST01445,Harini Jha,Male,19,Retail,2021-11-23,Thiruvananthapuram,Kerala,South
CUST01446,Rachit Tara,Male,50,Education,2025-08-28,Siliguri,West Bengal,East
CUST01447,Vaishnavi Balay,Female,56,Government,2021-12-25,Thiruvananthapuram,Kerala,South
CUST01448,Anita Dutta,Female,43,Corporate,2025-12-01,Kolkata,West Bengal,East
CUST01449,Nidhi Narain,Female,41,Retail,2024-09-05,New Delhi,Delhi,North
CUST01450,Chavvi Setty,Female,37,Education,2024-12-18,Pune,Maharashtra,West
CUST01451,Abdul Bedi,Male,64,Education,2026-06-12,Kolkata,West Bengal,East
CUST01452,Yashodhara Barad,Female,28,Education,2024-07-25,New Delhi,Delhi,North
CUST01453,Dipta Tiwari,Male,27,Corporate,2024-04-17,New Delhi,Delhi,North
CUST01454,Anjali Mand,Female,22,Government,2024-04-14,Pune,Maharashtra,West
CUST01455,Ayush Basak,Male,44,SME,2024-03-12,New Delhi,Delhi,North
CUST01456,Bina Behl,Female,63,Government,2023-08-08,New Delhi,Delhi,North
CUST01457,Tanay Palla,Male,42,SME,2022-01-30,Hyderabad,Telangana,South
CUST01458,Yahvi Mahal,Male,37,Government,2025-08-04,Siliguri,West Bengal,East
CUST01459,Harini Padmanabhan,Female,32,Retail,2024-12-12,Pune,Maharashtra,West
CUST01460,Ira Munshi,Female,37,Education,2023-03-09,Bengaluru,Karnataka,South
CUST01461,Mekhala Salvi,Female,44,Corporate,2025-07-21,Madurai,Tamil Nadu,South
CUST01462,Bhavani Devan,Male,25,SME,2021-07-10,Ludhiana,Punjab,North
CUST01463,Amrita Deep,Female,55,Education,2022-03-19,Ludhiana,Punjab,North
CUST01464,Kamala Sahni,Female,58,Education,2026-02-15,Bhopal,Madhya Pradesh,Central
CUST01465,Kamala Chander,Male,34,Corporate,2024-02-07,Coimbatore,Tamil Nadu,South
CUST01466,Advika Wadhwa,Male,38,Education,2025-12-14,Indore,Madhya Pradesh,Central
CUST01467,Rajeshri Grover,Male,21,SME,2024-05-24,Warangal,Telangana,South
CUST01468,Vinaya Agrawal,Female,21,SME,2026-06-19,Surat,Gujarat,West
CUST01469,Arunima Vaidya,Male,50,Corporate,2024-02-10,Nagpur,Maharashtra,West
CUST01470,Kashish Chandran,Male,52,SME,2024-05-14,Hyderabad,Telangana,South
CUST01471,Shivansh Muni,Female,35,SME,2022-11-18,Vadodara,Gujarat,West
CUST01472,Dakshesh Salvi,Female,27,Retail,2026-05-12,Madurai,Tamil Nadu,South
CUST01473,Triveni Padmanabhan,Female,41,Education,2024-03-24,Karimnagar,Telangana,South
CUST01474,Darsh Srinivasan,Male,24,Corporate,2022-12-23,New Delhi,Delhi,North
CUST01475,Wishi Kalla,Male,30,Government,2024-08-08,Karimnagar,Telangana,South
CUST01476,Andrew Jani,Female,47,Retail,2024-12-09,Indore,Madhya Pradesh,Central
CUST01477,Jagrati Lala,Male,48,SME,2023-02-18,Chennai,Tamil Nadu,South
CUST01478,Qushi Lad,Female,26,Education,2024-09-27,Nagpur,Maharashtra,West
CUST01479,Mitesh Dani,Male,63,SME,2023-02-06,Bhopal,Madhya Pradesh,Central
CUST01480,Ojasvi Ramachandran,Male,32,Corporate,2022-08-10,Mangaluru,Karnataka,South
CUST01481,Aahana Vohra,Male,37,Corporate,2025-07-10,Karimnagar,Telangana,South
CUST01482,Ijaya Raman,Male,45,Retail,2022-02-07,Kochi,Kerala,South
CUST01483,Rajeshri Virk,Female,45,Retail,2026-04-09,Chennai,Tamil Nadu,South
CUST01484,Bina Srinivasan,Male,60,Government,2025-04-23,Kochi,Kerala,South
CUST01485,Tanveer Kapur,Female,25,SME,2023-11-25,Indore,Madhya Pradesh,Central
CUST01486,Gopal Jhaveri,Female,60,Retail,2023-12-09,Bengaluru,Karnataka,South
CUST01487,Chaaya Patla,Male,55,Corporate,2023-11-22,Chennai,Tamil Nadu,South
CUST01488,Aayush Kapadia,Female,19,Retail,2023-03-12,Karimnagar,Telangana,South
CUST01489,Mahika Ramaswamy,Female,55,SME,2025-06-26,Karimnagar,Telangana,South
CUST01490,Pratyush Sabharwal,Male,50,Government,2026-03-31,Ahmedabad,Gujarat,West
CUST01491,Aarnav Pradhan,Male,51,Corporate,2022-02-23,Chennai,Tamil Nadu,South
CUST01492,Rajata Desai,Male,52,Retail,2024-05-18,Thiruvananthapuram,Kerala,South
CUST01493,Pranit Pradhan,Female,41,Government,2021-07-06,Chennai,Tamil Nadu,South
CUST01494,Bhavya Mitter,Male,29,SME,2022-12-26,Warangal,Telangana,South
CUST01495,Veer Bera,Male,50,Corporate,2023-02-02,New Delhi,Delhi,North
CUST01496,Damyanti Prasad,Female,25,Education,2022-07-22,New Delhi,Delhi,North
CUST01497,Yutika Chauhan,Male,49,SME,2023-06-18,Madurai,Tamil Nadu,South
CUST01498,Rishi Tank,Male,23,SME,2025-08-01,Nagpur,Maharashtra,West
CUST01499,Pallavi Sodhi,Female,36,Education,2024-01-15,Ludhiana,Punjab,North
CUST01500,Hemal Ramanathan,Female,32,Government,2024-02-12,Bhopal,Madhya Pradesh,Central
CUST01501,Ikshita Mukherjee,Female,30,Retail,2024-12-01,New Delhi,Delhi,North
CUST01502,Elijah Deol,Male,18,Education,2026-01-09,Amritsar,Punjab,North
CUST01503,Vansha Chauhan,Female,51,Retail,2025-09-10,Coimbatore,Tamil Nadu,South
CUST01504,Harini Jaggi,Female,43,Government,2025-11-03,Chennai,Tamil Nadu,South
CUST01505,Madhav Nanda,Male,22,SME,2025-09-22,Madurai,Tamil Nadu,South
CUST01506,Orinder Barad,Male,56,Education,2024-01-04,Thiruvananthapuram,Kerala,South
CUST01507,Janaki Kaul,Female,64,Education,2024-12-04,Chennai,Tamil Nadu,South
CUST01508,Chandresh Kakar,Female,59,Education,2023-09-06,Nagpur,Maharashtra,West
CUST01509,Aradhana Kari,Female,49,Government,2022-12-06,Surat,Gujarat,West
CUST01510,Shravya Jhaveri,Female,24,Retail,2025-10-20,Mumbai,Maharashtra,West
CUST01511,Ojas Balakrishnan,Female,32,Corporate,2024-05-09,Pune,Maharashtra,West
CUST01512,Zayyan Doctor,Male,22,Education,2021-07-20,Bengaluru,Karnataka,South
CUST01513,Yuvraj Krishnan,Female,56,SME,2024-03-30,Bengaluru,Karnataka,South
CUST01514,Aarini Sura,Male,22,Government,2025-09-29,Warangal,Telangana,South
CUST01515,Mason Edwin,Male,36,Education,2023-11-01,Amritsar,Punjab,North
CUST01516,Faris Bhardwaj,Female,52,Government,2023-12-12,Amritsar,Punjab,North
CUST01517,Qarin Rege,Female,25,Education,2023-04-08,Bengaluru,Karnataka,South
CUST01518,Inaya Swaminathan,Female,46,Education,2022-08-12,Amritsar,Punjab,North
CUST01519,Anita Sahota,Male,53,SME,2025-11-18,Bengaluru,Karnataka,South
CUST01520,Turvi Toor,Female,26,SME,2026-01-26,Warangal,Telangana,South
CUST01521,Rayaan Singhal,Male,54,Education,2026-04-16,New Delhi,Delhi,North
CUST01522,Vinaya Dubey,Female,53,Corporate,2022-03-24,Siliguri,West Bengal,East
CUST01523,Urvashi Sathe,Female,34,Education,2026-05-06,Kolkata,West Bengal,East
CUST01524,Qabil Dada,Female,36,SME,2025-05-09,Bhopal,Madhya Pradesh,Central
CUST01525,Ayush Mistry,Male,26,SME,2022-07-10,Bengaluru,Karnataka,South
CUST01526,Yadavi Boase,Male,58,SME,2023-03-04,Vadodara,Gujarat,West
CUST01527,Champak Mallick,Female,40,SME,2026-06-01,New Delhi,Delhi,North
CUST01528,Tanveer Narang,Male,60,Corporate,2026-05-05,New Delhi,Delhi,North
CUST01529,Madhav Krishnan,Female,55,Retail,2024-12-04,Kochi,Kerala,South
CUST01530,Arjun Tandon,Male,39,Corporate,2023-11-27,Coimbatore,Tamil Nadu,South
CUST01531,Akshay Narula,Female,20,Education,2021-12-01,Mangaluru,Karnataka,South
CUST01532,Indrajit Ram,Female,19,Education,2025-06-14,New Delhi,Delhi,North
CUST01533,Abeer Basu,Female,42,Government,2021-11-22,Indore,Madhya Pradesh,Central
CUST01534,Robert Chaudhary,Male,49,Retail,2025-05-11,New Delhi,Delhi,North
CUST01535,Yashoda Muni,Female,50,SME,2021-10-23,Thiruvananthapuram,Kerala,South
CUST01536,Ekanta Wason,Female,41,Education,2026-06-25,Karimnagar,Telangana,South
CUST01537,Jyoti Doshi,Male,52,Corporate,2025-09-14,Thiruvananthapuram,Kerala,South
CUST01538,Yashica Kari,Male,37,Government,2025-07-28,Pune,Maharashtra,West
CUST01539,Chaaya Chanda,Male,63,Government,2023-02-21,New Delhi,Delhi,North
CUST01540,Nimrat Shankar,Female,35,Retail,2022-12-02,Madurai,Tamil Nadu,South
CUST01541,Harini Cherian,Female,31,SME,2023-11-17,Bhopal,Madhya Pradesh,Central
CUST01542,Chaitanya Chatterjee,Female,50,SME,2025-11-14,Madurai,Tamil Nadu,South
CUST01543,Dipta Nanda,Male,44,Education,2024-12-22,New Delhi,Delhi,North
CUST01544,Jagvi Andra,Female,60,Government,2024-07-19,Nagpur,Maharashtra,West
CUST01545,Shaurya Ray,Male,54,Education,2026-03-14,Hyderabad,Telangana,South
CUST01546,Warhi Mand,Female,35,Government,2024-10-26,Kozhikode,Kerala,South
CUST01547,Frederick Bhat,Male,51,Corporate,2025-02-01,Bhopal,Madhya Pradesh,Central
CUST01548,Pooja Taneja,Male,33,Corporate,2025-11-01,Surat,Gujarat,West
CUST01549,Quincy Hayre,Female,38,Retail,2022-02-04,Pune,Maharashtra,West
CUST01550,Shaurya Virk,Female,36,Corporate,2024-07-15,Thiruvananthapuram,Kerala,South
CUST01551,Eesha Contractor,Male,43,Corporate,2022-08-27,Nagpur,Maharashtra,West
CUST01552,Joshua Arora,Male,19,Corporate,2025-04-30,Chennai,Tamil Nadu,South
CUST01553,Nandini Ratta,Female,53,Education,2025-06-08,Pune,Maharashtra,West
CUST01554,Jasmit Swamy,Male,28,SME,2022-10-04,New Delhi,Delhi,North
CUST01555,Balendra Desai,Female,35,Government,2026-06-06,Hyderabad,Telangana,South
CUST01556,Radha Butala,Male,64,Education,2023-05-28,Karimnagar,Telangana,South
CUST01557,Girik Chowdhury,Male,38,Government,2021-07-01,Bengaluru,Karnataka,South
CUST01558,Ekantika Kanda,Female,41,Retail,2023-06-25,Mumbai,Maharashtra,West
CUST01559,Noah Toor,Male,25,Government,2022-07-03,New Delhi,Delhi,North
CUST01560,Arjun Mukhopadhyay,Female,49,Retail,2025-10-30,Kolkata,West Bengal,East
CUST01561,Ati Basu,Male,38,SME,2023-11-15,Kozhikode,Kerala,South
CUST01562,Rudra Karan,Male,45,Corporate,2021-07-13,Bhopal,Madhya Pradesh,Central
CUST01563,Darika Choudhary,Male,31,SME,2023-01-18,Hyderabad,Telangana,South
CUST01564,Varenya Sawhney,Female,55,Retail,2023-10-19,Amritsar,Punjab,North
CUST01565,Arunima Mahal,Male,38,Government,2022-01-17,Amritsar,Punjab,North
CUST01566,Baljiwan Chaudhuri,Male,35,Corporate,2024-12-21,New Delhi,Delhi,North
CUST01567,Widisha Bail,Female,37,Retail,2026-01-02,Surat,Gujarat,West
CUST01568,Viraj Bedi,Male,62,Corporate,2021-09-26,Indore,Madhya Pradesh,Central
CUST01569,Aayush Saha,Female,37,SME,2026-04-18,Nagpur,Maharashtra,West
CUST01570,Sudiksha Dhar,Male,46,Education,2023-07-26,Madurai,Tamil Nadu,South
CUST01571,Advik Dora,Female,37,Retail,2026-04-15,Mysuru,Karnataka,South
CUST01572,Ekantika Bir,Male,28,Education,2025-05-03,Thiruvananthapuram,Kerala,South
CUST01573,Faqid Varughese,Female,20,SME,2026-04-11,Vadodara,Gujarat,West
CUST01574,Aryan Chokshi,Female,65,Education,2023-04-20,Coimbatore,Tamil Nadu,South
CUST01575,Keya Nagy,Female,24,Corporate,2023-06-10,Vadodara,Gujarat,West
CUST01576,Umang Oak,Male,40,Education,2024-03-06,Nagpur,Maharashtra,West
CUST01577,Jatin Anand,Female,62,Retail,2022-06-14,Bhopal,Madhya Pradesh,Central
CUST01578,Inaya Ganguly,Male,58,Education,2023-11-17,Mangaluru,Karnataka,South
CUST01579,Yoshita Palan,Female,30,SME,2022-04-02,Hyderabad,Telangana,South
CUST01580,Maanas Puri,Male,25,Corporate,2024-09-02,Vadodara,Gujarat,West
CUST01581,Harish Tella,Male,56,Education,2021-09-10,Kozhikode,Kerala,South
CUST01582,Guneet Sami,Female,65,Corporate,2023-12-26,Surat,Gujarat,West
CUST01583,Manthan Ramesh,Female,36,Corporate,2024-09-30,Mumbai,Maharashtra,West
CUST01584,Ayaan Loyal,Female,29,Education,2023-02-21,Coimbatore,Tamil Nadu,South
CUST01585,Mitali Rau,Male,19,Government,2024-05-19,New Delhi,Delhi,North
CUST01586,Yatan Munshi,Male,47,Corporate,2025-07-30,Indore,Madhya Pradesh,Central
CUST01587,Radhika Wable,Male,21,Education,2025-01-19,Nagpur,Maharashtra,West
CUST01588,Girish Sarin,Female,27,Retail,2026-01-04,Bhopal,Madhya Pradesh,Central
CUST01589,Alexander Wable,Male,18,Government,2024-02-22,Ahmedabad,Gujarat,West
CUST01590,Ijaya Grewal,Female,25,Corporate,2024-07-23,New Delhi,Delhi,North
CUST01591,Bhavya Kohli,Female,36,Education,2023-08-23,Kochi,Kerala,South
CUST01592,Baghyawati Sarraf,Female,31,Government,2024-10-13,New Delhi,Delhi,North
CUST01593,Laksh Dugar,Male,44,Corporate,2026-04-27,Thiruvananthapuram,Kerala,South
CUST01594,Chandran Palan,Male,36,SME,2021-09-29,New Delhi,Delhi,North
CUST01595,Warjas Khatri,Female,33,SME,2025-08-22,Kozhikode,Kerala,South
CUST01596,Manan Kamdar,Male,18,Education,2022-03-27,Bhopal,Madhya Pradesh,Central
CUST01597,Oscar Sodhi,Female,61,Corporate,2022-04-20,Warangal,Telangana,South
CUST01598,Ubika Mander,Female,22,Retail,2021-08-11,New Delhi,Delhi,North
CUST01599,Daksh Vyas,Male,39,Corporate,2022-02-07,Kolkata,West Bengal,East
CUST01600,Om Sanghvi,Male,18,SME,2022-02-16,Amritsar,Punjab,North
CUST01601,Jyoti Tara,Female,43,SME,2024-11-03,Siliguri,West Bengal,East
CUST01602,Manbir Mital,Male,55,Corporate,2023-06-06,Karimnagar,Telangana,South
CUST01603,Yasti Ravi,Female,39,Education,2021-10-03,Mumbai,Maharashtra,West
CUST01604,Onveer Deshpande,Female,63,Government,2022-10-06,Hyderabad,Telangana,South
CUST01605,Advaith Doshi,Female,25,SME,2022-07-24,New Delhi,Delhi,North
CUST01606,Bhavya Malhotra,Female,35,SME,2022-01-20,Bengaluru,Karnataka,South
CUST01607,Farhan Kapur,Female,57,SME,2023-02-23,New Delhi,Delhi,North
CUST01608,Isaac Ganesh,Female,28,SME,2024-06-20,Siliguri,West Bengal,East
CUST01609,Janya Mall,Female,21,Corporate,2023-11-11,Ludhiana,Punjab,North
CUST01610,Udyati Tank,Male,29,Retail,2022-04-30,Hyderabad,Telangana,South
CUST01611,Anmol Bassi,Male,63,Education,2023-05-15,Amritsar,Punjab,North
CUST01612,Adya Raj,Female,20,Education,2022-03-15,New Delhi,Delhi,North
CUST01613,Joshua Bajaj,Female,47,Education,2026-02-10,Vadodara,Gujarat,West
CUST01614,Gayathri Chadha,Male,25,SME,2021-10-10,Madurai,Tamil Nadu,South
CUST01615,Omya Ganesan,Female,29,Corporate,2023-12-22,Chennai,Tamil Nadu,South
CUST01616,Ekapad Savant,Male,55,Retail,2025-09-03,Siliguri,West Bengal,East
CUST01617,Ria Mangat,Female,22,Corporate,2025-11-21,Kolkata,West Bengal,East
CUST01618,Dalbir Sandal,Female,19,SME,2023-09-04,Ludhiana,Punjab,North
CUST01619,Aayush Saini,Female,55,Retail,2025-05-16,Coimbatore,Tamil Nadu,South
CUST01620,Azad Shan,Male,23,Education,2023-06-07,Ahmedabad,Gujarat,West
CUST01621,Imaran Narayan,Female,56,Retail,2022-06-01,Amritsar,Punjab,North
CUST01622,Meghana Bhatti,Female,38,Government,2021-12-11,Ahmedabad,Gujarat,West
CUST01623,Gabriel Saxena,Male,59,SME,2024-05-30,Hyderabad,Telangana,South
CUST01624,Kevin Goda,Male,53,Government,2021-07-09,Ahmedabad,Gujarat,West
CUST01625,Theodore Sen,Female,34,Corporate,2024-07-16,New Delhi,Delhi,North
CUST01626,Vasana Tara,Male,19,Corporate,2025-05-18,Thiruvananthapuram,Kerala,South
CUST01627,Sanya Narayan,Female,36,Corporate,2023-03-24,Warangal,Telangana,South
CUST01628,Samesh Rege,Female,45,SME,2024-10-04,Coimbatore,Tamil Nadu,South
CUST01629,Ekaja Grewal,Female,60,Retail,2022-02-21,Indore,Madhya Pradesh,Central
CUST01630,Tanveer Kamdar,Male,49,Education,2022-05-01,Vadodara,Gujarat,West
CUST01631,Amaira Sampath,Female,54,Government,2023-09-21,New Delhi,Delhi,North
CUST01632,Orinder Patla,Female,41,Government,2025-03-02,New Delhi,Delhi,North
CUST01633,Ikshita Bains,Female,23,Retail,2024-07-07,Warangal,Telangana,South
CUST01634,Chasmum Wali,Female,61,Corporate,2024-09-18,Siliguri,West Bengal,East
CUST01635,Zinal Wason,Male,36,Education,2023-12-13,Warangal,Telangana,South
CUST01636,Sanaya D’Alia,Female,37,Corporate,2022-09-13,New Delhi,Delhi,North
CUST01637,Chatresh Tripathi,Female,33,Government,2024-03-31,Karimnagar,Telangana,South
CUST01638,Zansi Cherian,Male,53,Retail,2024-10-20,New Delhi,Delhi,North
CUST01639,Rohan Pandey,Male,50,Education,2023-02-25,Mangaluru,Karnataka,South
CUST01640,Tanveer Memon,Female,60,Government,2023-02-11,New Delhi,Delhi,North
CUST01641,Vrinda Pandya,Female,55,Retail,2021-08-22,Pune,Maharashtra,West
CUST01642,Bimala Batra,Male,65,Education,2024-04-14,Kolkata,West Bengal,East
CUST01643,Qasim Bahri,Female,20,Retail,2025-12-09,Hyderabad,Telangana,South
CUST01644,Aditya Koshy,Female,55,Education,2023-08-28,New Delhi,Delhi,North
CUST01645,Darika Brar,Female,29,Corporate,2025-12-17,Amritsar,Punjab,North
CUST01646,Michael Hans,Female,61,Retail,2026-02-13,Hyderabad,Telangana,South
CUST01647,Dayita Srinivasan,Male,43,Retail,2022-11-02,New Delhi,Delhi,North
CUST01648,Dayita Sandal,Female,47,Education,2021-09-26,Bengaluru,Karnataka,South
CUST01649,Qasim Panchal,Female,57,Government,2026-02-12,Bhopal,Madhya Pradesh,Central
CUST01650,Januja Banerjee,Female,37,Retail,2025-07-11,Vadodara,Gujarat,West
CUST01651,Jeevika Kapadia,Male,30,Retail,2021-07-07,Hyderabad,Telangana,South
CUST01652,Ria Ranganathan,Male,19,Corporate,2024-08-21,Mangaluru,Karnataka,South
CUST01653,Abdul Soman,Male,45,Government,2021-10-27,Ludhiana,Punjab,North
CUST01654,Qabil Lalla,Female,47,Corporate,2023-10-06,Kochi,Kerala,South
CUST01655,Zaitra Balay,Male,25,Corporate,2024-06-16,Amritsar,Punjab,North
CUST01656,Rehaan Sidhu,Female,49,Education,2024-09-19,Karimnagar,Telangana,South
CUST01657,Ekbal Srinivasan,Male,30,SME,2022-01-11,Mysuru,Karnataka,South
CUST01658,Reva Datta,Male,39,Retail,2025-08-16,Bhopal,Madhya Pradesh,Central
CUST01659,Varsha Rout,Female,44,Education,2026-05-28,Madurai,Tamil Nadu,South
CUST01660,Thomas Rege,Male,49,Education,2024-04-26,Bhopal,Madhya Pradesh,Central
CUST01661,Yashodhara Mutti,Male,63,Retail,2022-11-23,Amritsar,Punjab,North
CUST01662,Aachal Thakkar,Female,54,SME,2024-05-14,Kolkata,West Bengal,East
CUST01663,Logan Virk,Female,59,Education,2022-04-04,Kolkata,West Bengal,East
CUST01664,Utkarsh Gola,Female,57,SME,2023-05-08,Ludhiana,Punjab,North
CUST01665,Akshay Wason,Male,28,SME,2025-06-27,Amritsar,Punjab,North
CUST01666,Vedika Natarajan,Female,46,Corporate,2025-06-06,Thiruvananthapuram,Kerala,South
CUST01667,Diya Shroff,Female,56,Education,2023-08-19,Kolkata,West Bengal,East
CUST01668,Inaya Rajan,Female,44,SME,2023-05-05,Warangal,Telangana,South
CUST01669,Rachit Kanda,Male,36,Retail,2025-10-17,Ludhiana,Punjab,North
CUST01670,Radhika Suri,Male,30,Corporate,2025-08-20,Ludhiana,Punjab,North
CUST01671,Mitali Ratta,Male,44,Education,2026-06-04,Bhopal,Madhya Pradesh,Central
CUST01672,Lopa Malhotra,Male,53,Retail,2021-07-28,Mumbai,Maharashtra,West
CUST01673,Oliver Khanna,Female,40,Corporate,2025-04-21,Mysuru,Karnataka,South
CUST01674,Jason Sahota,Male,22,SME,2024-08-09,Karimnagar,Telangana,South
CUST01675,Champak Johal,Male,25,Government,2024-01-16,New Delhi,Delhi,North
CUST01676,Dev Savant,Female,39,SME,2025-10-10,Thiruvananthapuram,Kerala,South
CUST01677,Chasmum Keer,Female,27,Government,2026-04-19,Mangaluru,Karnataka,South
CUST01678,Girik Gour,Male,46,Education,2026-01-01,Indore,Madhya Pradesh,Central
CUST01679,Jalsa Thaman,Male,53,Retail,2025-02-05,Chennai,Tamil Nadu,South
CUST01680,Bhavini Devan,Male,58,Retail,2026-05-10,Kolkata,West Bengal,East
CUST01681,Ranbir Shroff,Male,64,SME,2025-05-26,Thiruvananthapuram,Kerala,South
CUST01682,Ati Mander,Male,27,SME,2023-02-02,Amritsar,Punjab,North
CUST01683,Urishilla Issac,Male,30,Education,2023-12-07,Ahmedabad,Gujarat,West
CUST01684,Falguni Sangha,Male,48,SME,2025-02-13,New Delhi,Delhi,North
CUST01685,Qasim Gade,Male,23,SME,2022-10-19,Nagpur,Maharashtra,West
CUST01686,Mitali Gade,Female,41,Corporate,2022-10-21,Vadodara,Gujarat,West
CUST01687,Hredhaan Ganesh,Female,32,Corporate,2022-12-15,Karimnagar,Telangana,South
CUST01688,Nilima Bal,Female,47,Government,2025-04-28,New Delhi,Delhi,North
CUST01689,Meghana Bera,Female,27,Retail,2025-05-12,Ahmedabad,Gujarat,West
CUST01690,Ranveer Kara,Male,39,SME,2026-01-05,Kolkata,West Bengal,East
CUST01691,Xiti Halder,Female,21,Education,2022-06-09,New Delhi,Delhi,North
CUST01692,Jyoti Subramanian,Male,54,Retail,2024-06-08,Mangaluru,Karnataka,South
CUST01693,Vanya Walla,Female,43,Government,2024-02-06,Siliguri,West Bengal,East
CUST01694,Hiral Prashad,Female,40,Retail,2024-06-20,Nagpur,Maharashtra,West
CUST01695,Jai Saha,Male,62,Education,2025-11-12,Nagpur,Maharashtra,West
CUST01696,Chakradhar Dass,Female,62,SME,2024-06-19,Ludhiana,Punjab,North
CUST01697,Samesh Taneja,Female,23,Retail,2026-06-01,New Delhi,Delhi,North
CUST01698,Ekaja Dube,Female,64,Corporate,2024-03-11,Siliguri,West Bengal,East
CUST01699,Arin Prabhu,Male,23,Government,2026-01-09,Siliguri,West Bengal,East
CUST01700,Utkarsh Sandhu,Female,58,Corporate,2023-12-18,Siliguri,West Bengal,East
CUST01701,Zaid Som,Female,33,SME,2024-02-02,Bengaluru,Karnataka,South
CUST01702,Vinaya Yadav,Male,41,SME,2026-02-27,New Delhi,Delhi,North
CUST01703,Samesh Swamy,Male,21,Retail,2022-06-25,Siliguri,West Bengal,East
CUST01704,Chaaya Ram,Male,47,SME,2024-01-12,Amritsar,Punjab,North
CUST01705,Yahvi Sahni,Male,40,SME,2021-07-28,Kozhikode,Kerala,South
CUST01706,Ekapad Arora,Male,63,Education,2022-06-17,Nagpur,Maharashtra,West
CUST01707,Amrita Sangha,Male,38,Government,2022-01-07,Kolkata,West Bengal,East
CUST01708,Naksh Korpal,Female,47,Retail,2025-08-08,Indore,Madhya Pradesh,Central
CUST01709,Riya Talwar,Female,44,Retail,2026-03-12,Karimnagar,Telangana,South
CUST01710,Ganga Mitra,Female,26,Education,2022-05-10,Chennai,Tamil Nadu,South
CUST01711,Vasudha Goswami,Male,41,Government,2025-01-20,Thiruvananthapuram,Kerala,South
CUST01712,Januja Raja,Female,55,Education,2023-07-29,New Delhi,Delhi,North
CUST01713,Varsha Goel,Female,64,Education,2025-10-23,New Delhi,Delhi,North
CUST01714,Adya Shenoy,Male,49,Education,2024-08-02,Hyderabad,Telangana,South
CUST01715,Adya Sankar,Male,62,Corporate,2024-05-11,Karimnagar,Telangana,South
CUST01716,Mitesh Samra,Male,65,Corporate,2022-07-01,Amritsar,Punjab,North
CUST01717,Zayyan Din,Male,56,Education,2026-06-22,Siliguri,West Bengal,East
CUST01718,Yagnesh Nori,Female,54,SME,2026-06-10,Chennai,Tamil Nadu,South
CUST01719,Maya Madan,Male,25,SME,2024-07-31,Mangaluru,Karnataka,South
CUST01720,Wakeeta Magar,Female,36,Education,2025-10-04,Pune,Maharashtra,West
CUST01721,David Sehgal,Male,55,Education,2022-06-01,Bengaluru,Karnataka,South
CUST01722,Gabriel Anand,Female,31,Corporate,2025-09-20,Mysuru,Karnataka,South
CUST01723,Charles Lata,Male,53,SME,2024-05-26,Ludhiana,Punjab,North
CUST01724,Madhavi Merchant,Female,48,Government,2021-12-06,Chennai,Tamil Nadu,South
CUST01725,Garima Dutt,Female,39,Education,2025-08-03,Nagpur,Maharashtra,West
CUST01726,Udyati Dave,Male,50,Education,2025-07-05,Ludhiana,Punjab,North
CUST01727,Dipta Varkey,Male,64,SME,2023-02-15,Amritsar,Punjab,North
CUST01728,Anirudh Walla,Female,42,Corporate,2023-08-02,Madurai,Tamil Nadu,South
CUST01729,Sneha Narula,Male,60,Education,2025-07-25,New Delhi,Delhi,North
CUST01730,Udyati Rama,Male,28,Retail,2022-07-16,Nagpur,Maharashtra,West
CUST01731,Harrison Pandit,Male,59,Government,2026-02-01,Bhopal,Madhya Pradesh,Central
CUST01732,Udarsh Sengupta,Male,54,Government,2021-09-16,Chennai,Tamil Nadu,South
CUST01733,Inaya Mallick,Male,25,Government,2026-04-17,Thiruvananthapuram,Kerala,South
CUST01734,Banjeet Goswami,Female,31,Corporate,2021-11-05,Hyderabad,Telangana,South
CUST01735,Nidhi More,Male,52,Government,2024-01-09,Bhopal,Madhya Pradesh,Central
CUST01736,Vinaya Ghosh,Male,49,Retail,2024-03-31,Surat,Gujarat,West
CUST01737,Lekha Chana,Male,44,Retail,2025-06-03,Surat,Gujarat,West
CUST01738,Mohammed Parmar,Female,34,Retail,2025-03-06,Siliguri,West Bengal,East
CUST01739,Devika Bhakta,Male,36,Corporate,2022-09-01,Chennai,Tamil Nadu,South
CUST01740,Simon Bhakta,Male,27,SME,2026-02-19,Warangal,Telangana,South
CUST01741,Gaurav Sengupta,Male,57,SME,2026-04-22,New Delhi,Delhi,North
CUST01742,Meghana Chada,Male,37,Education,2024-02-29,Hyderabad,Telangana,South
CUST01743,Amara Nagarajan,Male,44,SME,2024-07-14,Coimbatore,Tamil Nadu,South
CUST01744,Divya Aggarwal,Male,21,Corporate,2026-04-25,Pune,Maharashtra,West
CUST01745,Aarav Vig,Male,49,Government,2026-04-22,Kozhikode,Kerala,South
CUST01746,Yashawini Palla,Male,35,Retail,2023-08-29,Siliguri,West Bengal,East
CUST01747,Vrinda Ganesan,Female,22,Education,2026-02-01,Surat,Gujarat,West
CUST01748,Azad Reddy,Male,19,SME,2024-03-22,Mysuru,Karnataka,South
CUST01749,Damini Devan,Male,53,Corporate,2022-08-09,Kolkata,West Bengal,East
CUST01750,Hritik Hegde,Female,46,Retail,2023-12-28,Nagpur,Maharashtra,West
CUST01751,Lavanya Kant,Male,41,Government,2024-11-18,Kolkata,West Bengal,East
CUST01752,Tanmayi Walla,Female,53,Education,2023-07-14,Hyderabad,Telangana,South
CUST01753,Mason Mangal,Female,57,SME,2022-06-12,Bengaluru,Karnataka,South
CUST01754,Wridesh Kaur,Male,48,SME,2025-05-05,Hyderabad,Telangana,South
CUST01755,Sudiksha Bhalla,Female,40,Corporate,2021-07-29,Bhopal,Madhya Pradesh,Central
CUST01756,Anita Sekhon,Male,28,Government,2025-11-16,Bhopal,Madhya Pradesh,Central
CUST01757,Wahab Rao,Female,23,Education,2022-10-05,Indore,Madhya Pradesh,Central
CUST01758,Ekantika Pandit,Female,45,Corporate,2022-08-16,Chennai,Tamil Nadu,South
CUST01759,Vincent Sule,Female,58,SME,2024-02-13,Bhopal,Madhya Pradesh,Central
CUST01760,Triveni Tata,Male,60,SME,2023-02-06,Amritsar,Punjab,North
CUST01761,Harinakshi Palla,Female,56,SME,2023-03-28,Ahmedabad,Gujarat,West
CUST01762,Wishi Golla,Male,59,Retail,2022-02-08,Mangaluru,Karnataka,South
CUST01763,Alexander Lala,Male,18,Corporate,2022-07-05,Bhopal,Madhya Pradesh,Central
CUST01764,Isaac Kaur,Female,52,Retail,2025-02-26,New Delhi,Delhi,North
CUST01765,Oni Tandon,Male,60,Education,2023-12-16,Madurai,Tamil Nadu,South
CUST01766,Bina Bath,Female,56,SME,2026-02-05,Coimbatore,Tamil Nadu,South
CUST01767,Bhavika Sule,Male,25,Education,2025-01-30,New Delhi,Delhi,North
CUST01768,Lekha Bir,Female,18,Corporate,2026-04-08,Ahmedabad,Gujarat,West
CUST01769,Ishita Raju,Female,30,Retail,2022-10-05,Mysuru,Karnataka,South
CUST01770,Oni Yadav,Male,32,Education,2023-03-14,Bhopal,Madhya Pradesh,Central
CUST01771,Mason Kunda,Female,49,Government,2023-05-31,Ahmedabad,Gujarat,West
CUST01772,Neel Sur,Male,58,Education,2023-06-10,Kochi,Kerala,South
CUST01773,Harita Chowdhury,Female,28,Government,2021-08-27,Coimbatore,Tamil Nadu,South
CUST01774,Leela Sathe,Male,22,Government,2025-09-17,Kozhikode,Kerala,South
CUST01775,Jagvi Nagarajan,Male,26,SME,2025-09-30,Karimnagar,Telangana,South
CUST01776,Advaith Saxena,Female,30,Retail,2023-10-31,Indore,Madhya Pradesh,Central
CUST01777,Harinakshi Chanda,Female,18,Education,2025-04-12,Siliguri,West Bengal,East
CUST01778,Devika Majumdar,Female,44,SME,2023-03-23,Mysuru,Karnataka,South
CUST01779,Chameli Misra,Female,49,SME,2025-06-23,Madurai,Tamil Nadu,South
CUST01780,Vritti Sandal,Male,21,SME,2026-06-23,Kolkata,West Bengal,East
CUST01781,Ekaja Gulati,Female,18,Education,2022-12-23,New Delhi,Delhi,North
CUST01782,Ekaraj Bhatti,Male,54,Retail,2022-11-29,Thiruvananthapuram,Kerala,South
CUST01783,Wriddhish Nori,Female,22,Corporate,2023-01-23,Kozhikode,Kerala,South
CUST01784,Manbir Tailor,Female,37,Retail,2021-10-27,Kochi,Kerala,South
CUST01785,Jagvi Dash,Female,45,Retail,2023-09-30,Chennai,Tamil Nadu,South
CUST01786,Aahana Bhardwaj,Female,33,Retail,2021-12-02,Bhopal,Madhya Pradesh,Central
CUST01787,Lajita Tella,Female,21,SME,2024-10-04,Ludhiana,Punjab,North
CUST01788,Jai Sengupta,Male,56,Government,2026-06-27,Kolkata,West Bengal,East
CUST01789,Faraj Nadkarni,Female,55,Retail,2024-10-17,Ludhiana,Punjab,North
CUST01790,Neelima Prabhu,Male,42,SME,2025-07-24,Chennai,Tamil Nadu,South
CUST01791,Ekantika Mody,Male,46,Retail,2022-04-24,Chennai,Tamil Nadu,South
CUST01792,Kashvi Dalal,Female,22,Retail,2022-07-01,Nagpur,Maharashtra,West
CUST01793,Ijaya Lad,Male,36,Education,2023-01-22,Mangaluru,Karnataka,South
CUST01794,Nachiket Ranganathan,Female,32,Government,2025-05-01,New Delhi,Delhi,North
CUST01795,Umang Radhakrishnan,Female,42,Education,2025-05-04,Indore,Madhya Pradesh,Central
CUST01796,Yauvani Loke,Female,59,Retail,2025-12-31,New Delhi,Delhi,North
CUST01797,Nimrat Keer,Male,24,Retail,2025-02-08,Amritsar,Punjab,North
CUST01798,Mugdha Loyal,Male,55,Corporate,2025-11-16,Mangaluru,Karnataka,South
CUST01799,Daksha Kaur,Female,40,Education,2026-03-11,Indore,Madhya Pradesh,Central
CUST01800,Farhan Shah,Male,33,Corporate,2025-11-22,Amritsar,Punjab,North
CUST01801,Samaksh Gulati,Male,37,Government,2026-03-11,Bengaluru,Karnataka,South
CUST01802,Indali Bhattacharyya,Female,55,Government,2025-05-01,New Delhi,Delhi,North
CUST01803,Ucchal Subramanian,Female,37,Government,2025-01-09,Hyderabad,Telangana,South
CUST01804,Harita Gade,Female,18,Government,2025-09-02,Surat,Gujarat,West
CUST01805,Maya Dara,Male,33,Government,2026-06-18,Indore,Madhya Pradesh,Central
CUST01806,Ria Dash,Female,40,Corporate,2025-03-24,Kolkata,West Bengal,East
CUST01807,Aarna Nigam,Male,22,SME,2026-05-14,Kozhikode,Kerala,South
CUST01808,Harita Yadav,Female,62,Education,2025-08-20,Kozhikode,Kerala,South
CUST01809,Tanveer Toor,Female,57,SME,2024-04-02,Bhopal,Madhya Pradesh,Central
CUST01810,Bakhshi Handa,Male,24,Education,2025-12-04,New Delhi,Delhi,North
CUST01811,Kalpit Deo,Male,18,Corporate,2025-02-11,Mysuru,Karnataka,South
CUST01812,Hitesh Hayre,Male,33,Education,2026-04-08,Thiruvananthapuram,Kerala,South
CUST01813,Yagnesh Dalal,Female,31,Education,2025-03-13,Vadodara,Gujarat,West
CUST01814,Ekta Mutti,Female,18,Retail,2022-10-03,Hyderabad,Telangana,South
CUST01815,Jack Gola,Male,27,SME,2024-11-24,Ahmedabad,Gujarat,West
CUST01816,Yuvraj Yadav,Female,20,Retail,2022-12-29,Ludhiana,Punjab,North
CUST01817,Tamanna Kari,Female,29,Corporate,2023-07-21,Kochi,Kerala,South
CUST01818,Dayamai Raj,Male,39,Government,2022-11-15,Nagpur,Maharashtra,West
CUST01819,Devika Golla,Male,19,Corporate,2023-09-18,Kochi,Kerala,South
CUST01820,Riya Sridhar,Male,61,Corporate,2023-10-26,Mumbai,Maharashtra,West
CUST01821,Udarsh Nagy,Female,31,SME,2026-01-05,New Delhi,Delhi,North
CUST01822,Deepa Gill,Female,41,Corporate,2025-06-21,Ludhiana,Punjab,North
CUST01823,David Thakkar,Male,25,Corporate,2023-11-04,Siliguri,West Bengal,East
CUST01824,Mitesh Mall,Male,52,Education,2022-12-05,Hyderabad,Telangana,South
CUST01825,Teerth Bhagat,Female,58,Corporate,2022-03-30,Surat,Gujarat,West
CUST01826,Dipta Pau,Male,52,SME,2022-03-03,Mangaluru,Karnataka,South
CUST01827,Ranbir Biswas,Male,21,SME,2026-05-27,Warangal,Telangana,South
CUST01828,Elijah Sridhar,Female,31,Retail,2022-08-16,Karimnagar,Telangana,South
CUST01829,Janya Comar,Male,50,Education,2026-06-21,Ludhiana,Punjab,North
CUST01830,Jonathan Mannan,Female,51,Education,2023-10-25,Siliguri,West Bengal,East
CUST01831,Chatresh Contractor,Female,51,Education,2026-03-15,Warangal,Telangana,South
CUST01832,Aditya Gulati,Female,55,Education,2025-06-11,Amritsar,Punjab,North
CUST01833,Kevin Deo,Male,32,Corporate,2021-08-21,Indore,Madhya Pradesh,Central
CUST01834,Harrison Chaudhry,Female,31,SME,2025-03-18,Ludhiana,Punjab,North
CUST01835,Liam Krishnamurthy,Male,41,SME,2021-08-23,New Delhi,Delhi,North
CUST01836,Sarthak Agate,Male,23,SME,2023-03-10,Kolkata,West Bengal,East
CUST01837,Kamya Chaudhari,Male,55,Retail,2021-12-29,Amritsar,Punjab,North
CUST01838,Om Babu,Female,46,Education,2022-01-11,Amritsar,Punjab,North
CUST01839,Quincy Dhawan,Female,49,SME,2023-10-20,New Delhi,Delhi,North
CUST01840,Indali Parmar,Male,29,Education,2023-06-29,Pune,Maharashtra,West
CUST01841,Maanav Apte,Male,40,Retail,2023-07-12,Thiruvananthapuram,Kerala,South
CUST01842,Imaran Pillai,Male,35,Corporate,2022-12-02,Nagpur,Maharashtra,West
CUST01843,Tanvi Buch,Male,41,Retail,2022-09-19,Chennai,Tamil Nadu,South
CUST01844,George Agrawal,Female,30,SME,2023-11-25,Kolkata,West Bengal,East
CUST01845,Janaki Cherian,Female,30,Government,2024-06-23,Pune,Maharashtra,West
CUST01846,Imaran Dani,Female,18,SME,2021-07-14,Karimnagar,Telangana,South
CUST01847,Yug Cherian,Female,43,Government,2022-09-29,Pune,Maharashtra,West
CUST01848,Gayathri Ravi,Male,43,Corporate,2026-06-30,Mysuru,Karnataka,South
CUST01849,Tanish Sibal,Male,48,Corporate,2023-03-25,Kozhikode,Kerala,South
CUST01850,Udarsh Dasgupta,Female,39,Retail,2024-03-05,Siliguri,West Bengal,East
CUST01851,Pranav Mallick,Female,62,Education,2025-08-11,Ahmedabad,Gujarat,West
CUST01852,Champak Mutti,Female,53,Retail,2022-12-15,Thiruvananthapuram,Kerala,South
CUST01853,Abdul Mangal,Male,37,Retail,2024-01-01,Ahmedabad,Gujarat,West
CUST01854,Unni Vora,Female,32,Education,2021-10-17,Amritsar,Punjab,North
CUST01855,Parth Saran,Female,38,Government,2022-12-20,New Delhi,Delhi,North
CUST01856,Yash Sandhu,Male,26,Corporate,2024-05-11,Mangaluru,Karnataka,South
CUST01857,Frederick Sane,Female,42,Corporate,2025-11-09,Vadodara,Gujarat,West
CUST01858,Krisha Wable,Female,30,Education,2024-06-30,New Delhi,Delhi,North
CUST01859,Hemang Mane,Female,58,SME,2021-09-12,Coimbatore,Tamil Nadu,South
CUST01860,Liam Nagi,Male,61,Government,2023-09-15,Chennai,Tamil Nadu,South
CUST01861,Niharika Mand,Female,19,Corporate,2024-11-16,Hyderabad,Telangana,South
CUST01862,Yug Muni,Female,36,Corporate,2024-08-24,Kochi,Kerala,South
CUST01863,Jagat Bajaj,Male,47,Retail,2022-03-28,Thiruvananthapuram,Kerala,South
CUST01864,Ekapad Chakraborty,Male,28,SME,2023-02-15,Vadodara,Gujarat,West
CUST01865,Anamika Kumer,Male,25,Corporate,2022-09-04,New Delhi,Delhi,North
CUST01866,Chavvi Mutti,Female,65,Retail,2022-08-28,Siliguri,West Bengal,East
CUST01867,Fiyaz Prabhakar,Male,31,SME,2023-02-05,New Delhi,Delhi,North
CUST01868,Avi Morar,Male,56,Government,2025-03-23,New Delhi,Delhi,North
CUST01869,Rayaan Gandhi,Male,50,Education,2023-09-13,Nagpur,Maharashtra,West
CUST01870,Qabil Kumer,Male,27,Education,2021-09-13,Mumbai,Maharashtra,West
CUST01871,Sara Varghese,Male,51,SME,2025-01-31,Coimbatore,Tamil Nadu,South
CUST01872,Devika Kalita,Female,47,Government,2024-01-14,Bhopal,Madhya Pradesh,Central
CUST01873,Arjun Bhakta,Male,36,Education,2026-03-14,Mangaluru,Karnataka,South
CUST01874,Hemani Sani,Female,43,Government,2024-04-09,Vadodara,Gujarat,West
CUST01875,Logan Vala,Male,29,Government,2022-12-22,Warangal,Telangana,South
CUST01876,Aradhana Narasimhan,Female,60,Corporate,2023-07-21,New Delhi,Delhi,North
CUST01877,Zansi Bir,Female,62,Retail,2023-06-16,Indore,Madhya Pradesh,Central
CUST01878,Bina Mani,Female,58,Government,2024-04-07,Kochi,Kerala,South
CUST01879,Harish Agrawal,Male,62,Corporate,2024-07-28,Nagpur,Maharashtra,West
CUST01880,Warjas Palla,Male,41,Retail,2024-06-10,Amritsar,Punjab,North
CUST01881,Parth Narayan,Female,44,Education,2022-11-11,Madurai,Tamil Nadu,South
CUST01882,Harshil Arya,Male,50,Retail,2023-12-18,Warangal,Telangana,South
CUST01883,Dalaja Jha,Male,58,Education,2025-06-09,Ludhiana,Punjab,North
CUST01884,Reva Samra,Female,30,Education,2023-10-30,New Delhi,Delhi,North
CUST01885,Harita Dash,Female,25,Corporate,2021-09-29,Bengaluru,Karnataka,South
CUST01886,Ranveer Om,Female,49,Education,2024-01-04,Vadodara,Gujarat,West
CUST01887,Megha Kar,Male,63,Education,2026-05-06,Chennai,Tamil Nadu,South
CUST01888,Chakradev Gopal,Female,28,Corporate,2023-06-12,Warangal,Telangana,South
CUST01889,Balhaar Ghose,Male,29,SME,2023-02-12,Mangaluru,Karnataka,South
CUST01890,Vaishnavi Dugar,Female,28,Retail,2025-02-20,Madurai,Tamil Nadu,South
CUST01891,Tejas Naik,Female,27,Education,2025-02-09,Mangaluru,Karnataka,South
CUST01892,Guneet Parekh,Male,63,Retail,2022-07-11,Ahmedabad,Gujarat,West
CUST01893,Suhani Krishnamurthy,Female,62,Retail,2026-02-09,Kolkata,West Bengal,East
CUST01894,Manya Reddy,Female,62,SME,2025-06-28,Kolkata,West Bengal,East
CUST01895,Chaitaly Patla,Male,21,Education,2025-09-01,Ludhiana,Punjab,North
CUST01896,Anay Tailor,Female,33,Corporate,2023-09-27,Kochi,Kerala,South
CUST01897,Yadavi Bhandari,Female,19,Retail,2023-10-21,Chennai,Tamil Nadu,South
CUST01898,Ishanvi Borde,Male,32,Retail,2024-04-19,Ahmedabad,Gujarat,West
CUST01899,Yagnesh Dass,Male,20,Education,2021-12-08,Karimnagar,Telangana,South
CUST01900,Krishna Bhandari,Female,38,Government,2023-11-04,Kolkata,West Bengal,East
CUST01901,Riya Khare,Male,52,Education,2023-01-21,Kozhikode,Kerala,South
CUST01902,Vivaan Sundaram,Male,31,Retail,2024-09-09,New Delhi,Delhi,North
CUST01903,Tanveer Jayaraman,Male,18,Education,2023-12-26,Surat,Gujarat,West
CUST01904,Krisha Srivastava,Female,31,Education,2026-01-07,Ahmedabad,Gujarat,West
CUST01905,Damini Samra,Female,59,Government,2024-11-15,Kochi,Kerala,South
CUST01906,Aachal Nori,Male,31,Education,2025-07-03,Ahmedabad,Gujarat,West
CUST01907,Avni Mander,Female,24,Government,2023-08-17,Nagpur,Maharashtra,West
CUST01908,Libni Gera,Female,24,Government,2021-11-01,Indore,Madhya Pradesh,Central
CUST01909,Jagrati Boase,Female,61,Corporate,2025-09-10,Vadodara,Gujarat,West
CUST01910,Jackson Khanna,Female,60,Education,2025-10-05,Ahmedabad,Gujarat,West
CUST01911,Advay Chokshi,Male,56,Government,2023-08-22,Coimbatore,Tamil Nadu,South
CUST01912,Laksh Korpal,Male,50,Government,2025-01-07,Amritsar,Punjab,North
CUST01913,Aarna Palan,Male,57,Retail,2022-07-29,Bengaluru,Karnataka,South
CUST01914,Ayaan Ramanathan,Female,33,Government,2024-07-15,Mumbai,Maharashtra,West
CUST01915,Samesh Kala,Male,41,Education,2022-06-08,Chennai,Tamil Nadu,South
CUST01916,Wriddhish Kapur,Male,42,Corporate,2026-02-16,Mumbai,Maharashtra,West
CUST01917,Chakradev Kunda,Female,65,SME,2024-05-02,Bengaluru,Karnataka,South
CUST01918,Nisha Deol,Female,59,Retail,2021-12-29,Warangal,Telangana,South
CUST01919,Caleb Pandit,Female,19,Corporate,2023-10-23,Siliguri,West Bengal,East
CUST01920,Chatura Malhotra,Male,31,Government,2023-06-15,Surat,Gujarat,West
CUST01921,Samesh Solanki,Male,61,Corporate,2026-06-07,Mangaluru,Karnataka,South
CUST01922,Yamini Rana,Female,29,Education,2022-08-21,Bhopal,Madhya Pradesh,Central
CUST01923,Yuvraj Pathak,Female,22,Corporate,2026-06-03,Bengaluru,Karnataka,South
CUST01924,Gavin Vig,Male,31,Corporate,2025-09-25,Mangaluru,Karnataka,South
CUST01925,Jagdish Bumb,Male,33,Government,2024-08-25,Chennai,Tamil Nadu,South
CUST01926,Samesh Raja,Female,37,Corporate,2026-05-21,Coimbatore,Tamil Nadu,South
CUST01927,Chandani Vora,Female,29,Government,2022-11-06,Kochi,Kerala,South
CUST01928,Vasudha Bir,Female,54,Education,2021-09-10,Thiruvananthapuram,Kerala,South
CUST01929,Gopal Mann,Female,23,SME,2021-10-24,Thiruvananthapuram,Kerala,South
CUST01930,Kala Palan,Male,48,Education,2022-06-30,New Delhi,Delhi,North
CUST01931,Zayan Vaidya,Male,48,Retail,2023-04-22,New Delhi,Delhi,North
CUST01932,Dalaja Gara,Male,37,Government,2025-01-26,New Delhi,Delhi,North
CUST01933,Oeshi Shetty,Male,34,Education,2024-07-03,Kolkata,West Bengal,East
CUST01934,Warda Prabhakar,Female,36,Education,2024-10-18,Amritsar,Punjab,North
CUST01935,Inaya Nair,Male,39,Corporate,2024-10-06,Siliguri,West Bengal,East
CUST01936,Ronith Toor,Male,30,Retail,2023-02-24,Ludhiana,Punjab,North
CUST01937,Keya Bobal,Female,49,Education,2025-11-25,Mangaluru,Karnataka,South
CUST01938,Nimrat Jhaveri,Female,42,Education,2022-07-05,New Delhi,Delhi,North
CUST01939,Charvi Desai,Male,44,Retail,2026-05-02,Nagpur,Maharashtra,West
CUST01940,Hemangini Dewan,Male,30,Education,2021-08-20,Coimbatore,Tamil Nadu,South
CUST01941,Balveer Wagle,Female,50,Education,2025-10-17,Nagpur,Maharashtra,West
CUST01942,Jai Khosla,Male,59,Education,2024-07-25,Vadodara,Gujarat,West
CUST01943,Lucky Naik,Male,48,Retail,2024-01-03,New Delhi,Delhi,North
CUST01944,Fariq Upadhyay,Male,62,Corporate,2021-11-30,Vadodara,Gujarat,West
CUST01945,Bhanumati Dash,Female,61,Corporate,2022-04-22,Nagpur,Maharashtra,West
CUST01946,Amaira Chokshi,Male,18,Retail,2023-11-29,Mumbai,Maharashtra,West
CUST01947,Yutika Thaker,Female,43,Government,2024-12-06,Madurai,Tamil Nadu,South
CUST01948,Anay Dutta,Male,45,Corporate,2026-02-05,Madurai,Tamil Nadu,South
CUST01949,Baghyawati Batta,Female,50,Government,2025-10-13,New Delhi,Delhi,North
CUST01950,Thomas Barad,Female,64,Retail,2023-12-11,New Delhi,Delhi,North
CUST01951,Joshua Reddy,Female,27,SME,2022-11-05,Madurai,Tamil Nadu,South
CUST01952,Eesha Sankar,Female,62,SME,2023-04-15,Kozhikode,Kerala,South
CUST01953,Nisha Vasa,Female,18,Retail,2025-01-31,Bengaluru,Karnataka,South
CUST01954,Ranbir Chand,Female,51,Education,2022-04-29,Madurai,Tamil Nadu,South
CUST01955,Urvashi Varkey,Female,28,Corporate,2022-04-25,Nagpur,Maharashtra,West
CUST01956,Aachal Pall,Male,30,Education,2023-02-11,Ahmedabad,Gujarat,West
CUST01957,Chaman Talwar,Male,46,Government,2025-06-14,Karimnagar,Telangana,South
CUST01958,Tanay Pant,Male,21,Corporate,2021-09-26,Kochi,Kerala,South
CUST01959,Ekansh Viswanathan,Female,46,Government,2022-06-24,Thiruvananthapuram,Kerala,South
CUST01960,Neel Choudhry,Male,23,SME,2022-05-26,Madurai,Tamil Nadu,South
CUST01961,Sachi Hayer,Male,35,Retail,2025-07-17,Coimbatore,Tamil Nadu,South
CUST01962,Zarna Palan,Male,48,Education,2025-02-24,Ahmedabad,Gujarat,West
CUST01963,Fitan Prashad,Male,35,Retail,2026-05-13,Chennai,Tamil Nadu,South
CUST01964,Mekhala Baral,Male,31,Government,2022-01-15,Indore,Madhya Pradesh,Central
CUST01965,Samaksh Sangha,Female,49,Education,2026-06-03,Mysuru,Karnataka,South
CUST01966,Abhiram Badami,Female,39,SME,2021-09-10,Vadodara,Gujarat,West
CUST01967,Pooja Bail,Male,41,Education,2023-03-31,Surat,Gujarat,West
CUST01968,Harinakshi Murty,Female,39,Retail,2023-10-28,New Delhi,Delhi,North
CUST01969,Anjali Mutti,Female,64,Corporate,2024-06-19,Mysuru,Karnataka,South
CUST01970,Ganga Bawa,Male,51,SME,2022-11-10,Mangaluru,Karnataka,South
CUST01971,Mohini Kapoor,Female,57,Education,2023-12-18,Thiruvananthapuram,Kerala,South
CUST01972,Urvi Saran,Male,18,SME,2024-01-16,Siliguri,West Bengal,East
CUST01973,Isha Sankar,Female,20,SME,2025-07-15,Mangaluru,Karnataka,South
CUST01974,Mason Sha,Female,43,Government,2025-12-05,Ludhiana,Punjab,North
CUST01975,Faraj Baral,Female,48,Retail,2023-01-02,Coimbatore,Tamil Nadu,South
CUST01976,Yoshita Nadkarni,Male,63,Corporate,2022-07-06,New Delhi,Delhi,North
CUST01977,Qushi Kota,Male,49,Retail,2025-10-11,Kolkata,West Bengal,East
CUST01978,Maanav Ahuja,Female,28,Education,2024-04-30,Nagpur,Maharashtra,West
CUST01979,Chatura Lata,Male,33,Corporate,2024-01-07,Coimbatore,Tamil Nadu,South
CUST01980,Nikita Tella,Male,24,Education,2025-01-19,Karimnagar,Telangana,South
CUST01981,Alexander Deo,Female,42,SME,2021-12-07,Bengaluru,Karnataka,South
CUST01982,Girish Kata,Female,60,Education,2024-03-05,Kozhikode,Kerala,South
CUST01983,Eshana Malhotra,Male,52,Education,2021-09-17,Madurai,Tamil Nadu,South
CUST01984,Urishilla Lall,Female,32,Government,2023-11-01,Madurai,Tamil Nadu,South
CUST01985,Jatin Gara,Female,42,Education,2025-05-05,Indore,Madhya Pradesh,Central
CUST01986,Jagrati Ganesan,Male,32,SME,2023-12-13,Siliguri,West Bengal,East
CUST01987,Devika Ahuja,Male,25,Retail,2026-01-26,Coimbatore,Tamil Nadu,South
CUST01988,Amrita Parikh,Male,65,Retail,2024-11-03,Vadodara,Gujarat,West
CUST01989,Jack Tara,Male,38,Education,2022-01-20,Bhopal,Madhya Pradesh,Central
CUST01990,Mugdha Oza,Female,21,Government,2024-02-21,Indore,Madhya Pradesh,Central
CUST01991,Wishi Rout,Female,45,SME,2022-06-11,Kolkata,West Bengal,East
CUST01992,Ranveer Tailor,Male,51,Government,2022-03-04,Vadodara,Gujarat,West
CUST01993,Bhavna Rout,Male,43,Retail,2022-04-26,Indore,Madhya Pradesh,Central
CUST01994,Zarna Choudhury,Female,27,SME,2025-04-19,Siliguri,West Bengal,East
CUST01995,Aarav Natarajan,Female,27,Government,2023-01-27,Thiruvananthapuram,Kerala,South
CUST01996,Chandani Sen,Male,56,SME,2025-01-20,Mumbai,Maharashtra,West
CUST01997,Falan Saran,Male,35,Government,2021-12-29,Nagpur,Maharashtra,West
CUST01998,Ayushman Sami,Female,36,Education,2022-07-28,Ludhiana,Punjab,North
CUST01999,Lavanya Kurian,Male,63,Corporate,2022-01-15,Mysuru,Karnataka,South
CUST02000,Chaaya Sabharwal,Male,29,Education,2025-10-03,Kozhikode,Kerala,South
CUST02001,Utkarsh Kakar,Male,19,Government,2022-02-17,New Delhi,Delhi,North
CUST02002,Yasti Bal,Female,61,Education,2026-01-19,New Delhi,Delhi,North
CUST02003,Pallavi Jha,Female,22,Government,2022-01-28,Surat,Gujarat,West
CUST02004,Ranveer Bava,Male,62,Government,2023-06-07,Pune,Maharashtra,West
CUST02005,Abeer Sarna,Male,38,Government,2025-08-31,New Delhi,Delhi,North
CUST02006,Teerth Virk,Female,47,Corporate,2021-12-04,Mangaluru,Karnataka,South
CUST02007,Jasmit Raghavan,Female,62,Education,2022-02-02,Indore,Madhya Pradesh,Central
CUST02008,Om Mukherjee,Male,31,Corporate,2024-09-01,Mumbai,Maharashtra,West
CUST02009,Pahal Sachdev,Male,61,Corporate,2025-07-13,Mysuru,Karnataka,South
CUST02010,Ikbal Thakur,Male,21,Retail,2024-07-01,New Delhi,Delhi,North
CUST02011,Dayamai Sachdeva,Male,21,Retail,2023-10-05,Surat,Gujarat,West
CUST02012,Jhalak Chandran,Female,27,Education,2024-06-23,Siliguri,West Bengal,East
CUST02013,Raghav Gade,Male,33,Education,2026-06-18,Kochi,Kerala,South
CUST02014,Manthan Kurian,Male,59,Education,2026-05-07,Amritsar,Punjab,North
CUST02015,Qushi Ranganathan,Female,35,Education,2025-05-12,Coimbatore,Tamil Nadu,South
CUST02016,Vedika Baral,Male,25,Retail,2024-07-24,Ahmedabad,Gujarat,West
CUST02017,Gayathri Nath,Male,19,Government,2025-07-11,Coimbatore,Tamil Nadu,South
CUST02018,Meera Chana,Female,62,Retail,2022-02-09,Bhopal,Madhya Pradesh,Central
CUST02019,Krishna Kohli,Female,48,Education,2025-07-06,Indore,Madhya Pradesh,Central
CUST02020,Abhiram Mohanty,Male,24,SME,2025-06-04,Nagpur,Maharashtra,West
CUST02021,Abhiram Warrior,Male,43,Retail,2025-06-08,Madurai,Tamil Nadu,South
CUST02022,Ladli Natarajan,Male,51,Government,2025-02-04,New Delhi,Delhi,North
CUST02023,Dhriti Srivastava,Male,60,Retail,2024-08-19,Kolkata,West Bengal,East
CUST02024,Bhavna Dalal,Male,18,Government,2023-11-25,Karimnagar,Telangana,South
CUST02025,Kavya Palan,Male,20,Corporate,2024-09-03,Amritsar,Punjab,North
CUST02026,Wridesh Sodhi,Male,23,Government,2022-11-09,Indore,Madhya Pradesh,Central
CUST02027,Utkarsh Kibe,Male,25,Government,2026-06-11,Mumbai,Maharashtra,West
CUST02028,Anthony Khatri,Male,45,Retail,2025-12-08,Pune,Maharashtra,West
CUST02029,Mitali Dash,Male,51,SME,2023-07-27,Thiruvananthapuram,Kerala,South
CUST02030,Vaishnavi Kumer,Male,54,Education,2025-08-11,Siliguri,West Bengal,East
CUST02031,Lohit Mitter,Female,56,Government,2023-09-06,Vadodara,Gujarat,West
CUST02032,Shaurya Nagy,Male,60,Retail,2025-11-18,Kolkata,West Bengal,East
CUST02033,Irya Nagarajan,Male,27,SME,2021-09-03,Kochi,Kerala,South
CUST02034,Naksh Mammen,Male,55,SME,2022-09-14,Kochi,Kerala,South
CUST02035,Maya Dube,Female,22,Government,2025-12-16,Mumbai,Maharashtra,West
CUST02036,Kevin Chhabra,Female,59,Corporate,2026-02-28,Pune,Maharashtra,West
CUST02037,Qadim Kothari,Male,34,Education,2024-09-24,New Delhi,Delhi,North
CUST02038,Mohammed Ramaswamy,Male,22,SME,2025-03-25,Karimnagar,Telangana,South
CUST02039,Zayyan More,Female,54,Government,2026-02-24,Kozhikode,Kerala,South
CUST02040,Yatin Pillai,Female,27,SME,2022-02-02,Indore,Madhya Pradesh,Central
CUST02041,Hemal More,Male,56,Corporate,2024-07-31,New Delhi,Delhi,North
CUST02042,Sathvik Deshpande,Male,52,Retail,2024-09-22,Coimbatore,Tamil Nadu,South
CUST02043,Utkarsh Rastogi,Male,39,Retail,2024-12-26,Siliguri,West Bengal,East
CUST02044,Arya Ramachandran,Female,27,Corporate,2022-08-17,Surat,Gujarat,West
CUST02045,Damyanti Pal,Male,42,Corporate,2022-04-14,Mumbai,Maharashtra,West
CUST02046,Aarini Chowdhury,Male,29,Government,2021-08-09,New Delhi,Delhi,North
CUST02047,Akshay Mangat,Female,24,Government,2026-03-04,Nagpur,Maharashtra,West
CUST02048,Yoshita Bansal,Female,53,SME,2023-05-02,Vadodara,Gujarat,West
CUST02049,Chakrika Reddy,Male,28,SME,2026-03-08,Indore,Madhya Pradesh,Central
CUST02050,Gayathri Hari,Female,65,Government,2022-12-14,New Delhi,Delhi,North
CUST02051,Hemang Bawa,Female,55,Corporate,2025-08-13,Siliguri,West Bengal,East
CUST02052,Indali Baria,Male,60,Corporate,2024-05-15,Mumbai,Maharashtra,West
CUST02053,Janaki Doshi,Female,21,SME,2022-12-25,Warangal,Telangana,South
CUST02054,Yashvi Suri,Female,63,Education,2024-03-11,Kozhikode,Kerala,South
CUST02055,Tamanna Sarkar,Female,47,Government,2024-07-12,Warangal,Telangana,South
CUST02056,Inaya Loyal,Female,51,Corporate,2021-11-18,Pune,Maharashtra,West
CUST02057,Vasudha Master,Male,37,Education,2025-12-25,Nagpur,Maharashtra,West
CUST02058,Kamya Grover,Male,22,Corporate,2025-05-15,Ahmedabad,Gujarat,West
CUST02059,Michael Jayaraman,Male,23,SME,2022-01-15,Chennai,Tamil Nadu,South
CUST02060,Ubika Badami,Male,45,Government,2023-07-08,Siliguri,West Bengal,East
CUST02061,Vasatika Borde,Female,50,Government,2023-07-30,Warangal,Telangana,South
CUST02062,Yagnesh Deep,Male,57,Corporate,2022-12-31,Coimbatore,Tamil Nadu,South
CUST02063,Abhiram Mishra,Female,62,Government,2022-05-12,Mangaluru,Karnataka,South
CUST02064,Adweta Manne,Male,56,Education,2025-09-01,Ahmedabad,Gujarat,West
CUST02065,Yashica Khatri,Male,29,Retail,2025-05-03,Karimnagar,Telangana,South
CUST02066,Vincent Andra,Female,21,Education,2021-12-07,Ahmedabad,Gujarat,West
CUST02067,Hema Sura,Male,41,Retail,2025-01-17,Amritsar,Punjab,North
CUST02068,Ansh Mani,Male,52,Retail,2024-01-16,Vadodara,Gujarat,West
CUST02069,Hamsini Kuruvilla,Female,36,SME,2022-03-13,Pune,Maharashtra,West
CUST02070,Zaitra Khare,Female,31,SME,2025-03-09,Kochi,Kerala,South
CUST02071,Aarini Radhakrishnan,Female,57,Education,2024-09-06,Kolkata,West Bengal,East
CUST02072,Tamanna Gupta,Male,57,Education,2026-06-27,Mysuru,Karnataka,South
CUST02073,Hardik Ganesan,Female,24,Retail,2025-05-06,Surat,Gujarat,West
CUST02074,Faris Jain,Male,43,SME,2024-08-23,Vadodara,Gujarat,West
CUST02075,Ronith Kalla,Female,49,Corporate,2023-01-09,Bengaluru,Karnataka,South
CUST02076,Andrew Sankar,Male,44,Retail,2023-01-15,Madurai,Tamil Nadu,South
CUST02077,Jagrati Edwin,Male,60,SME,2025-01-16,Ludhiana,Punjab,North
CUST02078,Osha Dugar,Female,41,SME,2022-02-13,Thiruvananthapuram,Kerala,South
CUST02079,Gaurang Rattan,Male,52,SME,2021-09-04,Surat,Gujarat,West
CUST02080,Wridesh Sandal,Female,28,Corporate,2022-10-01,Coimbatore,Tamil Nadu,South
CUST02081,Kiaan Taneja,Female,18,SME,2026-02-03,Vadodara,Gujarat,West
CUST02082,Jagat Chaudhary,Male,36,Retail,2025-10-28,Kochi,Kerala,South
CUST02083,Daksh Chaudry,Female,65,SME,2022-01-16,Warangal,Telangana,South
CUST02084,Inaya Srinivasan,Male,48,SME,2023-06-04,Bengaluru,Karnataka,South
CUST02085,Ekaraj Chad,Female,53,Education,2023-08-04,Coimbatore,Tamil Nadu,South
CUST02086,Yashoda Shan,Female,50,Education,2023-05-01,Warangal,Telangana,South
CUST02087,Geetika Vaidya,Male,19,Corporate,2026-05-25,Hyderabad,Telangana,South
CUST02088,Meera Savant,Male,61,Corporate,2023-10-31,Warangal,Telangana,South
CUST02089,Brijesh Brahmbhatt,Female,45,Government,2022-05-27,Mangaluru,Karnataka,South
CUST02090,Raagini Kibe,Female,36,SME,2022-02-05,Mysuru,Karnataka,South
CUST02091,Pahal Banik,Female,33,Government,2022-08-09,Ludhiana,Punjab,North
CUST02092,Nilima Dewan,Male,33,SME,2022-03-13,Karimnagar,Telangana,South
CUST02093,Garima Ramesh,Male,60,Education,2025-08-26,Coimbatore,Tamil Nadu,South
CUST02094,Urishilla Prabhakar,Male,62,Government,2022-09-11,Thiruvananthapuram,Kerala,South
CUST02095,Sathvik Bajwa,Male,55,Corporate,2025-09-20,Indore,Madhya Pradesh,Central
CUST02096,Janaki Malhotra,Male,43,Retail,2025-01-24,Kochi,Kerala,South
CUST02097,Kashish Narasimhan,Male,45,Retail,2025-04-05,Mumbai,Maharashtra,West
CUST02098,Jack Saha,Male,21,Education,2022-11-25,Indore,Madhya Pradesh,Central
CUST02099,Yash Agrawal,Male,32,SME,2025-10-17,New Delhi,Delhi,North
CUST02100,Agastya Sarraf,Male,50,Education,2025-04-21,New Delhi,Delhi,North
CUST02101,Triveni Sachdev,Male,35,SME,2026-06-12,Mysuru,Karnataka,South
CUST02102,Frado Virk,Female,33,SME,2024-07-30,Pune,Maharashtra,West
CUST02103,Sanya Lad,Male,18,Retail,2025-01-18,Bengaluru,Karnataka,South
CUST02104,Yasti Kurian,Female,48,SME,2026-01-09,Ahmedabad,Gujarat,West
CUST02105,Yashawini Varkey,Female,29,SME,2026-04-06,Indore,Madhya Pradesh,Central
CUST02106,Damyanti Misra,Female,37,Retail,2024-02-14,Amritsar,Punjab,North
CUST02107,Vritti Kaur,Male,61,Government,2022-05-21,Madurai,Tamil Nadu,South
CUST02108,Gautam Thakkar,Female,65,SME,2023-01-27,Warangal,Telangana,South
CUST02109,Avi Kibe,Male,59,SME,2026-04-26,Bhopal,Madhya Pradesh,Central
CUST02110,Netra Basak,Female,23,Retail,2023-04-01,Kozhikode,Kerala,South
CUST02111,Anamika Divan,Male,20,Government,2026-06-17,Karimnagar,Telangana,South
CUST02112,Azaan Mittal,Female,24,Retail,2023-12-21,Kochi,Kerala,South
CUST02113,Falan Kanda,Female,64,Education,2023-10-29,Siliguri,West Bengal,East
CUST02114,Manbir Dara,Male,20,Corporate,2025-05-19,Kozhikode,Kerala,South
CUST02115,Anusha Rana,Female,53,SME,2024-02-20,Thiruvananthapuram,Kerala,South
CUST02116,Ishani Bassi,Male,45,Retail,2026-03-05,Surat,Gujarat,West
CUST02117,Deepa Mahal,Male,28,Government,2024-03-28,Amritsar,Punjab,North
CUST02118,Wyatt Korpal,Male,36,Retail,2024-11-19,Nagpur,Maharashtra,West
CUST02119,Janya Sastry,Male,65,Education,2026-01-26,Indore,Madhya Pradesh,Central
CUST02120,Sathvik Sengupta,Male,46,Government,2023-10-16,Ludhiana,Punjab,North
CUST02121,Barkha Thakur,Female,56,SME,2022-08-07,New Delhi,Delhi,North
CUST02122,Ekalinga Khanna,Male,28,Government,2024-09-18,Kochi,Kerala,South
CUST02123,Qabil Sabharwal,Male,50,Education,2021-08-06,Kozhikode,Kerala,South
CUST02124,Orinder Contractor,Female,32,SME,2023-02-10,Siliguri,West Bengal,East
CUST02125,Mason Ramaswamy,Male,28,Corporate,2023-05-23,Nagpur,Maharashtra,West
CUST02126,Ridhi Maharaj,Male,36,Retail,2025-08-26,Mangaluru,Karnataka,South
CUST02127,Kamya Mander,Male,35,Retail,2022-04-06,Warangal,Telangana,South
CUST02128,Chandran Atwal,Male,18,SME,2024-09-12,Kochi,Kerala,South
CUST02129,Daksha Kalita,Female,23,Government,2026-02-11,Bhopal,Madhya Pradesh,Central
CUST02130,Sanya Parsa,Male,44,Government,2023-06-02,Nagpur,Maharashtra,West
CUST02131,Anmol Kale,Male,58,Retail,2021-07-25,Pune,Maharashtra,West
CUST02132,Daksh Bansal,Female,29,SME,2023-03-28,Ahmedabad,Gujarat,West
CUST02133,Chaaya Zacharia,Male,64,Education,2023-10-13,Mangaluru,Karnataka,South
CUST02134,Nakul Yogi,Male,46,Corporate,2022-04-20,Nagpur,Maharashtra,West
CUST02135,Ira Sastry,Male,55,Education,2022-03-07,Surat,Gujarat,West
CUST02136,Yagnesh Babu,Male,64,Education,2022-08-15,Warangal,Telangana,South
CUST02137,Tripti Chaudry,Female,23,Education,2026-03-01,Ahmedabad,Gujarat,West
CUST02138,Varsha Chawla,Male,29,Corporate,2024-12-09,Warangal,Telangana,South
CUST02139,Gagan Jayaraman,Male,59,SME,2023-07-19,Bhopal,Madhya Pradesh,Central
CUST02140,Jason Shah,Male,29,Education,2021-10-27,Mysuru,Karnataka,South
CUST02141,Rachita Sem,Male,27,Retail,2025-02-23,Indore,Madhya Pradesh,Central
CUST02142,Ekaraj Nagy,Female,59,Education,2025-06-14,New Delhi,Delhi,North
CUST02143,Jairaj Venkatesh,Male,64,Retail,2024-02-06,Madurai,Tamil Nadu,South
CUST02144,Harinakshi Sankaran,Female,42,Retail,2026-05-23,Indore,Madhya Pradesh,Central
CUST02145,Aashi Merchant,Male,26,Corporate,2022-05-10,Chennai,Tamil Nadu,South
CUST02146,Kai Balakrishnan,Male,58,Government,2022-03-06,Coimbatore,Tamil Nadu,South
CUST02147,Forum Joshi,Male,52,SME,2023-12-10,Bengaluru,Karnataka,South
CUST02148,Omya Bath,Male,48,Government,2023-02-25,Chennai,Tamil Nadu,South
CUST02149,Bachittar Mandal,Female,39,Education,2021-09-06,Ludhiana,Punjab,North
CUST02150,Pushti Ghose,Male,52,SME,2024-09-16,Hyderabad,Telangana,South
CUST02151,Farhan Sampath,Male,20,Retail,2022-02-20,Kolkata,West Bengal,East
CUST02152,Advika Palla,Male,50,Education,2024-03-10,Siliguri,West Bengal,East
CUST02153,Nathan Rattan,Male,19,Corporate,2023-07-15,Hyderabad,Telangana,South
CUST02154,Yachana Bandi,Male,40,SME,2024-09-07,New Delhi,Delhi,North
CUST02155,Shivansh Kakar,Female,61,Retail,2022-10-09,Kozhikode,Kerala,South
CUST02156,Umang Walia,Male,32,Retail,2024-11-17,Ludhiana,Punjab,North
CUST02157,Vedika Borde,Male,57,SME,2026-01-03,Pune,Maharashtra,West
CUST02158,Gaurika Mishra,Male,20,Government,2026-05-19,Coimbatore,Tamil Nadu,South
CUST02159,Champak Narayan,Female,51,SME,2022-01-24,Hyderabad,Telangana,South
CUST02160,Sai Mahal,Female,27,SME,2022-12-11,Indore,Madhya Pradesh,Central
CUST02161,Dhriti Bedi,Female,24,SME,2023-02-07,Bhopal,Madhya Pradesh,Central
CUST02162,Manthan Magar,Female,63,Retail,2024-12-18,Amritsar,Punjab,North
CUST02163,Vrinda Bhakta,Male,38,Corporate,2022-07-27,Bengaluru,Karnataka,South
CUST02164,Wakeeta Swamy,Female,22,Retail,2021-08-11,New Delhi,Delhi,North
CUST02165,Benjamin Soman,Female,27,Retail,2024-05-25,Bhopal,Madhya Pradesh,Central
CUST02166,Praneel Bhatia,Male,42,SME,2025-03-09,Ahmedabad,Gujarat,West
CUST02167,Arya Basak,Female,48,Education,2026-04-12,Surat,Gujarat,West
CUST02168,Anika Joshi,Male,59,Corporate,2022-05-30,Bhopal,Madhya Pradesh,Central
CUST02169,Pahal Gole,Female,52,Government,2024-06-25,New Delhi,Delhi,North
CUST02170,Lakshmi Oza,Female,23,Government,2023-04-04,Ludhiana,Punjab,North
CUST02171,Ekaraj Merchant,Male,33,SME,2025-09-17,New Delhi,Delhi,North
CUST02172,Aarav Bera,Male,41,Government,2022-07-25,Bengaluru,Karnataka,South
CUST02173,Hritik Parmer,Male,21,SME,2025-12-30,Ludhiana,Punjab,North
CUST02174,Ekalinga Sodhi,Female,47,Corporate,2026-02-25,Ahmedabad,Gujarat,West
CUST02175,Sanya Shukla,Male,31,Corporate,2023-08-29,Siliguri,West Bengal,East
CUST02176,Sachi Gopal,Male,25,Corporate,2025-09-07,Mangaluru,Karnataka,South
CUST02177,Jalsa Natarajan,Female,41,Retail,2022-03-25,New Delhi,Delhi,North
CUST02178,Sai Khurana,Male,48,Government,2023-06-26,Madurai,Tamil Nadu,South
CUST02179,Harshil Prabhakar,Male,41,Corporate,2025-08-27,Hyderabad,Telangana,South
CUST02180,Siddharth Natarajan,Male,18,Government,2022-10-23,Chennai,Tamil Nadu,South
CUST02181,Rehaan Dar,Male,48,Corporate,2024-01-11,New Delhi,Delhi,North
CUST02182,Suhani Radhakrishnan,Female,44,SME,2023-11-22,Siliguri,West Bengal,East
CUST02183,Dalaja Setty,Female,25,Corporate,2025-09-29,Ludhiana,Punjab,North
CUST02184,Harita Rama,Male,56,Corporate,2024-09-13,Mangaluru,Karnataka,South
CUST02185,Arin Mand,Male,43,Education,2025-02-16,Kolkata,West Bengal,East
CUST02186,Nitara Sani,Female,63,Corporate,2023-01-19,Amritsar,Punjab,North
CUST02187,Peter Wagle,Female,23,Government,2021-09-27,New Delhi,Delhi,North
CUST02188,Ganga Kibe,Male,43,Government,2023-10-15,New Delhi,Delhi,North
CUST02189,Abeer Krishna,Female,29,Government,2024-07-29,Bengaluru,Karnataka,South
CUST02190,Michael Sharma,Female,48,SME,2023-02-10,Indore,Madhya Pradesh,Central
CUST02191,Sanya Thaman,Male,21,SME,2024-01-15,New Delhi,Delhi,North
CUST02192,Theodore Rege,Female,24,Retail,2023-10-11,New Delhi,Delhi,North
CUST02193,Frado Nanda,Female,19,Corporate,2022-01-12,Coimbatore,Tamil Nadu,South
CUST02194,Kalpit Golla,Male,22,Corporate,2022-07-12,Mumbai,Maharashtra,West
CUST02195,Ekanta Kale,Female,30,Government,2024-07-05,Indore,Madhya Pradesh,Central
CUST02196,Peter Sekhon,Male,33,SME,2024-02-21,Kozhikode,Kerala,South
CUST02197,Nakul Chandra,Male,54,Education,2023-05-22,Madurai,Tamil Nadu,South
CUST02198,Upasna Ratta,Female,23,SME,2023-06-07,Bengaluru,Karnataka,South
CUST02199,Ikshita Saxena,Female,43,Government,2026-05-22,Mysuru,Karnataka,South
CUST02200,Xavier Parmar,Female,64,SME,2021-07-03,Thiruvananthapuram,Kerala,South
CUST02201,Baljiwan Wable,Male,39,Education,2024-07-05,Karimnagar,Telangana,South
CUST02202,Yadavi Badal,Male,19,Government,2024-05-17,Kolkata,West Bengal,East
CUST02203,Isaac Gaba,Male,36,Corporate,2025-07-28,New Delhi,Delhi,North
CUST02204,Umang Lata,Female,23,Retail,2024-02-18,Karimnagar,Telangana,South
CUST02205,Sachi Lata,Male,63,Corporate,2022-02-07,Kochi,Kerala,South
CUST02206,Priya Ganesan,Female,26,SME,2025-09-02,Siliguri,West Bengal,East
CUST02207,Arunima Arora,Female,20,Education,2023-06-03,Pune,Maharashtra,West
CUST02208,Dalaja Kashyap,Male,27,Government,2023-04-14,Kochi,Kerala,South
CUST02209,Rohan Sen,Male,27,SME,2025-09-08,Ludhiana,Punjab,North
CUST02210,Upasna Datta,Female,24,Education,2025-02-10,Kolkata,West Bengal,East
CUST02211,Chaman Mittal,Female,28,Retail,2026-01-10,Ahmedabad,Gujarat,West
CUST02212,Ishanvi Mallick,Female,40,Retail,2025-05-06,Nagpur,Maharashtra,West
CUST02213,Sanaya Bansal,Female,34,Education,2024-12-16,Chennai,Tamil Nadu,South
CUST02214,Varsha Goswami,Male,25,Government,2022-05-14,Pune,Maharashtra,West
CUST02215,Tristan Rege,Female,36,Education,2025-02-09,Ludhiana,Punjab,North
CUST02216,Kamala Bath,Female,41,Government,2025-06-24,New Delhi,Delhi,North
CUST02217,Nitesh Badami,Female,23,Education,2022-07-23,Bhopal,Madhya Pradesh,Central
CUST02218,Dakshesh Tank,Female,61,Retail,2022-12-20,Siliguri,West Bengal,East
CUST02219,Jyoti Ghose,Male,62,Government,2023-04-04,Indore,Madhya Pradesh,Central
CUST02220,Naveen Sachdev,Male,36,Education,2021-12-04,Bengaluru,Karnataka,South
CUST02221,Fiyaz Chanda,Female,22,Corporate,2023-03-27,Karimnagar,Telangana,South
CUST02222,Gayathri Saxena,Male,40,Education,2024-04-19,New Delhi,Delhi,North
CUST02223,Mitesh Bhalla,Male,23,Corporate,2022-02-14,Amritsar,Punjab,North
CUST02224,Pranav Kalita,Female,30,Education,2025-06-21,Coimbatore,Tamil Nadu,South
CUST02225,Lucky Madan,Female,39,Government,2021-07-24,Ahmedabad,Gujarat,West
CUST02226,Pahal Mann,Female,25,SME,2026-04-15,Ludhiana,Punjab,North
CUST02227,Zilmil Sandal,Male,48,Corporate,2022-11-26,Ludhiana,Punjab,North
CUST02228,Devika Shetty,Male,56,Education,2022-07-19,Thiruvananthapuram,Kerala,South
CUST02229,Henry Krishnamurthy,Female,48,Corporate,2026-03-26,Mysuru,Karnataka,South
CUST02230,Isaiah Padmanabhan,Male,61,Education,2023-04-10,Bengaluru,Karnataka,South
CUST02231,Luke Prakash,Male,23,Corporate,2023-11-17,Pune,Maharashtra,West
CUST02232,Tarak Joshi,Female,23,SME,2023-11-12,Coimbatore,Tamil Nadu,South
CUST02233,Vrishti Wali,Male,60,SME,2024-01-16,Amritsar,Punjab,North
CUST02234,Avni Sachar,Male,45,SME,2024-09-21,Hyderabad,Telangana,South
CUST02235,Ayush Badal,Male,40,Education,2021-12-24,Mumbai,Maharashtra,West
CUST02236,Vinaya Sodhi,Male,62,Education,2025-09-07,Amritsar,Punjab,North
CUST02237,Avni Kota,Female,18,Government,2025-06-18,Vadodara,Gujarat,West
CUST02238,Pooja Menon,Male,64,Government,2021-07-28,Indore,Madhya Pradesh,Central
CUST02239,Diya Buch,Female,60,SME,2024-05-02,Indore,Madhya Pradesh,Central
CUST02240,Logan Chadha,Female,27,Education,2023-04-28,Bengaluru,Karnataka,South
CUST02241,Hredhaan Dani,Female,34,Government,2023-05-07,Ahmedabad,Gujarat,West
CUST02242,Advika Shenoy,Male,58,Education,2022-06-24,Mysuru,Karnataka,South
CUST02243,Isaac Chaudhuri,Male,31,Corporate,2022-05-03,Indore,Madhya Pradesh,Central
CUST02244,Hemal Sandhu,Female,31,SME,2021-10-21,New Delhi,Delhi,North
CUST02245,Nitesh Bandi,Male,41,SME,2023-07-25,Kochi,Kerala,South
CUST02246,Varsha Gaba,Female,50,Retail,2024-02-06,Mysuru,Karnataka,South
CUST02247,Anusha Kari,Female,44,SME,2023-06-28,Amritsar,Punjab,North
CUST02248,Champak Dey,Female,51,SME,2022-08-10,Vadodara,Gujarat,West
CUST02249,Waida Desai,Female,45,SME,2024-06-18,Chennai,Tamil Nadu,South
CUST02250,Devansh Bhardwaj,Male,52,Education,2023-07-13,Karimnagar,Telangana,South
CUST02251,Wyatt Rastogi,Female,58,SME,2024-03-28,New Delhi,Delhi,North
CUST02252,Diya Sarin,Male,24,Retail,2023-02-02,Indore,Madhya Pradesh,Central
CUST02253,Mitali Chanda,Female,24,Education,2021-11-29,Mangaluru,Karnataka,South
CUST02254,Aditya Chauhan,Female,50,Government,2022-09-23,Indore,Madhya Pradesh,Central
CUST02255,Upadhriti Krishna,Female,44,Corporate,2024-10-08,Mangaluru,Karnataka,South
CUST02256,Guneet Dubey,Female,25,Corporate,2022-09-13,Thiruvananthapuram,Kerala,South
CUST02257,Yasti Dutta,Female,47,Education,2026-05-05,Ludhiana,Punjab,North
CUST02258,Mitali Kar,Female,32,Government,2023-05-05,New Delhi,Delhi,North
CUST02259,Maanav Sinha,Female,37,Education,2025-07-16,Pune,Maharashtra,West
CUST02260,Omisha Pandya,Female,20,Retail,2026-04-27,Kochi,Kerala,South
CUST02261,Warda Rao,Female,51,Government,2025-05-24,Bengaluru,Karnataka,South
CUST02262,Jagrati Rastogi,Male,54,Education,2026-01-21,Surat,Gujarat,West
CUST02263,Idika Pradhan,Female,30,Government,2022-05-13,Kozhikode,Kerala,South
CUST02264,Orinder Venkatesh,Female,26,Education,2023-03-03,New Delhi,Delhi,North
CUST02265,Ayushman Mander,Female,51,Corporate,2022-03-13,Warangal,Telangana,South
CUST02266,Rushil Kumer,Male,63,Corporate,2024-06-22,New Delhi,Delhi,North
CUST02267,Charita Bhatti,Female,58,SME,2024-08-26,Kolkata,West Bengal,East
CUST02268,Ria Muni,Female,31,Retail,2026-03-27,Kolkata,West Bengal,East
CUST02269,Yadavi Contractor,Female,18,Government,2024-06-17,Chennai,Tamil Nadu,South
CUST02270,Nikita Kota,Male,54,Education,2024-01-16,Hyderabad,Telangana,South
CUST02271,Chandani Ahuja,Male,47,SME,2025-09-14,Mangaluru,Karnataka,South
CUST02272,Kavya Sethi,Male,37,Corporate,2022-04-27,Hyderabad,Telangana,South
CUST02273,Reyansh Dhingra,Female,34,Retail,2023-05-12,Kolkata,West Bengal,East
CUST02274,Kamala Purohit,Male,58,Retail,2024-01-23,Mumbai,Maharashtra,West
CUST02275,Bhanumati Arora,Male,47,Government,2026-04-05,Indore,Madhya Pradesh,Central
CUST02276,Forum Varkey,Male,36,SME,2021-12-23,Chennai,Tamil Nadu,South
CUST02277,Anita Mital,Male,49,SME,2026-01-11,Hyderabad,Telangana,South
CUST02278,Anita Banik,Male,49,Retail,2026-04-18,Thiruvananthapuram,Kerala,South
CUST02279,Rajeshri Varughese,Female,58,Retail,2024-01-20,New Delhi,Delhi,North
CUST02280,Orinder Kulkarni,Female,42,SME,2024-09-10,Kozhikode,Kerala,South
CUST02281,Chameli Mannan,Male,37,Retail,2022-03-25,Ludhiana,Punjab,North
CUST02282,Wazir Dyal,Male,25,SME,2025-08-18,Karimnagar,Telangana,South
CUST02283,Omaja Minhas,Male,28,Government,2023-12-08,Surat,Gujarat,West
CUST02284,Chanakya Viswanathan,Male,56,Retail,2022-11-23,Mumbai,Maharashtra,West
CUST02285,Darika Manda,Male,31,SME,2022-07-15,Kolkata,West Bengal,East
CUST02286,Lipika Datta,Male,38,Corporate,2025-02-27,Chennai,Tamil Nadu,South
CUST02287,Hemani Bhatnagar,Male,35,SME,2023-05-30,Kochi,Kerala,South
CUST02288,Radhika Kala,Male,40,Government,2023-01-23,Ludhiana,Punjab,North
CUST02289,Amara Nadig,Female,45,Government,2025-03-30,Pune,Maharashtra,West
CUST02290,Laksh Rajan,Female,29,Corporate,2021-08-06,New Delhi,Delhi,North
CUST02291,Aarush Bala,Male,55,Government,2024-08-04,Pune,Maharashtra,West
CUST02292,Yashvi Chacko,Male,64,Education,2021-10-27,Mumbai,Maharashtra,West
CUST02293,Jairaj Varughese,Female,56,SME,2022-05-15,New Delhi,Delhi,North
CUST02294,Bhavani Deshmukh,Male,56,Education,2024-11-06,Vadodara,Gujarat,West
CUST02295,Balhaar Mangal,Female,41,Retail,2022-07-03,New Delhi,Delhi,North
CUST02296,Jatin Ben,Male,50,SME,2023-12-08,Ludhiana,Punjab,North
CUST02297,Harshil Khurana,Female,56,Government,2025-03-18,Bhopal,Madhya Pradesh,Central
CUST02298,Forum Gour,Male,25,Corporate,2024-06-08,Surat,Gujarat,West
CUST02299,Tamanna Bera,Male,40,Corporate,2023-05-03,Surat,Gujarat,West
CUST02300,Balvan Mitra,Female,41,Corporate,2024-11-27,Chennai,Tamil Nadu,South
CUST02301,Ekiya Sidhu,Male,38,Retail,2021-12-06,Ahmedabad,Gujarat,West
CUST02302,Shivani Karnik,Female,54,SME,2024-08-21,Ahmedabad,Gujarat,West
CUST02303,Bhavya Kale,Male,42,SME,2024-04-11,Kozhikode,Kerala,South
CUST02304,Bhavini De,Male,24,Government,2022-04-01,Indore,Madhya Pradesh,Central
CUST02305,Ishaan Palla,Male,54,Education,2022-05-15,Nagpur,Maharashtra,West
CUST02306,Tanish Dhingra,Female,30,Corporate,2021-07-25,New Delhi,Delhi,North
CUST02307,Warhi Kumar,Female,20,SME,2023-01-26,Mysuru,Karnataka,South
CUST02308,Aryan Batra,Male,46,Corporate,2023-10-24,New Delhi,Delhi,North
CUST02309,Jagat Shere,Female,33,Government,2021-09-29,Bhopal,Madhya Pradesh,Central
CUST02310,Pallavi Sehgal,Male,59,Government,2022-04-04,Mysuru,Karnataka,South
CUST02311,Devika Sarna,Female,26,Education,2022-10-01,Mysuru,Karnataka,South
CUST02312,Faris Nagarajan,Male,39,Retail,2025-07-14,Mangaluru,Karnataka,South
CUST02313,Madhav Patla,Male,44,SME,2025-05-18,Coimbatore,Tamil Nadu,South
CUST02314,Vinaya Mall,Female,43,Retail,2025-02-27,Pune,Maharashtra,West
CUST02315,Ekani Memon,Female,57,Retail,2025-03-18,Siliguri,West Bengal,East
CUST02316,Harita Parsa,Female,49,Retail,2024-01-05,New Delhi,Delhi,North
CUST02317,Yahvi Narayan,Male,19,Corporate,2022-04-05,Vadodara,Gujarat,West
CUST02318,Mohammed Dada,Male,24,SME,2023-01-19,Bengaluru,Karnataka,South
CUST02319,Simon Bhatnagar,Male,23,Corporate,2024-08-24,New Delhi,Delhi,North
CUST02320,Pahal Mann,Male,62,Retail,2023-03-14,Vadodara,Gujarat,West
CUST02321,Nicholas Khalsa,Male,21,SME,2022-09-18,Mumbai,Maharashtra,West
CUST02322,Deepa Hari,Female,62,Government,2022-09-27,Coimbatore,Tamil Nadu,South
CUST02323,Fariq Banerjee,Male,26,Government,2022-04-04,New Delhi,Delhi,North
CUST02324,Deepa Yohannan,Male,38,Corporate,2026-04-13,Ludhiana,Punjab,North
CUST02325,Jeevika Walla,Female,60,Retail,2023-02-12,Bhopal,Madhya Pradesh,Central
CUST02326,Thomas Saraf,Female,60,Education,2022-01-15,Kolkata,West Bengal,East
CUST02327,Faraj Bali,Female,32,Retail,2021-10-10,Pune,Maharashtra,West
CUST02328,Onveer Ghosh,Male,40,Government,2023-03-18,Pune,Maharashtra,West
CUST02329,Leela Datta,Male,62,Retail,2024-09-11,Kozhikode,Kerala,South
CUST02330,Vedhika Chaudry,Male,31,Retail,2024-09-27,Coimbatore,Tamil Nadu,South
CUST02331,Udarsh Raval,Female,30,Education,2025-02-09,Thiruvananthapuram,Kerala,South
CUST02332,Sudiksha Badal,Male,55,Government,2021-12-26,Coimbatore,Tamil Nadu,South
CUST02333,Meera Deshpande,Female,63,Education,2024-03-28,Siliguri,West Bengal,East
CUST02334,Ati Ganguly,Male,26,Corporate,2023-09-27,Karimnagar,Telangana,South
CUST02335,Anamika Brar,Female,57,Government,2026-04-03,Surat,Gujarat,West
CUST02336,Jairaj Rastogi,Male,22,SME,2026-02-27,Thiruvananthapuram,Kerala,South
CUST02337,Chakradev Kanda,Female,54,Retail,2025-06-11,New Delhi,Delhi,North
CUST02338,Charita Samra,Male,65,Retail,2022-07-29,Warangal,Telangana,South
CUST02339,Tamanna Choudhary,Female,29,SME,2022-11-01,Kochi,Kerala,South
CUST02340,Praneel Soman,Female,40,SME,2023-12-21,Mysuru,Karnataka,South
CUST02341,Bakhshi Kadakia,Male,40,Education,2024-02-01,Madurai,Tamil Nadu,South
CUST02342,Anya Grewal,Female,50,Education,2024-08-23,Kochi,Kerala,South
CUST02343,Pranav Sridhar,Male,46,SME,2025-10-01,Siliguri,West Bengal,East
CUST02344,Manthan Nagar,Male,59,Education,2024-12-06,Ahmedabad,Gujarat,West
CUST02345,Samarth Bakshi,Female,30,Education,2022-09-11,New Delhi,Delhi,North
CUST02346,Frederick Singhal,Female,51,Government,2026-03-15,Karimnagar,Telangana,South
CUST02347,Waida Thaker,Male,61,Retail,2023-08-15,Amritsar,Punjab,North
CUST02348,Ekani Choudhry,Male,25,Retail,2023-09-25,Kochi,Kerala,South
CUST02349,Quincy Golla,Female,33,Retail,2024-09-25,Mangaluru,Karnataka,South
CUST02350,Triveni Master,Female,32,Government,2025-05-20,Kolkata,West Bengal,East
CUST02351,Benjamin Sharaf,Female,24,Corporate,2023-06-08,New Delhi,Delhi,North
CUST02352,Madhav Nayar,Male,28,Corporate,2022-09-19,Pune,Maharashtra,West
CUST02353,Aarush Pillay,Female,63,Government,2024-04-17,Vadodara,Gujarat,West
CUST02354,Bhavani Manne,Male,24,Corporate,2025-02-04,Nagpur,Maharashtra,West
CUST02355,Niharika Sachdeva,Female,62,Corporate,2025-12-08,Siliguri,West Bengal,East
CUST02356,Anika Pandey,Male,28,Corporate,2024-07-10,Warangal,Telangana,South
CUST02357,Advik Bhattacharyya,Male,18,Education,2024-07-16,Surat,Gujarat,West
CUST02358,Kabir Rai,Male,29,SME,2024-09-29,New Delhi,Delhi,North
CUST02359,Sathvik Saran,Male,56,SME,2023-04-24,Chennai,Tamil Nadu,South
CUST02360,Dominic Setty,Female,33,Education,2023-08-27,Ludhiana,Punjab,North
CUST02361,Sathvik Dora,Male,54,SME,2024-04-04,Chennai,Tamil Nadu,South
CUST02362,Diya Zacharia,Male,27,Retail,2022-04-06,Kozhikode,Kerala,South
CUST02363,Samarth Nori,Female,46,Education,2024-02-19,Coimbatore,Tamil Nadu,South
CUST02364,Vedant Merchant,Female,60,Education,2025-01-28,Vadodara,Gujarat,West
CUST02365,Fitan Tripathi,Female,18,SME,2025-12-12,Pune,Maharashtra,West
CUST02366,Lopa Dhillon,Female,51,Government,2024-06-23,Nagpur,Maharashtra,West
CUST02367,Anika Nair,Female,61,Government,2024-06-01,Ludhiana,Punjab,North
CUST02368,Radha Parsa,Female,32,Corporate,2022-02-02,Bengaluru,Karnataka,South
CUST02369,Alexander Gole,Male,33,Government,2022-05-03,Surat,Gujarat,West
CUST02370,Tarak Sidhu,Male,65,Retail,2024-05-12,New Delhi,Delhi,North
CUST02371,Harshil Shan,Male,35,Government,2021-11-10,Thiruvananthapuram,Kerala,South
CUST02372,Reyansh Saha,Female,61,SME,2021-08-20,Ludhiana,Punjab,North
CUST02373,Devika Hegde,Female,35,SME,2022-01-20,Surat,Gujarat,West
CUST02374,Raghav Natarajan,Female,57,Retail,2024-07-22,Kochi,Kerala,South
CUST02375,Rachana Murty,Female,36,Retail,2026-02-01,New Delhi,Delhi,North
CUST02376,Samaksh Dhawan,Male,47,Corporate,2022-09-08,Mysuru,Karnataka,South
CUST02377,Arin Borra,Male,37,Education,2022-09-12,Siliguri,West Bengal,East
CUST02378,Eiravati Bakshi,Female,18,Education,2024-05-06,Mumbai,Maharashtra,West
CUST02379,Gaurang Gulati,Female,55,Retail,2024-10-10,Bengaluru,Karnataka,South
CUST02380,Bhavika Sarna,Female,18,Education,2025-05-26,Mysuru,Karnataka,South
CUST02381,Brijesh Singhal,Male,21,SME,2024-07-09,Vadodara,Gujarat,West
CUST02382,Pranav Banerjee,Female,50,Government,2024-08-28,Warangal,Telangana,South
CUST02383,Thomas Kalita,Female,27,Corporate,2021-07-24,Hyderabad,Telangana,South
CUST02384,Lucky Date,Female,32,Retail,2023-11-06,New Delhi,Delhi,North
CUST02385,Dayita Nagarajan,Male,61,Education,2023-08-13,Amritsar,Punjab,North
CUST02386,Reyansh Doctor,Male,34,SME,2024-01-14,New Delhi,Delhi,North
CUST02387,Jonathan Ghosh,Male,54,Education,2026-03-23,Bhopal,Madhya Pradesh,Central
CUST02388,Udyati Ramanathan,Male,61,Corporate,2025-07-28,Vadodara,Gujarat,West
CUST02389,Elijah Vasa,Female,53,Corporate,2024-08-24,Mumbai,Maharashtra,West
CUST02390,Pratyush Minhas,Male,37,Government,2025-10-13,Pune,Maharashtra,West
CUST02391,Balvan Muni,Female,45,Retail,2025-07-22,Ludhiana,Punjab,North
CUST02392,Avni Dua,Female,62,SME,2025-03-06,Karimnagar,Telangana,South
CUST02393,Panini Mander,Female,40,Education,2025-04-01,Siliguri,West Bengal,East
CUST02394,Ekiya Din,Female,47,Retail,2024-01-29,Amritsar,Punjab,North
CUST02395,Imaran Halder,Female,23,Corporate,2022-09-17,Kolkata,West Bengal,East
CUST02396,Vidhi Narula,Male,55,Government,2026-05-03,Bhopal,Madhya Pradesh,Central
CUST02397,Ucchal Gour,Female,21,Education,2022-07-14,Ahmedabad,Gujarat,West
CUST02398,Xiti Bhakta,Male,47,Government,2025-06-28,Warangal,Telangana,South
CUST02399,Siddharth Minhas,Male,21,SME,2024-04-03,Ludhiana,Punjab,North
CUST02400,Aachal Morar,Male,36,Government,2026-01-22,Coimbatore,Tamil Nadu,South
CUST02401,Chandran Vora,Male,25,Government,2022-10-05,Amritsar,Punjab,North
CUST02402,Hemani Thaker,Male,51,Corporate,2025-06-26,Kolkata,West Bengal,East
CUST02403,Gabriel Rana,Male,32,Corporate,2025-03-20,Siliguri,West Bengal,East
CUST02404,Frado Taneja,Female,64,Retail,2025-08-10,Nagpur,Maharashtra,West
CUST02405,Bachittar Bajwa,Male,22,Retail,2022-07-17,Ludhiana,Punjab,North
CUST02406,Charita Rao,Male,51,Retail,2022-09-09,Karimnagar,Telangana,South
CUST02407,Jyoti Chhabra,Male,48,Retail,2022-10-06,Kochi,Kerala,South
CUST02408,Qarin Dani,Female,21,Retail,2025-07-13,Siliguri,West Bengal,East
CUST02409,Kai Dube,Female,29,Corporate,2024-05-23,Pune,Maharashtra,West
CUST02410,Yadavi Padmanabhan,Female,60,Government,2024-11-01,Siliguri,West Bengal,East
CUST02411,Vamakshi Dora,Male,58,Retail,2021-11-11,Coimbatore,Tamil Nadu,South
CUST02412,Balendra D’Alia,Male,28,Government,2023-04-12,Hyderabad,Telangana,South
CUST02413,Darpan Sabharwal,Female,48,SME,2025-11-08,Kolkata,West Bengal,East
CUST02414,Chaman Bhattacharyya,Male,55,Education,2023-11-01,Nagpur,Maharashtra,West
CUST02415,Shaurya Khurana,Female,43,Education,2025-01-29,Vadodara,Gujarat,West
CUST02416,Gavin Dixit,Female,45,Corporate,2024-09-29,Coimbatore,Tamil Nadu,South
CUST02417,Nikita Chaudry,Female,25,Government,2024-12-18,Mysuru,Karnataka,South
CUST02418,Guneet Lall,Female,20,Government,2025-04-20,New Delhi,Delhi,North
CUST02419,Vansha Mannan,Female,26,Education,2024-05-12,Ludhiana,Punjab,North
CUST02420,Warhi Shetty,Male,28,SME,2021-11-21,Amritsar,Punjab,North
CUST02421,Nimrat Thakur,Female,63,Government,2024-06-08,Kolkata,West Bengal,East
CUST02422,Nicholas Dada,Male,59,Corporate,2022-06-05,New Delhi,Delhi,North
CUST02423,Chandani Chhabra,Female,47,Corporate,2023-02-09,Vadodara,Gujarat,West
CUST02424,Yashoda Bassi,Female,43,Retail,2024-01-18,Nagpur,Maharashtra,West
CUST02425,Wridesh Kar,Female,56,Corporate,2025-03-26,Amritsar,Punjab,North
CUST02426,Jeremiah Sharma,Male,62,SME,2023-02-23,Bhopal,Madhya Pradesh,Central
CUST02427,Jai Merchant,Female,22,Retail,2026-05-01,Bhopal,Madhya Pradesh,Central
CUST02428,Ayush Sane,Male,32,Retail,2026-02-22,Mangaluru,Karnataka,South
CUST02429,Ekantika Ghosh,Female,38,Corporate,2025-09-03,Coimbatore,Tamil Nadu,South
CUST02430,Kamala Kaur,Male,64,Education,2025-03-18,Kochi,Kerala,South
CUST02431,Hemani Puri,Male,57,SME,2025-09-30,New Delhi,Delhi,North
CUST02432,Gauri Sachdeva,Male,46,SME,2024-05-14,Chennai,Tamil Nadu,South
CUST02433,Aadi Sandal,Male,38,Retail,2026-04-24,Indore,Madhya Pradesh,Central
CUST02434,Brijesh Natarajan,Male,58,Government,2024-06-29,Amritsar,Punjab,North
CUST02435,Rajata Lad,Male,34,Education,2022-09-09,Kolkata,West Bengal,East
CUST02436,Ikshita Kalla,Male,30,Corporate,2023-11-01,Amritsar,Punjab,North
CUST02437,Sai Dubey,Male,55,Retail,2024-06-24,New Delhi,Delhi,North
CUST02438,Farhan Shah,Male,26,Retail,2023-07-29,Chennai,Tamil Nadu,South
CUST02439,Jagrati Purohit,Male,39,Corporate,2025-11-18,Surat,Gujarat,West
CUST02440,Abdul Krish,Male,31,Government,2022-09-25,Siliguri,West Bengal,East
CUST02441,William Ramachandran,Female,57,Government,2025-12-05,Amritsar,Punjab,North
CUST02442,Madhav Bal,Female,45,Education,2025-06-02,Hyderabad,Telangana,South
CUST02443,Upasna Bahri,Male,26,Government,2024-06-06,Madurai,Tamil Nadu,South
CUST02444,Yamini Dhar,Male,49,Corporate,2023-07-18,Mumbai,Maharashtra,West
CUST02445,Arya Vora,Female,19,Corporate,2024-09-16,Mangaluru,Karnataka,South
CUST02446,Nilima Joshi,Female,63,SME,2023-08-09,Pune,Maharashtra,West
CUST02447,Samuel Varkey,Female,22,Government,2025-07-20,Chennai,Tamil Nadu,South
CUST02448,Geetika Mukherjee,Female,43,Government,2026-02-17,Indore,Madhya Pradesh,Central
CUST02449,Ekanta Srinivas,Male,55,Education,2022-01-10,Mangaluru,Karnataka,South
CUST02450,Krisha Wali,Male,20,SME,2022-07-04,Nagpur,Maharashtra,West
CUST02451,Frado Oak,Male,39,Retail,2023-07-25,New Delhi,Delhi,North
CUST02452,Jalsa Sagar,Female,60,Retail,2023-09-13,Hyderabad,Telangana,South
CUST02453,Azad Gandhi,Male,54,Government,2022-12-24,Thiruvananthapuram,Kerala,South
CUST02454,Tanveer Bera,Male,44,Government,2022-06-28,Mysuru,Karnataka,South
CUST02455,Harini Choudhury,Female,26,SME,2024-07-26,Indore,Madhya Pradesh,Central
CUST02456,Rajeshri Dar,Male,49,Government,2025-09-17,Bengaluru,Karnataka,South
CUST02457,Ojasvi Chaudhuri,Female,45,Education,2022-03-16,Kozhikode,Kerala,South
CUST02458,Zaid Bhakta,Male,21,Retail,2024-12-18,Mumbai,Maharashtra,West
CUST02459,Ikshita Khanna,Female,61,Retail,2022-05-08,Kozhikode,Kerala,South
CUST02460,Karan Parekh,Male,42,Education,2024-06-05,Siliguri,West Bengal,East
CUST02461,Qarin Krishna,Female,53,Corporate,2025-10-08,Warangal,Telangana,South
CUST02462,Hiral Dewan,Male,57,SME,2022-02-26,Coimbatore,Tamil Nadu,South
CUST02463,Harsh Sathe,Female,45,Retail,2025-03-19,Ahmedabad,Gujarat,West
CUST02464,Radha Basu,Male,55,Retail,2023-08-08,Kochi,Kerala,South
CUST02465,Tanmayi Kata,Male,18,Corporate,2022-01-05,Thiruvananthapuram,Kerala,South
CUST02466,Kiaan Chad,Male,26,Education,2023-06-11,Bengaluru,Karnataka,South
CUST02467,Hardik Dugal,Male,38,SME,2023-11-19,Warangal,Telangana,South
CUST02468,Michael Shroff,Female,26,Government,2021-11-28,Indore,Madhya Pradesh,Central
CUST02469,Vansha Sawhney,Male,60,Retail,2023-08-24,New Delhi,Delhi,North
CUST02470,Pallavi Rajagopalan,Male,49,SME,2022-01-22,Coimbatore,Tamil Nadu,South
CUST02471,Hiral Grover,Female,41,Government,2024-09-10,Thiruvananthapuram,Kerala,South
CUST02472,Urmi Patla,Male,51,SME,2022-12-23,Nagpur,Maharashtra,West
CUST02473,Kabir Brahmbhatt,Male,21,SME,2026-02-18,Vadodara,Gujarat,West
CUST02474,Shivansh Yadav,Female,23,Corporate,2025-02-19,New Delhi,Delhi,North
CUST02475,Laksh Bains,Male,37,Government,2022-07-19,Karimnagar,Telangana,South
CUST02476,Aditya Singhal,Female,64,Corporate,2025-04-05,Kochi,Kerala,South
CUST02477,Anirudh Chahal,Female,59,Education,2026-02-24,Bengaluru,Karnataka,South
CUST02478,Arunima Madan,Female,20,SME,2021-11-11,Chennai,Tamil Nadu,South
CUST02479,Faras Cherian,Female,37,Retail,2024-11-16,Nagpur,Maharashtra,West
CUST02480,Hema Bajaj,Female,49,Retail,2022-05-08,Mysuru,Karnataka,South
CUST02481,Dominic Garde,Female,20,Corporate,2025-06-10,New Delhi,Delhi,North
CUST02482,Samesh Upadhyay,Male,60,Education,2025-04-09,Thiruvananthapuram,Kerala,South
CUST02483,Sara Comar,Female,20,Government,2023-05-31,Kolkata,West Bengal,East
CUST02484,Finn Bhavsar,Female,34,Government,2024-05-15,Ahmedabad,Gujarat,West
CUST02485,Sanaya Zacharia,Female,64,Government,2021-08-17,Kochi,Kerala,South
CUST02486,Anya Golla,Male,24,Government,2022-01-12,New Delhi,Delhi,North
CUST02487,Sanya Shukla,Female,45,Government,2022-04-15,New Delhi,Delhi,North
CUST02488,Yauvani Raju,Male,42,Education,2024-12-19,Bhopal,Madhya Pradesh,Central
CUST02489,Widisha Thakur,Male,35,SME,2024-07-22,Kochi,Kerala,South
CUST02490,Sara Pandey,Female,39,Government,2021-11-16,Chennai,Tamil Nadu,South
CUST02491,Kashish Sane,Female,41,SME,2022-08-07,New Delhi,Delhi,North
CUST02492,Liam Khanna,Male,25,SME,2026-03-06,Nagpur,Maharashtra,West
CUST02493,Gaurav Puri,Female,29,Education,2024-07-11,Bhopal,Madhya Pradesh,Central
CUST02494,Urishilla Vala,Female,18,Education,2026-03-04,Ludhiana,Punjab,North
CUST02495,Mason Narang,Female,58,Government,2026-02-10,Mysuru,Karnataka,South
CUST02496,Mitali Subramaniam,Male,55,Retail,2023-07-22,Thiruvananthapuram,Kerala,South
CUST02497,Watika Bhardwaj,Female,22,Education,2025-11-03,Nagpur,Maharashtra,West
CUST02498,Krisha Gola,Female,34,Education,2024-05-04,Warangal,Telangana,South
CUST02499,Patrick Chowdhury,Male,27,Government,2022-03-31,Hyderabad,Telangana,South
CUST02500,Prisha Raja,Male,59,Retail,2024-07-26,Bengaluru,Karnataka,South
CUST02501,Manya Basak,Female,55,SME,2024-06-12,Karimnagar,Telangana,South
CUST02502,Samaksh Varma,Male,21,SME,2021-07-13,Mangaluru,Karnataka,South
CUST02503,Niharika Sanghvi,Female,52,Retail,2025-11-07,Mumbai,Maharashtra,West
CUST02504,Ayush Murty,Female,24,Retail,2023-12-08,Indore,Madhya Pradesh,Central
CUST02505,Devika Palla,Male,50,Retail,2022-07-23,Siliguri,West Bengal,East
CUST02506,Ishwar Ravel,Female,54,SME,2024-12-14,Kochi,Kerala,South
CUST02507,Vedhika Arora,Female,36,Corporate,2025-11-14,New Delhi,Delhi,North
CUST02508,Chakradev Sura,Female,39,Education,2023-05-03,Mysuru,Karnataka,South
CUST02509,Oni Saxena,Female,57,Retail,2026-05-13,Surat,Gujarat,West
CUST02510,Bhavya Bedi,Male,36,Corporate,2023-06-30,Warangal,Telangana,South
CUST02511,Radha Goda,Male,56,Corporate,2025-04-26,Indore,Madhya Pradesh,Central
CUST02512,Ayushman Keer,Female,31,Education,2025-08-07,Vadodara,Gujarat,West
CUST02513,Pavani Puri,Male,42,Retail,2022-05-01,Indore,Madhya Pradesh,Central
CUST02514,Qushi Puri,Female,52,Retail,2026-01-12,Chennai,Tamil Nadu,South
CUST02515,Unnati Naik,Female,60,Government,2023-09-18,Kolkata,West Bengal,East
CUST02516,Gopal Mohanty,Female,35,Corporate,2022-03-05,Siliguri,West Bengal,East
CUST02517,Widisha Palla,Male,39,Corporate,2024-02-10,Bhopal,Madhya Pradesh,Central
CUST02518,Orinder Raman,Female,38,Retail,2021-11-14,Ahmedabad,Gujarat,West
CUST02519,Lakshit Banik,Female,41,Retail,2022-08-25,Thiruvananthapuram,Kerala,South
CUST02520,Faris Tiwari,Male,41,Education,2023-09-20,Vadodara,Gujarat,West
CUST02521,Jagdish Arya,Female,44,Corporate,2022-02-13,Indore,Madhya Pradesh,Central
CUST02522,Mason Dani,Male,44,Government,2024-11-25,Indore,Madhya Pradesh,Central
CUST02523,Harish Comar,Female,36,SME,2024-11-21,Karimnagar,Telangana,South
CUST02524,Oliver Uppal,Male,44,Education,2024-12-14,Ahmedabad,Gujarat,West
CUST02525,Sanya Deep,Female,58,Corporate,2025-01-16,Kolkata,West Bengal,East
CUST02526,Noah Sharma,Male,28,Retail,2023-07-24,Warangal,Telangana,South
CUST02527,Pushti Kanda,Female,65,Retail,2023-05-07,New Delhi,Delhi,North
CUST02528,Charvi Sachdeva,Female,19,Corporate,2021-08-25,Hyderabad,Telangana,South
CUST02529,Faris Singhal,Female,45,SME,2023-10-16,Chennai,Tamil Nadu,South
CUST02530,Patrick Suresh,Male,63,SME,2023-04-20,Warangal,Telangana,South
CUST02531,Anjali Rout,Female,55,Government,2022-12-07,Coimbatore,Tamil Nadu,South
CUST02532,Naksh Chaudhary,Male,22,SME,2023-01-11,Indore,Madhya Pradesh,Central
CUST02533,Victor Sehgal,Female,65,Education,2025-05-24,Amritsar,Punjab,North
CUST02534,Jeevika Sridhar,Male,64,Corporate,2022-08-17,Pune,Maharashtra,West
CUST02535,Falguni Prabhu,Male,18,Government,2024-09-27,Indore,Madhya Pradesh,Central
CUST02536,Fariq Warrior,Female,42,SME,2022-02-08,Bhopal,Madhya Pradesh,Central
CUST02537,Kavya Gala,Female,24,Corporate,2023-11-03,Ludhiana,Punjab,North
CUST02538,Daksh Mangal,Female,21,Government,2022-11-09,Pune,Maharashtra,West
CUST02539,Kiaan Malhotra,Female,38,Education,2026-04-01,Siliguri,West Bengal,East
CUST02540,Vivaan Dixit,Male,20,Corporate,2021-11-09,Ahmedabad,Gujarat,West
CUST02541,Ranveer Bava,Female,24,SME,2024-06-24,New Delhi,Delhi,North
CUST02542,Shivansh Dhar,Male,36,SME,2024-09-11,Mumbai,Maharashtra,West
CUST02543,Jacob Radhakrishnan,Male,28,SME,2024-04-09,Amritsar,Punjab,North
CUST02544,Lakshit Mistry,Male,32,SME,2022-11-09,Nagpur,Maharashtra,West
CUST02545,Hemangini Warrior,Male,53,Government,2026-02-10,Hyderabad,Telangana,South
CUST02546,Edhitha Nadig,Male,52,Government,2022-08-03,Hyderabad,Telangana,South
CUST02547,Anay Edwin,Female,19,SME,2026-04-03,Kochi,Kerala,South
CUST02548,Ishani Venkataraman,Female,64,Education,2026-04-09,Thiruvananthapuram,Kerala,South
CUST02549,Dayita Karan,Female,36,Retail,2021-09-22,Kolkata,West Bengal,East
CUST02550,Arin Kamdar,Female,49,SME,2023-01-10,Coimbatore,Tamil Nadu,South
CUST02551,Anusha Bawa,Female,64,Retail,2022-10-10,Chennai,Tamil Nadu,South
CUST02552,Qasim Memon,Male,64,Retail,2024-01-25,Ahmedabad,Gujarat,West
CUST02553,Hemangini Tripathi,Female,35,Education,2022-08-07,Ahmedabad,Gujarat,West
CUST02554,Sai Chaudhry,Female,20,Education,2025-05-29,Kolkata,West Bengal,East
CUST02555,Ekanta Dewan,Female,30,Government,2024-07-26,Madurai,Tamil Nadu,South
CUST02556,Harsh More,Male,33,Corporate,2022-02-06,Mangaluru,Karnataka,South
CUST02557,Zaid Shere,Male,61,Corporate,2025-12-06,Bhopal,Madhya Pradesh,Central
CUST02558,Azaan Kala,Male,49,Corporate,2021-09-21,Pune,Maharashtra,West
CUST02559,Ekavir More,Male,30,Retail,2024-12-05,Amritsar,Punjab,North
CUST02560,Krishna Sen,Male,45,Retail,2023-11-30,Kolkata,West Bengal,East
CUST02561,Jasmit Patil,Male,20,Education,2026-04-13,Ludhiana,Punjab,North
CUST02562,Samar Prakash,Female,58,Government,2026-01-20,Nagpur,Maharashtra,West
CUST02563,Yashodhara Kashyap,Female,48,Government,2025-09-15,Kozhikode,Kerala,South
CUST02564,Oeshi Dada,Male,36,Education,2022-09-14,Warangal,Telangana,South
CUST02565,Agastya Oza,Female,52,Education,2023-04-02,Amritsar,Punjab,North
CUST02566,Ishaan Prashad,Male,25,SME,2024-09-24,Mumbai,Maharashtra,West
CUST02567,Jasmit Ratti,Female,33,Education,2023-09-28,New Delhi,Delhi,North
CUST02568,Harini Dash,Female,38,Retail,2025-02-06,Chennai,Tamil Nadu,South
CUST02569,Max Raju,Female,63,Corporate,2024-05-10,Vadodara,Gujarat,West
CUST02570,Ansh Hora,Female,61,Corporate,2022-05-16,Amritsar,Punjab,North
CUST02571,Nitesh Rajagopal,Female,50,Corporate,2025-08-29,Mysuru,Karnataka,South
CUST02572,Yug Bahl,Female,34,SME,2024-01-14,New Delhi,Delhi,North
CUST02573,Advik Bhakta,Female,45,Education,2022-11-19,New Delhi,Delhi,North
CUST02574,Michael Sawhney,Female,49,Corporate,2022-07-03,Mumbai,Maharashtra,West
CUST02575,Nandini Mammen,Male,37,Education,2022-12-14,Vadodara,Gujarat,West
CUST02576,Vritti Bath,Male,52,Corporate,2025-10-04,New Delhi,Delhi,North
CUST02577,Ekaja Krishnan,Female,26,Government,2023-06-08,Madurai,Tamil Nadu,South
CUST02578,Aahana Bajaj,Male,42,Retail,2024-09-12,Kolkata,West Bengal,East
CUST02579,Theodore Chaudry,Male,59,Retail,2023-05-19,Surat,Gujarat,West
CUST02580,Ekaja Narula,Female,52,Corporate,2021-08-22,Kolkata,West Bengal,East
CUST02581,Henry Kaur,Female,63,Corporate,2025-10-21,Karimnagar,Telangana,South
CUST02582,Krish Taneja,Female,39,Education,2025-03-14,Mumbai,Maharashtra,West
CUST02583,Sachi Jayaraman,Male,18,Retail,2026-04-16,Kozhikode,Kerala,South
CUST02584,William Nadkarni,Male,50,Education,2026-06-11,Mangaluru,Karnataka,South
CUST02585,Jonathan Mohanty,Male,36,SME,2025-04-14,Ludhiana,Punjab,North
CUST02586,Ganga Khare,Male,20,SME,2021-09-28,Bengaluru,Karnataka,South
CUST02587,Harini Chokshi,Female,26,SME,2022-06-11,Coimbatore,Tamil Nadu,South
CUST02588,Ganga Nagar,Male,50,Education,2021-11-03,Chennai,Tamil Nadu,South
CUST02589,Ishita Kaur,Male,24,Government,2021-07-04,Bengaluru,Karnataka,South
CUST02590,Varenya Johal,Female,38,Education,2025-12-24,New Delhi,Delhi,North
CUST02591,Gaurangi Jaggi,Female,35,Education,2022-10-31,Kolkata,West Bengal,East
CUST02592,Jagdish Kalita,Female,59,Government,2023-09-22,Kochi,Kerala,South
CUST02593,Rachita Bera,Female,45,Retail,2023-01-13,Amritsar,Punjab,North
CUST02594,Shivansh Pant,Female,48,SME,2021-07-03,Thiruvananthapuram,Kerala,South
CUST02595,Krish Dalal,Female,19,Education,2021-08-13,Kolkata,West Bengal,East
CUST02596,Jagvi Chand,Male,46,Corporate,2024-11-25,New Delhi,Delhi,North
CUST02597,Madhav Sangha,Female,32,Education,2023-01-14,Indore,Madhya Pradesh,Central
CUST02598,Sanya Mitra,Male,59,SME,2025-04-17,Surat,Gujarat,West
CUST02599,Sanaya Chaudry,Male,24,Government,2025-07-10,Ahmedabad,Gujarat,West
CUST02600,Varsha Tank,Female,55,Corporate,2026-03-26,Hyderabad,Telangana,South
CUST02601,Harshil Batra,Female,57,Education,2022-09-21,Chennai,Tamil Nadu,South
CUST02602,Dipta Balakrishnan,Male,49,SME,2023-12-17,Kolkata,West Bengal,East
CUST02603,Arin Sathe,Female,27,Retail,2024-09-30,New Delhi,Delhi,North
CUST02604,Pavani Hora,Female,18,SME,2023-01-22,Vadodara,Gujarat,West
CUST02605,Harish Randhawa,Female,52,Education,2024-09-22,Kozhikode,Kerala,South
CUST02606,Xavier Mittal,Male,38,Education,2022-06-18,Vadodara,Gujarat,West
CUST02607,Gayathri Chakrabarti,Male,45,Retail,2023-08-11,Ludhiana,Punjab,North
CUST02608,Agastya Narula,Male,28,Government,2024-01-15,New Delhi,Delhi,North
CUST02609,Tejas Bhavsar,Male,46,Retail,2024-01-23,Chennai,Tamil Nadu,South
CUST02610,Leena Seth,Female,28,Government,2022-06-09,Mysuru,Karnataka,South
CUST02611,Nihal Ratti,Female,43,Retail,2021-12-01,Ludhiana,Punjab,North
CUST02612,Lekha Kurian,Female,36,SME,2021-09-19,Mumbai,Maharashtra,West
CUST02613,Omaja Patil,Female,54,Corporate,2025-11-20,Siliguri,West Bengal,East
CUST02614,Isha Dyal,Male,57,SME,2025-05-24,Warangal,Telangana,South
CUST02615,Suhani Sandhu,Female,47,Corporate,2024-10-05,Siliguri,West Bengal,East
CUST02616,Advika Das,Male,28,Government,2025-01-14,Vadodara,Gujarat,West
CUST02617,Karan Pillay,Female,44,Corporate,2023-04-04,Ludhiana,Punjab,North
CUST02618,Krishna Chahal,Male,18,SME,2025-11-20,Warangal,Telangana,South
CUST02619,Jairaj Deshmukh,Male,52,Education,2025-09-17,Kochi,Kerala,South
CUST02620,Vasana Bandi,Male,57,Education,2025-12-13,Ahmedabad,Gujarat,West
CUST02621,Kritika Sodhi,Male,40,Government,2022-06-24,Indore,Madhya Pradesh,Central
CUST02622,Krish Johal,Male,30,SME,2025-11-10,Thiruvananthapuram,Kerala,South
CUST02623,Tamanna Babu,Female,41,Government,2023-11-09,Pune,Maharashtra,West
CUST02624,Charles Dutt,Male,22,Government,2021-08-03,New Delhi,Delhi,North
CUST02625,Laban Bath,Male,35,Corporate,2025-10-12,Hyderabad,Telangana,South
CUST02626,Laban Thakkar,Male,26,Government,2023-04-07,Nagpur,Maharashtra,West
CUST02627,Aarini Taneja,Female,54,Government,2021-07-01,Bhopal,Madhya Pradesh,Central
CUST02628,Nakul Bhalla,Female,31,Corporate,2023-06-28,Bhopal,Madhya Pradesh,Central
CUST02629,Jeremiah Mann,Male,23,Government,2025-01-20,Bengaluru,Karnataka,South
CUST02630,Falan Narang,Male,48,Retail,2022-04-25,Hyderabad,Telangana,South
CUST02631,Zaitra Kari,Male,26,Government,2023-12-01,Ahmedabad,Gujarat,West
CUST02632,Shivansh Dara,Female,38,SME,2023-01-26,Amritsar,Punjab,North
CUST02633,Rishi Kalla,Male,53,Education,2022-08-01,Kolkata,West Bengal,East
CUST02634,Edhitha Tak,Female,40,SME,2025-02-14,New Delhi,Delhi,North
CUST02635,Urvi Chopra,Male,56,Corporate,2021-07-03,Siliguri,West Bengal,East
CUST02636,Harsh Korpal,Female,63,Corporate,2024-09-28,Karimnagar,Telangana,South
CUST02637,Qarin Gaba,Female,62,SME,2021-10-30,New Delhi,Delhi,North
CUST02638,Kavya Samra,Female,59,SME,2023-02-07,Madurai,Tamil Nadu,South
CUST02639,Daksh Shere,Female,47,SME,2023-11-24,Hyderabad,Telangana,South
CUST02640,Pooja Agate,Male,42,SME,2025-09-16,New Delhi,Delhi,North
CUST02641,Irya Bal,Male,30,Education,2023-04-15,Karimnagar,Telangana,South
CUST02642,Saksham Babu,Male,18,Government,2023-04-26,Vadodara,Gujarat,West
CUST02643,Jagrati Pall,Male,41,SME,2023-02-13,Pune,Maharashtra,West
CUST02644,Viraj Gola,Female,20,SME,2021-12-18,Kolkata,West Bengal,East
CUST02645,Charles Prabhakar,Male,62,SME,2023-09-16,Amritsar,Punjab,North
CUST02646,Pratyush Behl,Male,54,Retail,2023-03-29,Nagpur,Maharashtra,West
CUST02647,Jagrati Sen,Female,29,Education,2026-06-27,Amritsar,Punjab,North
CUST02648,Praneel Brahmbhatt,Male,41,Retail,2024-02-22,Kolkata,West Bengal,East
CUST02649,Zinal Tara,Male,26,Retail,2022-07-29,Indore,Madhya Pradesh,Central
CUST02650,Bhavini Toor,Male,46,Retail,2023-04-22,New Delhi,Delhi,North
CUST02651,Chaaya Hayre,Female,30,Government,2023-11-18,Ahmedabad,Gujarat,West
CUST02652,Sneha Sani,Female,63,Corporate,2025-05-26,Mysuru,Karnataka,South
CUST02653,Timothy Sampath,Male,60,Education,2024-06-24,Bhopal,Madhya Pradesh,Central
CUST02654,Vedhika Pandit,Male,30,Government,2023-12-23,New Delhi,Delhi,North
CUST02655,Qasim Lala,Female,23,Corporate,2025-08-23,Karimnagar,Telangana,South
CUST02656,Pooja Rajagopal,Female,56,Corporate,2026-02-25,Ludhiana,Punjab,North
CUST02657,Kritika Lanka,Male,58,Retail,2021-12-22,Siliguri,West Bengal,East
CUST02658,Hamsini Bajwa,Female,25,SME,2023-06-03,Pune,Maharashtra,West
CUST02659,Arin Thaman,Female,23,Retail,2025-01-21,Ludhiana,Punjab,North
CUST02660,Devansh Dar,Male,29,SME,2024-08-30,Chennai,Tamil Nadu,South
CUST02661,Aadhya Merchant,Male,18,Corporate,2024-10-19,Indore,Madhya Pradesh,Central
CUST02662,Henry Chatterjee,Male,64,Corporate,2023-01-21,Surat,Gujarat,West
CUST02663,Hemang Nayak,Male,65,Corporate,2023-09-06,Nagpur,Maharashtra,West
CUST02664,Vasana Sankar,Female,63,SME,2026-05-06,Mumbai,Maharashtra,West
CUST02665,Oviya Chaudhari,Male,54,SME,2024-03-24,Warangal,Telangana,South
CUST02666,Samar Tripathi,Male,35,Corporate,2025-07-04,New Delhi,Delhi,North
CUST02667,Chatresh Divan,Female,62,Education,2022-01-15,Warangal,Telangana,South
CUST02668,Yamini Kala,Female,40,Government,2021-10-22,Mumbai,Maharashtra,West
CUST02669,Pratyush Raju,Female,58,Corporate,2025-02-25,Surat,Gujarat,West
CUST02670,Jasmit Mukhopadhyay,Female,27,Government,2022-02-09,Mangaluru,Karnataka,South
CUST02671,Tara Golla,Female,40,SME,2025-02-28,Indore,Madhya Pradesh,Central
CUST02672,Finn Walia,Female,23,Government,2024-03-18,Thiruvananthapuram,Kerala,South
CUST02673,Rehaan Palla,Male,47,SME,2023-04-22,Thiruvananthapuram,Kerala,South
CUST02674,Aahana Issac,Male,48,Corporate,2021-11-07,Bengaluru,Karnataka,South
CUST02675,Divya Wable,Female,54,Education,2024-07-14,Amritsar,Punjab,North
CUST02676,Raghav Walla,Female,62,Retail,2021-12-15,Indore,Madhya Pradesh,Central
CUST02677,Dalaja Nagi,Male,44,Education,2024-12-25,Ahmedabad,Gujarat,West
CUST02678,Quincy Edwin,Male,29,SME,2022-12-02,Surat,Gujarat,West
CUST02679,Adya Dhar,Female,52,Corporate,2023-04-05,Mumbai,Maharashtra,West
CUST02680,Abhimanyu Parmer,Female,55,Government,2023-12-09,Mysuru,Karnataka,South
CUST02681,Mugdha Vohra,Female,33,SME,2022-02-18,New Delhi,Delhi,North
CUST02682,Pranav Sastry,Female,48,Education,2025-04-18,Vadodara,Gujarat,West
CUST02683,Triya Singh,Male,50,Retail,2022-01-13,Mumbai,Maharashtra,West
CUST02684,Ishwar Sani,Female,54,Education,2026-04-10,New Delhi,Delhi,North
CUST02685,Dalaja Naik,Male,50,Corporate,2024-02-13,Indore,Madhya Pradesh,Central
CUST02686,Warhi Sarkar,Male,54,Corporate,2022-01-29,Nagpur,Maharashtra,West
CUST02687,Kai Sandal,Female,21,Retail,2022-09-18,Karimnagar,Telangana,South
CUST02688,Yashawini Rajagopalan,Female,47,Education,2024-01-17,Mumbai,Maharashtra,West
CUST02689,Vedika Tara,Male,60,Corporate,2026-03-22,Warangal,Telangana,South
CUST02690,Hemal Pandey,Female,37,Retail,2021-09-16,Kochi,Kerala,South
CUST02691,Henry Vasa,Male,45,Retail,2022-03-07,Hyderabad,Telangana,South
CUST02692,Jairaj Murty,Female,18,Education,2025-09-15,Kochi,Kerala,South
CUST02693,Nimrat Jaggi,Male,48,Government,2025-11-11,Warangal,Telangana,South
CUST02694,Manya Korpal,Female,60,Education,2021-07-18,New Delhi,Delhi,North
CUST02695,Oliver Contractor,Male,42,Corporate,2023-08-29,Ludhiana,Punjab,North
CUST02696,Yatan Sodhi,Female,38,SME,2021-07-05,Ahmedabad,Gujarat,West
CUST02697,Aadhya Chana,Male,40,Education,2026-01-04,New Delhi,Delhi,North
CUST02698,Azaan Saraf,Male,56,Corporate,2026-04-18,Indore,Madhya Pradesh,Central
CUST02699,Chakradhar Boase,Female,39,Government,2023-07-01,Thiruvananthapuram,Kerala,South
CUST02700,Vihaan Ahluwalia,Female,22,Corporate,2024-09-23,Mangaluru,Karnataka,South
CUST02701,Januja Naidu,Male,20,Corporate,2023-08-27,Warangal,Telangana,South
CUST02702,Viraj Ramachandran,Male,39,Education,2025-11-07,Pune,Maharashtra,West
CUST02703,Anay Swaminathan,Male,36,SME,2022-02-23,Warangal,Telangana,South
CUST02704,Amrita Sani,Male,34,Education,2022-01-07,New Delhi,Delhi,North
CUST02705,Waida Sarma,Female,61,Government,2025-03-26,Hyderabad,Telangana,South
CUST02706,Finn Karpe,Male,40,Retail,2024-03-08,Coimbatore,Tamil Nadu,South
CUST02707,Arin Narayan,Male,38,Corporate,2024-09-29,New Delhi,Delhi,North
CUST02708,Samarth Sabharwal,Female,18,Education,2023-05-28,Bhopal,Madhya Pradesh,Central
CUST02709,Panini Dutt,Male,37,Education,2022-11-02,New Delhi,Delhi,North
CUST02710,Anthony Rastogi,Male,56,Education,2025-05-18,Nagpur,Maharashtra,West
CUST02711,Netra Ahluwalia,Female,63,SME,2021-12-19,Siliguri,West Bengal,East
CUST02712,Dev Doctor,Male,29,Education,2024-06-09,Siliguri,West Bengal,East
CUST02713,Ridhi Chhabra,Male,27,Retail,2026-04-12,Siliguri,West Bengal,East
CUST02714,Jacob Batta,Female,30,Government,2022-03-11,Vadodara,Gujarat,West
CUST02715,Karan Patil,Female,21,Education,2024-02-20,Bhopal,Madhya Pradesh,Central
CUST02716,Zaitra Rout,Male,49,Education,2023-09-16,Mumbai,Maharashtra,West
CUST02717,Harinakshi Acharya,Female,34,Education,2026-04-10,Ahmedabad,Gujarat,West
CUST02718,Zashil Nagy,Female,19,Government,2022-02-11,Vadodara,Gujarat,West
CUST02719,Lucky Nagi,Female,40,Education,2025-11-03,Mumbai,Maharashtra,West
CUST02720,Samesh Nagi,Female,37,Retail,2021-07-08,Mysuru,Karnataka,South
CUST02721,Thomas Kapur,Female,64,Retail,2025-01-18,Indore,Madhya Pradesh,Central
CUST02722,Kai Rana,Male,29,Retail,2025-09-03,Siliguri,West Bengal,East
CUST02723,Rachita Subramanian,Male,64,Corporate,2023-05-02,Kolkata,West Bengal,East
CUST02724,Aradhana Gandhi,Female,40,Education,2025-04-02,Amritsar,Punjab,North
CUST02725,Bina Bhatt,Female,20,Retail,2022-06-01,Indore,Madhya Pradesh,Central
CUST02726,Benjamin Dada,Male,27,Government,2022-03-30,Surat,Gujarat,West
CUST02727,Ranveer Lad,Male,39,SME,2024-06-19,Coimbatore,Tamil Nadu,South
CUST02728,Nathan Kadakia,Male,29,SME,2022-07-24,New Delhi,Delhi,North
CUST02729,Zilmil Raman,Male,30,Government,2025-06-04,Coimbatore,Tamil Nadu,South
CUST02730,Luke Goswami,Male,62,Retail,2024-05-19,Pune,Maharashtra,West
CUST02731,Lakshit Master,Female,31,Education,2025-08-16,Vadodara,Gujarat,West
CUST02732,Ekanta Basak,Male,35,Government,2025-11-03,Nagpur,Maharashtra,West
CUST02733,Barkha Aurora,Female,29,SME,2024-12-12,Mangaluru,Karnataka,South
CUST02734,Qarin Madan,Female,31,Retail,2022-04-15,Mumbai,Maharashtra,West
CUST02735,Nachiket Gopal,Female,35,Education,2022-10-01,New Delhi,Delhi,North
CUST02736,Yug Basak,Male,32,Corporate,2024-08-31,Bhopal,Madhya Pradesh,Central
CUST02737,Eta Atwal,Female,32,Retail,2025-05-06,Mangaluru,Karnataka,South
CUST02738,Sudiksha Khosla,Female,55,Education,2024-05-18,Bhopal,Madhya Pradesh,Central
CUST02739,Viraj Choudhary,Female,48,Government,2022-06-19,Bhopal,Madhya Pradesh,Central
CUST02740,Bhavika Devi,Female,38,SME,2025-12-01,Mysuru,Karnataka,South
CUST02741,Aryan Kuruvilla,Female,65,Education,2023-03-18,Ludhiana,Punjab,North
CUST02742,Falak Chacko,Male,61,Education,2024-02-24,Kozhikode,Kerala,South
CUST02743,Amruta Salvi,Male,60,Government,2025-02-21,Pune,Maharashtra,West
CUST02744,Nitesh Chandran,Female,53,SME,2025-12-16,Madurai,Tamil Nadu,South
CUST02745,Henry Chhabra,Female,37,SME,2022-01-12,Chennai,Tamil Nadu,South
CUST02746,Advik Majumdar,Female,19,Corporate,2025-05-09,Surat,Gujarat,West
CUST02747,Irya Deol,Female,54,Education,2025-05-31,Indore,Madhya Pradesh,Central
CUST02748,Ria Gade,Female,53,Education,2021-09-30,New Delhi,Delhi,North
CUST02749,Om Khosla,Male,42,Government,2025-08-10,Thiruvananthapuram,Kerala,South
CUST02750,Wahab Buch,Female,31,Corporate,2026-02-10,Chennai,Tamil Nadu,South
CUST02751,Zansi Murthy,Female,29,Corporate,2021-09-16,Madurai,Tamil Nadu,South
CUST02752,Logan Patla,Female,31,Education,2022-03-13,New Delhi,Delhi,North
CUST02753,Wriddhish Rastogi,Female,41,Retail,2024-09-22,Bhopal,Madhya Pradesh,Central
CUST02754,Jasmit Brar,Female,32,Education,2025-06-16,Vadodara,Gujarat,West
CUST02755,Qarin Pillay,Female,46,Corporate,2025-05-21,Amritsar,Punjab,North
CUST02756,Urvi Venkatesh,Female,18,Government,2023-02-08,Warangal,Telangana,South
CUST02757,Manan Natt,Male,61,Retail,2022-12-27,Surat,Gujarat,West
CUST02758,Sudiksha Chokshi,Female,44,Corporate,2024-10-18,New Delhi,Delhi,North
CUST02759,Advay Sankaran,Male,26,Government,2023-05-30,Mangaluru,Karnataka,South
CUST02760,Baghyawati Narayan,Female,19,SME,2021-10-02,Indore,Madhya Pradesh,Central
CUST02761,Oscar Behl,Male,54,Education,2025-03-02,Indore,Madhya Pradesh,Central
CUST02762,Pratyush Prasad,Male,65,Government,2021-11-06,Coimbatore,Tamil Nadu,South
CUST02763,Falak Ravel,Male,47,SME,2023-11-08,New Delhi,Delhi,North
CUST02764,Om Oak,Female,63,Corporate,2026-02-01,Kochi,Kerala,South
CUST02765,Lavanya Mohanty,Female,22,Retail,2025-04-05,Ahmedabad,Gujarat,West
CUST02766,Wazir Shah,Female,47,Corporate,2023-09-18,Kozhikode,Kerala,South
CUST02767,Andrew Andra,Male,29,Education,2023-07-04,Bhopal,Madhya Pradesh,Central
CUST02768,Chanakya Ratta,Female,28,Corporate,2024-12-21,Kolkata,West Bengal,East
CUST02769,Gavin Palla,Male,65,Retail,2023-10-11,Ludhiana,Punjab,North
CUST02770,Vidhi Goel,Female,22,Education,2021-08-19,New Delhi,Delhi,North
CUST02771,Lakshmi Natt,Male,63,Government,2024-02-01,Nagpur,Maharashtra,West
CUST02772,Amara Andra,Female,48,Retail,2026-05-09,Kolkata,West Bengal,East
CUST02773,Sneha Anne,Male,41,Education,2022-03-11,Pune,Maharashtra,West
CUST02774,Chameli Virk,Female,25,Retail,2022-01-16,Siliguri,West Bengal,East
CUST02775,Pratyush Chopra,Male,64,Corporate,2022-09-20,Warangal,Telangana,South
CUST02776,Tanay Barad,Female,27,Corporate,2025-07-05,Surat,Gujarat,West
CUST02777,Chakrika Sood,Female,24,SME,2025-06-08,Ludhiana,Punjab,North
CUST02778,Farhan Sahota,Female,33,SME,2022-02-10,Coimbatore,Tamil Nadu,South
CUST02779,Qasim Ghosh,Female,39,Education,2022-11-07,Surat,Gujarat,West
CUST02780,Chatura Rana,Female,56,Retail,2022-03-16,Nagpur,Maharashtra,West
CUST02781,Lila Balan,Female,19,Corporate,2021-09-25,Hyderabad,Telangana,South
CUST02782,Siddharth Gandhi,Female,63,SME,2022-06-29,Vadodara,Gujarat,West
CUST02783,Harinakshi Maharaj,Male,54,SME,2023-08-20,Nagpur,Maharashtra,West
CUST02784,Ekani Srivastava,Female,27,Corporate,2022-04-06,Amritsar,Punjab,North
CUST02785,Upma Kurian,Female,42,SME,2025-06-09,Karimnagar,Telangana,South
CUST02786,Maya Rau,Male,55,SME,2022-01-12,Kochi,Kerala,South
CUST02787,Gunbir Bora,Male,34,SME,2024-08-04,Karimnagar,Telangana,South
CUST02788,Max Om,Female,57,Corporate,2024-11-07,Siliguri,West Bengal,East
CUST02789,Aadi Raja,Male,55,Government,2025-11-29,Vadodara,Gujarat,West
CUST02790,Yoshita Ravi,Female,42,Education,2026-05-03,Vadodara,Gujarat,West
CUST02791,Dominic Anne,Female,29,Education,2022-02-01,Karimnagar,Telangana,South
CUST02792,Vidhi Baral,Male,39,Corporate,2021-08-04,New Delhi,Delhi,North
CUST02793,Kritika Bal,Male,27,SME,2025-04-16,Mumbai,Maharashtra,West
CUST02794,Yug Prabhakar,Male,40,Education,2022-05-17,Indore,Madhya Pradesh,Central
CUST02795,Nakul Patel,Male,65,Corporate,2022-09-17,Ludhiana,Punjab,North
CUST02796,Fitan Mannan,Male,43,Retail,2023-06-05,Vadodara,Gujarat,West
CUST02797,Qarin Gara,Male,35,Government,2022-01-12,Vadodara,Gujarat,West
CUST02798,Vasana Sule,Male,46,Government,2026-04-13,Kolkata,West Bengal,East
CUST02799,Lipika Memon,Male,34,Corporate,2021-07-08,Kolkata,West Bengal,East
CUST02800,Ekani Bobal,Female,29,Retail,2022-09-19,Kochi,Kerala,South
CUST02801,Amruta Sami,Female,23,Corporate,2022-04-08,Bhopal,Madhya Pradesh,Central
CUST02802,Sai Murthy,Female,21,Corporate,2023-12-07,Chennai,Tamil Nadu,South
CUST02803,Yagnesh Nayar,Female,47,Retail,2024-03-15,Kochi,Kerala,South
CUST02804,Kevin Goel,Female,58,Retail,2022-11-08,Kolkata,West Bengal,East
CUST02805,Nathan Gulati,Male,46,Retail,2023-02-21,Thiruvananthapuram,Kerala,South
CUST02806,Chandresh Kibe,Male,52,Government,2025-03-06,Ludhiana,Punjab,North
CUST02807,Amol Mahal,Female,37,Government,2024-04-19,Kozhikode,Kerala,South
CUST02808,Samuel Kapadia,Female,25,Education,2025-10-04,Mangaluru,Karnataka,South
CUST02809,William Uppal,Female,18,SME,2026-02-07,Kozhikode,Kerala,South
CUST02810,Amrita Chowdhury,Female,58,Corporate,2023-10-09,New Delhi,Delhi,North
CUST02811,Saumya Chandran,Female,50,SME,2023-09-21,Vadodara,Gujarat,West
CUST02812,Simon Varughese,Male,39,SME,2025-05-02,Pune,Maharashtra,West
CUST02813,Liam Sankaran,Female,25,Corporate,2022-12-19,Siliguri,West Bengal,East
CUST02814,Nihal Srivastava,Female,50,Education,2021-10-25,Ludhiana,Punjab,North
CUST02815,Farhan Bhardwaj,Male,22,Education,2021-08-19,Ludhiana,Punjab,North
CUST02816,Charan Date,Female,39,Government,2023-10-17,Mumbai,Maharashtra,West
CUST02817,Finn Lalla,Male,32,Corporate,2026-06-15,Hyderabad,Telangana,South
CUST02818,Pranav Kothari,Female,38,Government,2023-10-14,Nagpur,Maharashtra,West
CUST02819,Teerth Nagy,Female,57,Corporate,2025-10-01,Ludhiana,Punjab,North
CUST02820,Laban Dhar,Female,28,Corporate,2022-11-21,Indore,Madhya Pradesh,Central
CUST02821,Raagini Dass,Male,57,Corporate,2023-02-25,New Delhi,Delhi,North
CUST02822,Liam Talwar,Female,59,Government,2022-08-28,Vadodara,Gujarat,West
CUST02823,Indira Pillay,Male,34,Education,2021-12-05,New Delhi,Delhi,North
CUST02824,Urmi Bora,Male,37,SME,2026-06-02,Pune,Maharashtra,West
CUST02825,Ishani Venkataraman,Female,46,SME,2024-05-15,Vadodara,Gujarat,West
CUST02826,Frederick Narayanan,Female,18,Education,2022-10-28,New Delhi,Delhi,North
CUST02827,Zayyan Narayanan,Female,59,Corporate,2025-03-17,Mysuru,Karnataka,South
CUST02828,Kashvi Bhakta,Male,63,Corporate,2022-04-19,Amritsar,Punjab,North
CUST02829,Neha Roy,Female,36,SME,2025-01-13,Kozhikode,Kerala,South
CUST02830,Balendra Mammen,Female,42,SME,2024-07-21,Mysuru,Karnataka,South
CUST02831,Chasmum Samra,Male,57,Government,2022-06-11,Kolkata,West Bengal,East
CUST02832,Nidhi Mitter,Male,22,Corporate,2023-03-04,Amritsar,Punjab,North
CUST02833,Vansha Barad,Female,64,Government,2022-07-19,Warangal,Telangana,South
CUST02834,Vedhika Reddy,Female,62,Education,2023-08-18,Ludhiana,Punjab,North
CUST02835,Alexander Acharya,Female,21,Retail,2026-04-30,Thiruvananthapuram,Kerala,South
CUST02836,Chanakya Bose,Female,35,Government,2024-06-30,Mangaluru,Karnataka,South
CUST02837,Azad Krish,Female,25,Education,2021-08-09,Surat,Gujarat,West
CUST02838,Upma Chad,Male,38,Education,2026-01-09,Karimnagar,Telangana,South
CUST02839,Finn Saran,Female,54,Corporate,2025-06-24,Hyderabad,Telangana,South
CUST02840,Champak Banerjee,Female,33,SME,2023-02-06,Kolkata,West Bengal,East
CUST02841,Abhiram Kapoor,Female,62,Retail,2022-05-12,Bhopal,Madhya Pradesh,Central
CUST02842,Zaid Gour,Female,41,Education,2025-12-06,Hyderabad,Telangana,South
CUST02843,Tanmayi Karpe,Female,47,Corporate,2024-11-28,Kochi,Kerala,South
CUST02844,Mahika Iyer,Female,30,SME,2025-11-09,Amritsar,Punjab,North
CUST02845,Dhriti Sachdeva,Male,26,Retail,2024-12-19,Nagpur,Maharashtra,West
CUST02846,Sarthak Sunder,Female,49,Retail,2025-01-11,New Delhi,Delhi,North
CUST02847,Balendra Agarwal,Female,19,Government,2023-04-03,Kolkata,West Bengal,East
CUST02848,Omaja Dugar,Female,52,Education,2023-07-14,New Delhi,Delhi,North
CUST02849,Warhi Lad,Female,58,Retail,2022-06-10,Nagpur,Maharashtra,West
CUST02850,Maya Murty,Male,53,Retail,2022-06-02,Madurai,Tamil Nadu,South
CUST02851,Tripti Ramakrishnan,Male,54,Education,2025-09-28,Kolkata,West Bengal,East
CUST02852,Udarsh Basu,Male,61,Education,2022-09-03,Indore,Madhya Pradesh,Central
CUST02853,Wahab Kale,Female,65,Corporate,2024-11-30,Pune,Maharashtra,West
CUST02854,Aahana Bobal,Male,59,Government,2023-06-10,Ahmedabad,Gujarat,West
CUST02855,Nihal Mangat,Female,19,Education,2025-10-18,Surat,Gujarat,West
CUST02856,Mason Parmar,Male,57,Education,2025-07-23,Bhopal,Madhya Pradesh,Central
CUST02857,Nitesh Thakkar,Male,38,Education,2022-06-07,Bengaluru,Karnataka,South
CUST02858,Meghana Bir,Male,55,SME,2024-03-04,Warangal,Telangana,South
CUST02859,Samesh Arya,Male,54,SME,2025-01-17,Siliguri,West Bengal,East
CUST02860,Gautami Maharaj,Male,27,Corporate,2022-05-03,Indore,Madhya Pradesh,Central
CUST02861,Brijesh Deshpande,Male,19,Government,2023-01-12,Mumbai,Maharashtra,West
CUST02862,Raghav Gola,Male,52,SME,2026-06-16,Indore,Madhya Pradesh,Central
CUST02863,Keya Sarin,Female,32,Corporate,2022-04-17,Coimbatore,Tamil Nadu,South
CUST02864,Harrison Shere,Male,45,SME,2022-02-20,Thiruvananthapuram,Kerala,South
CUST02865,Maya Chaudhary,Female,19,Corporate,2025-04-17,Kochi,Kerala,South
CUST02866,Yashawini Dara,Female,19,Education,2024-07-27,Ludhiana,Punjab,North
CUST02867,Frado Bhavsar,Male,46,Education,2022-10-17,Thiruvananthapuram,Kerala,South
CUST02868,Charita Bera,Male,42,Government,2021-10-13,New Delhi,Delhi,North
CUST02869,Damini Chaudhry,Male,50,Government,2023-04-30,Chennai,Tamil Nadu,South
CUST02870,Libni Nayak,Male,31,Retail,2021-07-22,Kolkata,West Bengal,East
CUST02871,Charles Soman,Female,44,Corporate,2024-11-24,Amritsar,Punjab,North
CUST02872,Alexander Ghose,Female,48,SME,2023-02-09,Kochi,Kerala,South
CUST02873,Ubika Choudhry,Female,19,Retail,2021-10-18,Kolkata,West Bengal,East
CUST02874,Harish Palla,Female,24,SME,2025-04-16,New Delhi,Delhi,North
CUST02875,Atharv Khare,Male,45,SME,2023-04-03,Surat,Gujarat,West
CUST02876,Abhiram Palla,Male,59,Education,2022-09-24,Kozhikode,Kerala,South
CUST02877,Omya Bal,Female,64,SME,2023-01-26,Ludhiana,Punjab,North
CUST02878,Nidhi Chahal,Male,29,Government,2022-06-28,Bengaluru,Karnataka,South
CUST02879,Falan Mahal,Male,26,Education,2023-04-28,Bengaluru,Karnataka,South
CUST02880,Dakshesh Arora,Male,65,SME,2024-03-07,Bengaluru,Karnataka,South
CUST02881,Sudiksha Sehgal,Female,28,Education,2025-09-15,Vadodara,Gujarat,West
CUST02882,Yasti Dora,Male,65,Corporate,2026-05-03,Hyderabad,Telangana,South
CUST02883,Urvi Viswanathan,Male,19,Education,2022-01-16,Ahmedabad,Gujarat,West
CUST02884,Unni Choudhury,Female,58,SME,2023-06-29,Thiruvananthapuram,Kerala,South
CUST02885,Nathan Suresh,Female,19,Retail,2025-01-11,Nagpur,Maharashtra,West
CUST02886,Kiaan Karan,Female,20,Corporate,2023-03-09,Ahmedabad,Gujarat,West
CUST02887,Ekaja Yadav,Female,56,Government,2022-09-27,New Delhi,Delhi,North
CUST02888,Gaurav Kulkarni,Male,18,SME,2022-05-20,Hyderabad,Telangana,South
CUST02889,Keya Varghese,Female,22,Retail,2026-05-07,Kochi,Kerala,South
CUST02890,Kamya Prakash,Female,52,Education,2025-07-22,Amritsar,Punjab,North
CUST02891,Dipta Balakrishnan,Male,37,Education,2023-10-16,Karimnagar,Telangana,South
CUST02892,Neha Purohit,Male,38,Government,2025-05-08,Amritsar,Punjab,North
CUST02893,Mason Raghavan,Male,48,Education,2022-04-29,Vadodara,Gujarat,West
CUST02894,Advika Jha,Male,32,Government,2025-11-06,Indore,Madhya Pradesh,Central
CUST02895,Urishilla Ravi,Male,60,Retail,2026-06-11,Hyderabad,Telangana,South
CUST02896,Bachittar Nagarajan,Female,36,Government,2026-03-11,Madurai,Tamil Nadu,South
CUST02897,Yash Kamdar,Male,34,Corporate,2025-11-19,Chennai,Tamil Nadu,South
CUST02898,Libni Anne,Female,60,Government,2025-03-05,Pune,Maharashtra,West
CUST02899,Dalaja Dutt,Male,38,Education,2024-08-07,Siliguri,West Bengal,East
CUST02900,Vincent Mani,Male,55,Retail,2023-02-03,Vadodara,Gujarat,West
CUST02901,Balveer Cheema,Male,29,Retail,2022-02-04,New Delhi,Delhi,North
CUST02902,Caleb Dar,Male,33,Corporate,2022-01-14,Karimnagar,Telangana,South
CUST02903,Yashoda Sachdeva,Male,54,Education,2024-12-31,New Delhi,Delhi,North
CUST02904,Bishakha Varma,Male,58,Government,2024-10-24,Amritsar,Punjab,North
CUST02905,Oni Comar,Male,47,Government,2026-06-16,New Delhi,Delhi,North
CUST02906,Bachittar Chakrabarti,Female,25,SME,2025-06-20,Nagpur,Maharashtra,West
CUST02907,Jacob Mandal,Female,29,SME,2025-12-17,Siliguri,West Bengal,East
CUST02908,Sanya Ganesh,Female,60,Retail,2022-08-10,Surat,Gujarat,West
CUST02909,Veda Rana,Female,22,SME,2022-10-16,Vadodara,Gujarat,West
CUST02910,Ekantika Pall,Male,24,Corporate,2024-07-07,New Delhi,Delhi,North
CUST02911,Raksha Lanka,Male,53,SME,2025-11-13,Ludhiana,Punjab,North
CUST02912,Atharv Mangat,Female,46,Education,2021-09-29,Warangal,Telangana,South
CUST02913,Kritika Rai,Male,43,Government,2025-06-30,Kolkata,West Bengal,East
CUST02914,Krishna Dhillon,Male,19,Corporate,2024-09-23,Kochi,Kerala,South
CUST02915,Dominic Singhal,Male,54,Government,2022-08-01,Vadodara,Gujarat,West
CUST02916,Urishilla Babu,Female,52,Corporate,2026-02-05,Kolkata,West Bengal,East
CUST02917,Tripti Dhawan,Female,28,Retail,2022-11-09,Kolkata,West Bengal,East
CUST02918,Dev Ratti,Male,63,Corporate,2026-03-19,Karimnagar,Telangana,South
CUST02919,Daksha Dugar,Male,35,Retail,2023-09-29,Siliguri,West Bengal,East
CUST02920,Fitan Naidu,Female,51,Education,2025-01-27,New Delhi,Delhi,North
CUST02921,Upasna Rama,Female,26,SME,2022-11-10,Amritsar,Punjab,North
CUST02922,Rayaan Zacharia,Female,63,Government,2024-12-15,Bengaluru,Karnataka,South
CUST02923,Sudiksha Sagar,Male,21,Education,2026-05-19,Mumbai,Maharashtra,West
CUST02924,Ekani Sampath,Female,28,Corporate,2023-07-14,Hyderabad,Telangana,South
CUST02925,Dayita Dada,Female,43,Government,2025-01-11,New Delhi,Delhi,North
CUST02926,Rayaan Dasgupta,Female,22,Corporate,2023-07-30,Kochi,Kerala,South
CUST02927,Siddharth Srinivasan,Female,25,Government,2025-07-11,Mumbai,Maharashtra,West
CUST02928,Wridesh Sathe,Female,27,SME,2023-11-19,Hyderabad,Telangana,South
CUST02929,Jasmit Venkataraman,Male,51,SME,2021-10-19,Ahmedabad,Gujarat,West
CUST02930,Upma Chopra,Female,32,Education,2022-04-14,Kolkata,West Bengal,East
CUST02931,Luke Luthra,Female,27,Retail,2024-03-15,Mumbai,Maharashtra,West
CUST02932,Tristan Acharya,Male,42,SME,2025-11-05,Surat,Gujarat,West
CUST02933,David Keer,Female,45,Government,2022-09-02,Madurai,Tamil Nadu,South
CUST02934,Ayaan Yogi,Female,36,Corporate,2024-04-10,Karimnagar,Telangana,South
CUST02935,Triveni Konda,Male,64,Government,2021-08-25,Kolkata,West Bengal,East
CUST02936,Harish Dugar,Male,60,Education,2024-01-11,Bhopal,Madhya Pradesh,Central
CUST02937,Orinder Bhavsar,Male,58,Retail,2025-04-19,New Delhi,Delhi,North
CUST02938,Hitesh Sur,Female,34,Government,2022-09-23,Nagpur,Maharashtra,West
CUST02939,Saksham Dora,Female,40,Retail,2023-09-18,Surat,Gujarat,West
CUST02940,Manya Pall,Female,33,Government,2024-04-26,Bengaluru,Karnataka,South
CUST02941,Triveni Kashyap,Female,60,SME,2023-01-29,Ludhiana,Punjab,North
CUST02942,Dakshesh Prabhakar,Female,53,Government,2026-06-17,Madurai,Tamil Nadu,South
CUST02943,Naveen Mital,Female,20,Government,2025-08-26,Bhopal,Madhya Pradesh,Central
CUST02944,Onkar Purohit,Male,54,Retail,2022-04-10,Madurai,Tamil Nadu,South
CUST02945,Avni Dash,Female,55,Government,2025-09-28,Chennai,Tamil Nadu,South
CUST02946,Joshua Atwal,Male,40,Education,2025-05-24,New Delhi,Delhi,North
CUST02947,Charles Salvi,Female,58,Education,2024-06-05,Ludhiana,Punjab,North
CUST02948,Nicholas Varty,Male,19,SME,2023-01-11,Bengaluru,Karnataka,South
CUST02949,Rachana Rastogi,Female,19,Education,2023-03-22,Coimbatore,Tamil Nadu,South
CUST02950,Hiral Bala,Female,40,Corporate,2022-06-18,Pune,Maharashtra,West
CUST02951,Unnati Tara,Male,38,Education,2024-03-13,Pune,Maharashtra,West
CUST02952,Vritti Mander,Male,53,Government,2026-06-02,Mumbai,Maharashtra,West
CUST02953,Varenya Karan,Female,40,Corporate,2021-12-31,Vadodara,Gujarat,West
CUST02954,Guneet Mane,Female,40,Government,2021-12-05,Ludhiana,Punjab,North
CUST02955,Wriddhish Subramaniam,Female,37,Retail,2024-01-01,Kolkata,West Bengal,East
CUST02956,Sai Ghose,Female,38,Government,2022-07-06,Madurai,Tamil Nadu,South
CUST02957,Aarush Kar,Female,30,SME,2026-01-17,Ludhiana,Punjab,North
CUST02958,Wazir Bath,Female,46,SME,2025-06-07,Amritsar,Punjab,North
CUST02959,Andrew Garg,Female,19,Retail,2026-01-30,Hyderabad,Telangana,South
CUST02960,Gaurang Sankar,Female,50,Government,2021-09-14,Kozhikode,Kerala,South
CUST02961,Ekalinga Bava,Male,43,Government,2023-11-07,Nagpur,Maharashtra,West
CUST02962,Banjeet Kade,Male,23,Government,2024-02-15,Chennai,Tamil Nadu,South
CUST02963,Faraj Doshi,Male,63,SME,2025-05-05,New Delhi,Delhi,North
CUST02964,Pavani Mammen,Female,26,Education,2022-11-01,Siliguri,West Bengal,East
CUST02965,Lajita Mistry,Female,57,Government,2022-09-14,Madurai,Tamil Nadu,South
CUST02966,Upasna Sani,Male,46,Retail,2024-12-25,Coimbatore,Tamil Nadu,South
CUST02967,Jasmit Atwal,Male,60,SME,2023-12-18,Kozhikode,Kerala,South
CUST02968,Harish Randhawa,Male,62,Corporate,2022-04-26,Mysuru,Karnataka,South
CUST02969,Quincy Naik,Female,59,Corporate,2021-09-13,Kochi,Kerala,South
CUST02970,Nirja Chawla,Female,33,Retail,2024-05-17,Hyderabad,Telangana,South
CUST02971,Yashoda Sinha,Female,44,Government,2022-04-21,Bhopal,Madhya Pradesh,Central
CUST02972,Bhavya Bhatti,Female,29,Government,2024-01-27,Kolkata,West Bengal,East
CUST02973,Nitara Sane,Female,65,SME,2023-04-09,Bhopal,Madhya Pradesh,Central
CUST02974,Januja Brar,Female,41,SME,2023-09-29,Surat,Gujarat,West
CUST02975,Wridesh Gala,Female,22,Corporate,2024-05-27,Thiruvananthapuram,Kerala,South
CUST02976,Zayyan Dara,Male,52,Government,2023-09-22,Vadodara,Gujarat,West
CUST02977,Suhani Radhakrishnan,Female,52,SME,2022-12-26,Hyderabad,Telangana,South
CUST02978,Qadim Sarma,Male,64,SME,2025-06-17,Madurai,Tamil Nadu,South
CUST02979,Triveni Sheth,Female,35,Government,2025-02-27,Kolkata,West Bengal,East
CUST02980,Anirudh Thaker,Female,49,Government,2023-10-21,Mysuru,Karnataka,South
CUST02981,Udarsh Parekh,Male,19,Government,2025-12-19,New Delhi,Delhi,North
CUST02982,Unni Sandal,Female,48,Corporate,2021-10-20,Ludhiana,Punjab,North
CUST02983,Ekbal Kunda,Female,22,SME,2024-01-05,Madurai,Tamil Nadu,South
CUST02984,Wakeeta Behl,Male,63,Government,2023-10-19,Bhopal,Madhya Pradesh,Central
CUST02985,Ishani Tiwari,Male,43,Corporate,2024-07-13,Amritsar,Punjab,North
CUST02986,Lakshit Chand,Female,39,Corporate,2026-01-27,Amritsar,Punjab,North
CUST02987,Kritika Srivastava,Male,52,Government,2025-01-25,Bhopal,Madhya Pradesh,Central
CUST02988,Balendra Buch,Male,63,SME,2025-12-31,Ahmedabad,Gujarat,West
CUST02989,Zinal Ahuja,Male,57,Retail,2022-04-23,Indore,Madhya Pradesh,Central
CUST02990,Chandani More,Male,64,Corporate,2021-07-08,Siliguri,West Bengal,East
CUST02991,Chandresh Sawhney,Male,29,Retail,2024-10-14,Kozhikode,Kerala,South
CUST02992,Gagan Sidhu,Female,23,Retail,2025-10-20,Ludhiana,Punjab,North
CUST02993,Zarna Kaur,Female,42,Education,2023-02-19,New Delhi,Delhi,North
CUST02994,Lipika Venkatesh,Male,24,SME,2026-03-20,Warangal,Telangana,South
CUST02995,Faraj Iyengar,Female,34,Education,2024-03-11,Ahmedabad,Gujarat,West
CUST02996,Jhalak Thaker,Female,43,Corporate,2025-06-30,Chennai,Tamil Nadu,South
CUST02997,Zayan Sanghvi,Male,39,Education,2021-07-09,Thiruvananthapuram,Kerala,South
CUST02998,Saksham Nanda,Female,19,Government,2025-06-29,Madurai,Tamil Nadu,South
CUST02999,Avni Prabhu,Male,61,SME,2026-02-13,Mangaluru,Karnataka,South
CUST03000,Anmol Karan,Male,51,Retail,2022-12-07,Chennai,Tamil Nadu,South
CUST03001,Manya Tak,Female,37,Retail,2024-05-28,Mysuru,Karnataka,South
CUST03002,Anmol Cherian,Male,29,Corporate,2023-08-31,Bhopal,Madhya Pradesh,Central
CUST03003,Lekha Randhawa,Male,52,Corporate,2024-12-09,Bhopal,Madhya Pradesh,Central
CUST03004,Lakshit Bobal,Male,56,SME,2022-12-30,Ahmedabad,Gujarat,West
CUST03005,Wahab Kakar,Female,63,Corporate,2024-10-15,Indore,Madhya Pradesh,Central
CUST03006,Urishilla Din,Female,19,Government,2025-04-16,Kolkata,West Bengal,East
CUST03007,Janaki Wadhwa,Male,37,SME,2022-10-07,Mangaluru,Karnataka,South
CUST03008,Gavin Randhawa,Male,55,Government,2026-04-07,Coimbatore,Tamil Nadu,South
CUST03009,Kritika Deshmukh,Female,30,Government,2025-04-10,Hyderabad,Telangana,South
CUST03010,Yug Hegde,Female,47,Government,2025-10-03,Karimnagar,Telangana,South
CUST03011,Yagnesh Lal,Male,60,Government,2022-05-21,New Delhi,Delhi,North
CUST03012,Thomas Baria,Male,41,Corporate,2025-07-01,Coimbatore,Tamil Nadu,South
CUST03013,Alka Goel,Male,43,Retail,2023-03-29,Thiruvananthapuram,Kerala,South
CUST03014,Vritti Dalal,Female,60,Government,2023-12-26,Ahmedabad,Gujarat,West
CUST03015,Gavin Bhat,Male,60,SME,2026-01-16,Madurai,Tamil Nadu,South
CUST03016,Abhimanyu Vohra,Male,36,SME,2023-02-01,Siliguri,West Bengal,East
CUST03017,Krishna Boase,Male,36,Education,2025-03-17,Warangal,Telangana,South
CUST03018,Bhavya Hegde,Female,23,Education,2024-12-23,New Delhi,Delhi,North
CUST03019,Samarth Guha,Male,38,Government,2023-12-29,Mysuru,Karnataka,South
CUST03020,Brinda Chanda,Female,49,SME,2021-10-05,Amritsar,Punjab,North
CUST03021,Zilmil Behl,Male,30,Retail,2025-06-04,Mangaluru,Karnataka,South
CUST03022,Sneha D’Alia,Male,59,SME,2023-08-24,Nagpur,Maharashtra,West
CUST03023,Eesha Hora,Male,21,SME,2023-11-01,Mangaluru,Karnataka,South
CUST03024,Barkha Barad,Female,52,Retail,2025-07-15,New Delhi,Delhi,North
CUST03025,Aashi Dua,Female,61,Retail,2021-07-29,New Delhi,Delhi,North
CUST03026,Jeet Bora,Female,29,Corporate,2024-11-22,Kochi,Kerala,South
CUST03027,Sanaya Tripathi,Male,49,Corporate,2024-03-17,Ahmedabad,Gujarat,West
CUST03028,Mohammed Shankar,Male,42,Corporate,2021-07-06,Indore,Madhya Pradesh,Central
CUST03029,Yutika Bora,Male,33,SME,2024-09-05,Coimbatore,Tamil Nadu,South
CUST03030,Gunbir Mani,Male,41,Education,2024-10-05,Warangal,Telangana,South
CUST03031,Xiti Dora,Male,56,Corporate,2021-09-29,Bengaluru,Karnataka,South
CUST03032,Yauvani Parmer,Female,61,Government,2024-04-02,Bhopal,Madhya Pradesh,Central
CUST03033,Aashi Chand,Female,44,Retail,2025-11-10,Mumbai,Maharashtra,West
CUST03034,Wazir Nazareth,Female,35,Corporate,2023-10-08,New Delhi,Delhi,North
CUST03035,Ethan Sagar,Male,58,Education,2022-01-31,Amritsar,Punjab,North
CUST03036,Sudiksha Chawla,Female,26,Corporate,2026-06-15,Mangaluru,Karnataka,South
CUST03037,Samuel Srivastava,Male,25,Corporate,2025-09-08,Madurai,Tamil Nadu,South
CUST03038,Vrinda Kumar,Male,52,SME,2023-12-20,Ludhiana,Punjab,North
CUST03039,Abhimanyu Hayer,Female,61,Education,2022-08-05,Karimnagar,Telangana,South
CUST03040,Dalbir Issac,Female,36,Government,2023-01-03,Nagpur,Maharashtra,West
CUST03041,Kashish Sami,Male,43,Corporate,2026-02-05,Mumbai,Maharashtra,West
CUST03042,Triveni Iyengar,Female,30,Corporate,2024-02-07,Madurai,Tamil Nadu,South
CUST03043,Girindra Dutta,Female,48,Retail,2023-06-26,Kolkata,West Bengal,East
CUST03044,Upkaar Raja,Male,42,Corporate,2024-03-24,Chennai,Tamil Nadu,South
CUST03045,Zinal Sridhar,Male,33,Education,2022-05-21,Madurai,Tamil Nadu,South
CUST03046,Yashoda Devan,Female,65,Corporate,2026-01-25,Bhopal,Madhya Pradesh,Central
CUST03047,Jonathan Sachar,Male,31,SME,2024-05-31,Ludhiana,Punjab,North
CUST03048,Harinakshi Bhasin,Male,27,SME,2026-03-09,Mangaluru,Karnataka,South
CUST03049,Hemal Hayre,Female,47,Corporate,2026-06-11,Mumbai,Maharashtra,West
CUST03050,Hemal Master,Female,27,SME,2022-09-01,Mysuru,Karnataka,South
CUST03051,Inaya Kibe,Male,29,Corporate,2023-10-14,Kolkata,West Bengal,East
CUST03052,Avni Modi,Female,19,Education,2024-12-02,Vadodara,Gujarat,West
CUST03053,Devika Sethi,Female,53,Corporate,2026-06-26,Chennai,Tamil Nadu,South
CUST03054,Lopa Sarna,Female,21,Retail,2023-10-07,Karimnagar,Telangana,South
CUST03055,Hema Kala,Male,57,Corporate,2026-03-03,Coimbatore,Tamil Nadu,South
CUST03056,Saksham Puri,Male,27,Retail,2026-06-16,Surat,Gujarat,West
CUST03057,Noah Chatterjee,Female,18,Government,2026-04-05,Kochi,Kerala,South
CUST03058,Yoshita Gulati,Male,32,Retail,2026-06-22,Mysuru,Karnataka,South
CUST03059,Keya Agrawal,Male,59,Education,2022-04-11,Indore,Madhya Pradesh,Central
CUST03060,Sarthak Prashad,Female,61,Government,2022-01-15,Bhopal,Madhya Pradesh,Central
CUST03061,Jatin Karan,Male,61,Education,2022-03-18,New Delhi,Delhi,North
CUST03062,Michael Peri,Female,58,Education,2025-01-19,Bhopal,Madhya Pradesh,Central
CUST03063,Xavier Ganesan,Female,52,SME,2025-03-02,Ludhiana,Punjab,North
CUST03064,Hemangini Goda,Female,58,Corporate,2026-06-06,Kochi,Kerala,South
CUST03065,Kritika Narang,Male,41,Retail,2025-06-22,New Delhi,Delhi,North
CUST03066,Anusha Karan,Male,20,Education,2023-05-09,New Delhi,Delhi,North
CUST03067,Udarsh Grewal,Female,26,SME,2023-02-05,New Delhi,Delhi,North
CUST03068,Nakul Morar,Female,44,Education,2025-07-10,Thiruvananthapuram,Kerala,South
CUST03069,Anita Subramanian,Female,47,SME,2024-06-26,Amritsar,Punjab,North
CUST03070,Mugdha Saran,Female,26,Government,2021-11-20,Surat,Gujarat,West
CUST03071,Tejas Wali,Male,63,Corporate,2024-10-19,Kochi,Kerala,South
CUST03072,Divya Wagle,Female,47,Government,2026-02-02,Indore,Madhya Pradesh,Central
CUST03073,Wridesh Parikh,Female,31,Education,2025-01-19,New Delhi,Delhi,North
CUST03074,Aadhya Goyal,Male,52,Education,2023-05-16,Warangal,Telangana,South
CUST03075,Kamala Narain,Female,21,Corporate,2023-10-22,Nagpur,Maharashtra,West
CUST03076,Guneet Narula,Male,60,Education,2025-08-21,Thiruvananthapuram,Kerala,South
CUST03077,Urmi Vig,Male,46,Retail,2022-08-14,Siliguri,West Bengal,East
CUST03078,Mahika Parmer,Male,35,Government,2023-03-07,Thiruvananthapuram,Kerala,South
CUST03079,Maanas Wagle,Female,54,Corporate,2021-11-03,Karimnagar,Telangana,South
CUST03080,Dayamai Datta,Female,47,Corporate,2023-01-13,Warangal,Telangana,South
CUST03081,Irya Mishra,Female,57,Government,2025-09-23,Warangal,Telangana,South
CUST03082,Barkha Nath,Male,22,Retail,2024-08-02,Kolkata,West Bengal,East
CUST03083,Eiravati Deol,Male,39,Retail,2023-02-27,Bengaluru,Karnataka,South
CUST03084,Hredhaan Dewan,Male,65,Corporate,2021-08-12,Surat,Gujarat,West
CUST03085,Ganga Tailor,Male,41,Government,2021-07-19,Thiruvananthapuram,Kerala,South
CUST03086,Rajata Bera,Female,48,SME,2023-05-08,Vadodara,Gujarat,West
CUST03087,Jeet Bala,Female,24,Government,2023-02-16,Warangal,Telangana,South
CUST03088,Mitali Sabharwal,Male,44,Retail,2025-02-14,Hyderabad,Telangana,South
CUST03089,Liam Bumb,Male,53,Government,2024-04-05,Siliguri,West Bengal,East
CUST03090,Tristan Sen,Male,25,Corporate,2024-01-12,Amritsar,Punjab,North
CUST03091,Ishwar Garg,Male,26,Education,2026-04-17,Ludhiana,Punjab,North
CUST03092,Liam Brahmbhatt,Female,28,Retail,2023-01-09,Amritsar,Punjab,North
CUST03093,Harita Sidhu,Female,55,Government,2025-08-27,Bhopal,Madhya Pradesh,Central
CUST03094,Daksha Khare,Male,49,Government,2024-07-10,Warangal,Telangana,South
CUST03095,Januja Kant,Male,41,Retail,2023-01-19,Surat,Gujarat,West
CUST03096,Urishilla Narasimhan,Female,61,Education,2021-12-15,Hyderabad,Telangana,South
CUST03097,Girish Mitter,Male,58,SME,2022-06-19,Hyderabad,Telangana,South
CUST03098,Henry Chadha,Male,40,Government,2024-11-08,Nagpur,Maharashtra,West
CUST03099,Gauri Wable,Female,28,SME,2023-10-04,Ludhiana,Punjab,North
CUST03100,Triveni Deshmukh,Female,51,Retail,2024-01-20,Mumbai,Maharashtra,West
CUST03101,Priya Balay,Male,21,Corporate,2025-02-08,Amritsar,Punjab,North
CUST03102,Finn Chaudhary,Female,45,SME,2024-02-14,Pune,Maharashtra,West
CUST03103,Vasana Majumdar,Female,60,Retail,2021-07-18,Mysuru,Karnataka,South
CUST03104,Riya Radhakrishnan,Male,26,Government,2023-04-11,Vadodara,Gujarat,West
CUST03105,Gaurika Sura,Male,37,Education,2022-03-15,Mangaluru,Karnataka,South
CUST03106,Jai Dugal,Female,42,Retail,2021-07-25,Thiruvananthapuram,Kerala,South
CUST03107,Warhi Dara,Female,39,SME,2022-11-05,Nagpur,Maharashtra,West
CUST03108,Vanya Din,Female,63,SME,2025-07-06,Siliguri,West Bengal,East
CUST03109,Kai Bali,Female,53,Corporate,2023-11-09,Warangal,Telangana,South
CUST03110,Advika Arora,Female,23,Education,2025-05-21,Amritsar,Punjab,North
CUST03111,Brijesh Chandran,Female,50,Retail,2025-11-26,Madurai,Tamil Nadu,South
CUST03112,Shravya Boase,Male,33,Retail,2021-12-05,Bengaluru,Karnataka,South
CUST03113,Forum Lalla,Male,27,Government,2024-12-10,Warangal,Telangana,South
CUST03114,Max Bose,Male,18,Retail,2022-05-15,Kochi,Kerala,South
CUST03115,Qarin Bera,Male,27,Government,2025-12-18,Vadodara,Gujarat,West
CUST03116,Yashvi Ray,Male,57,Retail,2021-07-09,Amritsar,Punjab,North
CUST03117,Charan Biswas,Male,30,Retail,2022-02-22,Mangaluru,Karnataka,South
CUST03118,Christopher Solanki,Male,18,Education,2023-04-15,Hyderabad,Telangana,South
CUST03119,Kritika Shere,Male,63,Retail,2025-02-02,Kochi,Kerala,South
CUST03120,Anya Tank,Male,48,Corporate,2026-01-07,New Delhi,Delhi,North
CUST03121,Kai Tank,Female,36,Government,2023-04-15,Ludhiana,Punjab,North
CUST03122,Rajeshri Johal,Male,50,Retail,2022-10-04,Mysuru,Karnataka,South
CUST03123,Bimala Dhaliwal,Male,34,Corporate,2022-03-25,Chennai,Tamil Nadu,South
CUST03124,Hemani Rajagopal,Male,62,Retail,2022-10-17,Kolkata,West Bengal,East
CUST03125,Nachiket Agrawal,Female,32,Corporate,2021-10-05,Kochi,Kerala,South
CUST03126,Zilmil Sundaram,Female,50,SME,2023-11-06,New Delhi,Delhi,North
CUST03127,Girindra Sekhon,Female,40,Corporate,2025-04-21,Thiruvananthapuram,Kerala,South
CUST03128,Charita Patil,Female,36,Corporate,2026-03-03,Kolkata,West Bengal,East
CUST03129,Alka Sarna,Male,49,SME,2026-01-31,Chennai,Tamil Nadu,South
CUST03130,Vrinda Dugar,Female,23,Education,2022-04-25,Mangaluru,Karnataka,South
CUST03131,Vincent Prabhu,Male,38,Government,2025-01-24,Mangaluru,Karnataka,South
CUST03132,Indira Patil,Male,54,SME,2023-09-02,Vadodara,Gujarat,West
CUST03133,Kai Ganesan,Female,65,Education,2024-05-23,Surat,Gujarat,West
CUST03134,Onkar Sen,Female,49,SME,2022-09-23,Surat,Gujarat,West
CUST03135,Amaira Mody,Male,55,Corporate,2024-09-05,Kolkata,West Bengal,East
CUST03136,Diya Kuruvilla,Female,44,Education,2025-08-31,Mangaluru,Karnataka,South
CUST03137,Saksham Muni,Female,47,Education,2024-06-19,Amritsar,Punjab,North
CUST03138,Aditya Balakrishnan,Male,65,Education,2023-08-06,Ludhiana,Punjab,North
CUST03139,Parth Srinivas,Male,38,Education,2024-07-11,New Delhi,Delhi,North
CUST03140,Faraj Gopal,Female,18,Education,2023-05-24,Warangal,Telangana,South
CUST03141,Amol Ray,Male,31,Retail,2026-06-20,Hyderabad,Telangana,South
CUST03142,Lila Kumar,Female,27,SME,2024-05-27,Mysuru,Karnataka,South
CUST03143,Krish Hayre,Male,49,Education,2025-07-12,Ahmedabad,Gujarat,West
CUST03144,Harshil Varghese,Female,32,Corporate,2023-08-20,Warangal,Telangana,South
CUST03145,Triya Babu,Female,45,Corporate,2022-02-19,Amritsar,Punjab,North
CUST03146,Ishwar Ratta,Female,24,Retail,2024-12-12,Ludhiana,Punjab,North
CUST03147,Utkarsh Chand,Female,56,SME,2023-06-08,Vadodara,Gujarat,West
CUST03148,Raksha Chaudhuri,Female,31,Education,2026-06-13,Hyderabad,Telangana,South
CUST03149,Ishwar Chokshi,Female,58,Corporate,2022-12-06,Ludhiana,Punjab,North
CUST03150,Inaya Chand,Female,61,Government,2022-10-08,Vadodara,Gujarat,West
CUST03151,Wahab Kashyap,Male,51,SME,2025-02-05,New Delhi,Delhi,North
CUST03152,Jonathan Goyal,Female,62,Corporate,2022-03-17,Vadodara,Gujarat,West
CUST03153,Sai Kar,Female,22,Retail,2022-06-19,Vadodara,Gujarat,West
CUST03154,Chasmum Shah,Female,33,Corporate,2023-03-22,Amritsar,Punjab,North
CUST03155,Vedant Salvi,Male,38,Education,2023-04-18,Vadodara,Gujarat,West
CUST03156,Manthan Dani,Female,54,SME,2021-11-14,Nagpur,Maharashtra,West
CUST03157,Ekta Kohli,Female,58,Government,2025-04-20,Kochi,Kerala,South
CUST03158,Neha Dhar,Male,33,Education,2022-01-30,Kozhikode,Kerala,South
CUST03159,Yashawini Kashyap,Male,38,Government,2022-01-09,Bhopal,Madhya Pradesh,Central
CUST03160,Ubika Ramakrishnan,Male,57,SME,2024-04-08,Coimbatore,Tamil Nadu,South
CUST03161,Rajeshri Guha,Female,47,Government,2025-03-06,Madurai,Tamil Nadu,South
CUST03162,Lopa Mane,Female,42,Corporate,2021-12-07,Mumbai,Maharashtra,West
CUST03163,Azad Dutta,Male,41,Retail,2021-11-05,Nagpur,Maharashtra,West
CUST03164,Jagdish Kaul,Male,58,Retail,2021-12-28,Ludhiana,Punjab,North
CUST03165,Tanish Date,Female,53,Corporate,2021-07-02,Surat,Gujarat,West
CUST03166,Zayyan Wadhwa,Female,38,Government,2023-09-18,Pune,Maharashtra,West
CUST03167,Vamakshi Pal,Male,56,Government,2024-08-29,Kolkata,West Bengal,East
CUST03168,Rayaan Gade,Male,65,Corporate,2023-11-01,Coimbatore,Tamil Nadu,South
CUST03169,Ethan Karan,Male,42,Education,2025-12-30,Siliguri,West Bengal,East
CUST03170,Sathvik Acharya,Female,31,Corporate,2023-03-16,Mysuru,Karnataka,South
CUST03171,Zinal Deo,Male,59,Education,2023-06-24,Mumbai,Maharashtra,West
CUST03172,Mohini Verma,Female,27,Education,2022-05-10,Coimbatore,Tamil Nadu,South
CUST03173,Yashawini Deo,Female,38,Retail,2026-04-23,New Delhi,Delhi,North
CUST03174,Kevin Dalal,Female,30,Government,2025-02-12,Pune,Maharashtra,West
CUST03175,Barkha Rao,Male,55,Corporate,2023-05-22,Amritsar,Punjab,North
CUST03176,Farhan Narayan,Male,21,SME,2022-01-21,Ahmedabad,Gujarat,West
CUST03177,Reva Bobal,Female,27,SME,2023-04-23,Siliguri,West Bengal,East
CUST03178,Anusha Jaggi,Female,59,SME,2025-04-22,New Delhi,Delhi,North
CUST03179,Jackson Batta,Female,57,Retail,2022-04-12,New Delhi,Delhi,North
CUST03180,Zayan Sharaf,Male,50,Retail,2021-12-19,Pune,Maharashtra,West
CUST03181,Bakhshi Sabharwal,Male,22,Corporate,2022-12-01,Warangal,Telangana,South
CUST03182,Udyati Parmer,Male,63,Corporate,2022-04-06,Hyderabad,Telangana,South
CUST03183,Zashil Bajaj,Female,39,Retail,2025-06-05,Coimbatore,Tamil Nadu,South
CUST03184,Oeshi Gokhale,Male,49,Education,2022-01-12,New Delhi,Delhi,North
CUST03185,Hiral Wali,Female,59,Education,2023-01-08,Kolkata,West Bengal,East
CUST03186,Bhavika Krishnan,Male,31,Education,2021-08-22,Karimnagar,Telangana,South
CUST03187,Abhimanyu Gole,Female,32,Corporate,2023-04-11,Hyderabad,Telangana,South
CUST03188,Tejas Sandal,Male,21,Corporate,2022-01-29,Mangaluru,Karnataka,South
CUST03189,Wishi Chaudhry,Male,32,Corporate,2024-04-23,Ludhiana,Punjab,North
CUST03190,Amaira Dutt,Female,38,Education,2023-08-01,Hyderabad,Telangana,South
CUST03191,Wazir Sampath,Female,49,Retail,2024-09-14,New Delhi,Delhi,North
CUST03192,Anmol Bava,Male,30,Government,2026-04-09,New Delhi,Delhi,North
CUST03193,Indali Mohanty,Male,55,Education,2025-10-16,Bengaluru,Karnataka,South
CUST03194,Tarak Deshpande,Male,55,SME,2021-07-26,Mysuru,Karnataka,South
CUST03195,Waida Jayaraman,Female,31,Corporate,2022-04-06,Kolkata,West Bengal,East
CUST03196,Wahab Dugar,Female,35,Government,2022-05-29,Kolkata,West Bengal,East
CUST03197,Fiyaz Sami,Female,28,Corporate,2024-03-13,Vadodara,Gujarat,West
CUST03198,Nakul Sidhu,Female,30,SME,2026-05-19,Bhopal,Madhya Pradesh,Central
CUST03199,Pranit Pingle,Male,59,SME,2025-04-22,Pune,Maharashtra,West
CUST03200,Advaith Mangal,Female,56,Government,2025-11-06,Ludhiana,Punjab,North
CUST03201,Jhalak Sunder,Male,25,Retail,2024-04-04,New Delhi,Delhi,North
CUST03202,Kalpit Desai,Male,30,Government,2025-09-02,New Delhi,Delhi,North
CUST03203,Ansh Mukherjee,Male,55,SME,2025-01-31,Nagpur,Maharashtra,West
CUST03204,Onkar Lad,Male,59,Corporate,2025-09-16,Surat,Gujarat,West
CUST03205,Panini Mody,Male,50,Retail,2023-09-15,Bhopal,Madhya Pradesh,Central
CUST03206,Rachit Brahmbhatt,Male,29,SME,2021-09-06,Mumbai,Maharashtra,West
CUST03207,Chaitanya Bansal,Female,64,SME,2022-12-19,Thiruvananthapuram,Kerala,South
CUST03208,Upadhriti Tella,Male,49,Education,2022-12-04,Amritsar,Punjab,North
CUST03209,Arjun Raval,Male,22,Government,2022-01-18,Siliguri,West Bengal,East
CUST03210,Yamini Shah,Male,57,Retail,2022-06-10,Chennai,Tamil Nadu,South
CUST03211,Onveer Mital,Male,37,Education,2024-05-30,Mysuru,Karnataka,South
CUST03212,Ayush Chaudhari,Male,21,SME,2022-09-15,New Delhi,Delhi,North
CUST03213,Vihaan Om,Male,45,SME,2021-12-12,Kozhikode,Kerala,South
CUST03214,Faris Nagar,Female,59,Retail,2026-04-03,Coimbatore,Tamil Nadu,South
CUST03215,Sathvik Subramaniam,Male,37,Corporate,2026-01-29,Mumbai,Maharashtra,West
CUST03216,Gavin Hayer,Male,25,Retail,2022-01-06,Pune,Maharashtra,West
CUST03217,Chaitaly Chaudhuri,Male,25,Retail,2023-05-29,Ludhiana,Punjab,North
CUST03218,Aachal Kibe,Female,35,Retail,2023-10-08,Thiruvananthapuram,Kerala,South
CUST03219,Samesh Sagar,Male,64,Corporate,2026-05-31,Bhopal,Madhya Pradesh,Central
CUST03220,Veer Bhasin,Female,61,Education,2024-04-27,Kochi,Kerala,South
CUST03221,Upasna Rai,Female,45,Education,2022-11-06,Bengaluru,Karnataka,South
CUST03222,Aayush Jani,Male,54,Retail,2023-04-18,New Delhi,Delhi,North
CUST03223,Maanav Rattan,Female,64,Education,2021-11-19,Coimbatore,Tamil Nadu,South
CUST03224,Netra Babu,Male,60,SME,2025-06-18,Thiruvananthapuram,Kerala,South
CUST03225,Pavani Borra,Female,18,Retail,2022-08-18,Kochi,Kerala,South
CUST03226,Panini Sami,Female,32,Retail,2025-10-01,Bhopal,Madhya Pradesh,Central
CUST03227,Dhruv Lata,Male,56,SME,2023-03-24,Pune,Maharashtra,West
CUST03228,Warjas Sangha,Male,41,SME,2021-07-22,Amritsar,Punjab,North
CUST03229,Anay Choudhary,Female,65,SME,2026-06-13,Kolkata,West Bengal,East
CUST03230,Upadhriti Mannan,Female,41,Education,2021-07-02,New Delhi,Delhi,North
CUST03231,Gunbir Sodhi,Male,61,Education,2026-06-22,Surat,Gujarat,West
CUST03232,Falan Khare,Female,45,Retail,2022-03-31,Siliguri,West Bengal,East
CUST03233,Pratyush Saran,Male,39,SME,2025-08-06,Bhopal,Madhya Pradesh,Central
CUST03234,Varenya Karan,Male,20,SME,2025-03-03,Amritsar,Punjab,North
CUST03235,Qadim Kothari,Female,52,Corporate,2021-09-03,Kolkata,West Bengal,East
CUST03236,Dalaja Jhaveri,Male,62,Education,2026-02-03,Indore,Madhya Pradesh,Central
CUST03237,Tristan Krishna,Male,50,Government,2026-05-25,Coimbatore,Tamil Nadu,South
CUST03238,Tejas Desai,Male,54,Retail,2024-12-25,Mangaluru,Karnataka,South
CUST03239,Arunima Nagar,Male,65,Corporate,2021-07-03,Nagpur,Maharashtra,West
CUST03240,Yashasvi Contractor,Male,38,SME,2026-05-10,Surat,Gujarat,West
CUST03241,Faras Bora,Female,32,Government,2021-11-24,Siliguri,West Bengal,East
CUST03242,Isha Kunda,Female,62,Retail,2023-06-08,Vadodara,Gujarat,West
CUST03243,Ekantika Natt,Female,27,Corporate,2026-04-25,Kozhikode,Kerala,South
CUST03244,Rajata Kumar,Male,49,Corporate,2023-07-18,Mangaluru,Karnataka,South
CUST03245,Yauvani Sha,Female,33,Education,2023-02-13,Madurai,Tamil Nadu,South
CUST03246,Balhaar Malhotra,Male,30,Retail,2025-11-29,Mumbai,Maharashtra,West
CUST03247,Vedhika Shenoy,Female,25,Corporate,2021-10-26,Bengaluru,Karnataka,South
CUST03248,Karan Ramaswamy,Male,22,SME,2022-08-18,Karimnagar,Telangana,South
CUST03249,Pratyush Bawa,Female,40,Education,2025-09-27,Ludhiana,Punjab,North
CUST03250,Chandran Grover,Female,39,Education,2023-10-24,Mangaluru,Karnataka,South
CUST03251,Teerth Solanki,Female,45,Government,2022-05-26,Ahmedabad,Gujarat,West
CUST03252,Onkar Hora,Male,61,Education,2022-03-13,Bhopal,Madhya Pradesh,Central
CUST03253,Abdul Manda,Female,40,Retail,2023-05-15,Mysuru,Karnataka,South
CUST03254,Hredhaan Kalita,Female,42,Government,2025-03-03,Nagpur,Maharashtra,West
CUST03255,Hemangini Wagle,Female,61,Education,2026-03-11,Coimbatore,Tamil Nadu,South
CUST03256,Samaksh Bava,Male,49,Retail,2022-02-12,Mysuru,Karnataka,South
CUST03257,Advik Bhakta,Male,23,Corporate,2022-03-30,Amritsar,Punjab,North
CUST03258,Nitesh Thakur,Female,65,SME,2025-11-01,Coimbatore,Tamil Nadu,South
CUST03259,Hemani Randhawa,Female,20,SME,2026-06-10,Kozhikode,Kerala,South
CUST03260,Manan Randhawa,Female,31,Government,2024-07-14,Nagpur,Maharashtra,West
CUST03261,Nitara Gill,Male,61,Corporate,2023-05-20,New Delhi,Delhi,North
CUST03262,Rishi Mangat,Female,22,Government,2021-11-25,Indore,Madhya Pradesh,Central
CUST03263,Henry Soman,Female,62,Government,2024-06-02,Warangal,Telangana,South
CUST03264,Kamala Soni,Female,55,Retail,2022-07-17,New Delhi,Delhi,North
CUST03265,Eesha Narain,Male,46,SME,2026-04-13,Siliguri,West Bengal,East
CUST03266,Nakul Bahri,Female,56,SME,2021-08-16,Hyderabad,Telangana,South
CUST03267,Vinaya Dyal,Male,22,Corporate,2025-11-10,New Delhi,Delhi,North
CUST03268,Hamsini Singh,Male,18,Education,2022-10-24,Amritsar,Punjab,North
CUST03269,Faras Khare,Male,37,Corporate,2025-06-02,Warangal,Telangana,South
CUST03270,Keya Banerjee,Female,32,Education,2024-03-21,Thiruvananthapuram,Kerala,South
CUST03271,Faraj Tata,Male,26,Corporate,2022-08-02,Chennai,Tamil Nadu,South
CUST03272,Dhriti Mannan,Female,49,SME,2026-03-03,Indore,Madhya Pradesh,Central
CUST03273,Samar Bahri,Female,58,Government,2021-08-20,New Delhi,Delhi,North
CUST03274,Xiti Sane,Female,20,SME,2022-02-10,Coimbatore,Tamil Nadu,South
CUST03275,Harini Barad,Male,22,Retail,2024-03-30,New Delhi,Delhi,North
CUST03276,Nisha Khanna,Female,48,Education,2022-06-27,Nagpur,Maharashtra,West
CUST03277,Ubika Lall,Male,25,Retail,2026-06-11,Kolkata,West Bengal,East
CUST03278,Indali Subramaniam,Male,60,Corporate,2026-04-30,Hyderabad,Telangana,South
CUST03279,Aahana Dora,Female,48,Retail,2023-08-02,Amritsar,Punjab,North
CUST03280,Udarsh Gade,Female,25,Government,2024-09-15,Karimnagar,Telangana,South
CUST03281,Zayan Mall,Male,27,SME,2026-05-06,Bengaluru,Karnataka,South
CUST03282,Varenya Sinha,Female,18,SME,2026-05-06,Karimnagar,Telangana,South
CUST03283,Reva Murthy,Male,25,Government,2022-09-06,Mangaluru,Karnataka,South
CUST03284,Hiral Dasgupta,Male,37,Corporate,2021-10-16,Nagpur,Maharashtra,West
CUST03285,Ethan Narain,Female,31,Corporate,2024-04-08,Ahmedabad,Gujarat,West
CUST03286,Chaitanya Naidu,Female,31,Retail,2026-02-14,Amritsar,Punjab,North
CUST03287,Edhitha Kara,Male,27,Corporate,2022-04-23,Warangal,Telangana,South
CUST03288,Amrita Murthy,Male,48,Government,2025-01-29,Kolkata,West Bengal,East
CUST03289,Saksham Swamy,Male,33,Education,2021-07-28,Madurai,Tamil Nadu,South
CUST03290,Leela Dey,Female,44,Retail,2024-03-24,Ahmedabad,Gujarat,West
CUST03291,Gunbir Palla,Female,43,Retail,2022-06-16,New Delhi,Delhi,North
CUST03292,Priya Shukla,Female,43,Education,2024-03-27,Kozhikode,Kerala,South
CUST03293,Dhriti Devi,Male,48,Government,2024-09-04,Indore,Madhya Pradesh,Central
CUST03294,Siya Nath,Male,33,Government,2021-10-10,Siliguri,West Bengal,East
CUST03295,Chaitanya Patel,Female,22,Education,2025-04-07,Siliguri,West Bengal,East
CUST03296,Laban Saraf,Female,22,Government,2021-08-05,Indore,Madhya Pradesh,Central
CUST03297,Om Bhakta,Male,59,Retail,2022-07-12,Madurai,Tamil Nadu,South
CUST03298,Ayaan Chokshi,Female,35,Education,2025-12-04,Surat,Gujarat,West
CUST03299,Ubika Butala,Female,37,Education,2022-12-05,Surat,Gujarat,West
CUST03300,Gaurav Kumar,Female,62,Government,2025-02-18,Siliguri,West Bengal,East
CUST03301,Baghyawati Bakshi,Female,39,Retail,2022-02-25,Kolkata,West Bengal,East
CUST03302,Laban Sandhu,Male,34,SME,2023-01-30,Amritsar,Punjab,North
CUST03303,Bhavani Kapadia,Male,38,SME,2022-01-29,Pune,Maharashtra,West
CUST03304,Pavani Murthy,Male,40,SME,2024-05-08,Kozhikode,Kerala,South
CUST03305,Qasim Goswami,Female,35,SME,2025-12-13,Thiruvananthapuram,Kerala,South
CUST03306,Upadhriti Sekhon,Male,57,Corporate,2023-01-23,Bhopal,Madhya Pradesh,Central
CUST03307,Anamika Palla,Female,63,Government,2024-02-29,Mumbai,Maharashtra,West
CUST03308,Diya Mishra,Male,47,Government,2022-05-28,Siliguri,West Bengal,East
CUST03309,Rajata Deshmukh,Male,64,SME,2023-02-07,Kolkata,West Bengal,East
CUST03310,Chaaya Mahajan,Female,29,Education,2023-11-18,Kochi,Kerala,South
CUST03311,Varsha Pathak,Female,48,SME,2024-01-08,Ahmedabad,Gujarat,West
CUST03312,Wazir Bansal,Female,27,SME,2024-12-12,Bhopal,Madhya Pradesh,Central
CUST03313,William Chaudhuri,Female,25,Education,2022-07-07,Indore,Madhya Pradesh,Central
CUST03314,Dayita Ranganathan,Male,22,Corporate,2023-03-03,Siliguri,West Bengal,East
CUST03315,Vasudha Goswami,Female,53,Government,2022-12-20,Pune,Maharashtra,West
CUST03316,Ishanvi Ganguly,Female,30,SME,2024-06-12,Nagpur,Maharashtra,West
CUST03317,Yashvi Rajan,Female,56,Retail,2025-05-27,Mysuru,Karnataka,South
CUST03318,Faraj Keer,Female,38,Retail,2024-12-23,Amritsar,Punjab,North
CUST03319,Frederick Choudhry,Male,41,Retail,2022-09-27,Hyderabad,Telangana,South
CUST03320,Laban Saha,Female,24,Government,2025-03-01,Bengaluru,Karnataka,South
CUST03321,Thomas Kalita,Male,24,Education,2023-02-28,Siliguri,West Bengal,East
CUST03322,Samaksh Kashyap,Male,18,Retail,2022-12-06,Kochi,Kerala,South
CUST03323,Gayathri Raghavan,Female,36,Education,2021-09-28,Vadodara,Gujarat,West
CUST03324,Robert Chopra,Male,57,Government,2025-08-03,Kochi,Kerala,South
CUST03325,Chatresh Venkataraman,Female,33,Corporate,2026-06-02,Bhopal,Madhya Pradesh,Central
CUST03326,Om Malhotra,Female,32,Corporate,2023-02-06,Mangaluru,Karnataka,South
CUST03327,Shivani Tata,Male,28,Retail,2023-03-16,New Delhi,Delhi,North
CUST03328,Harinakshi Prashad,Female,25,Retail,2022-09-12,Bhopal,Madhya Pradesh,Central
CUST03329,Sachi Choudhary,Male,33,Education,2025-05-04,Thiruvananthapuram,Kerala,South
CUST03330,Panini Srinivasan,Male,32,SME,2024-05-18,Indore,Madhya Pradesh,Central
CUST03331,Sudiksha Das,Male,60,SME,2025-10-07,Chennai,Tamil Nadu,South
CUST03332,Zehaan Mahal,Female,31,Corporate,2023-08-08,New Delhi,Delhi,North
CUST03333,Tanish Lad,Female,63,Education,2024-11-25,Chennai,Tamil Nadu,South
CUST03334,Lakshit Sahni,Female,57,Education,2021-10-10,Ludhiana,Punjab,North
CUST03335,Vedika Srinivasan,Female,31,Education,2023-06-11,Mangaluru,Karnataka,South
CUST03336,Aarnav Jayaraman,Female,19,Education,2026-02-07,New Delhi,Delhi,North
CUST03337,Bishakha Morar,Female,56,Corporate,2023-04-23,Siliguri,West Bengal,East
CUST03338,Aarini Mann,Male,56,Education,2022-10-24,Ahmedabad,Gujarat,West
CUST03339,Harita Palla,Male,31,SME,2022-01-08,Warangal,Telangana,South
CUST03340,Hredhaan Jhaveri,Female,33,SME,2024-05-27,Surat,Gujarat,West
CUST03341,Eesha Seth,Female,19,Government,2025-12-26,Thiruvananthapuram,Kerala,South
CUST03342,Hritik Sethi,Male,46,Retail,2025-05-08,Kozhikode,Kerala,South
CUST03343,Pushti Subramaniam,Female,42,Retail,2025-02-22,New Delhi,Delhi,North
CUST03344,Vamakshi Radhakrishnan,Female,45,Retail,2024-01-08,Amritsar,Punjab,North
CUST03345,Prisha Badal,Female,32,SME,2025-03-23,New Delhi,Delhi,North
CUST03346,Nitara Dhar,Female,28,Corporate,2025-04-16,Surat,Gujarat,West
CUST03347,Amruta Chhabra,Male,20,Education,2022-04-13,Kozhikode,Kerala,South
CUST03348,Keya Viswanathan,Male,23,Corporate,2021-07-25,Ahmedabad,Gujarat,West
CUST03349,Divya Krishna,Male,34,Retail,2026-03-29,Madurai,Tamil Nadu,South
CUST03350,Mason Swamy,Female,27,SME,2021-12-22,Siliguri,West Bengal,East
CUST03351,Nachiket Dhingra,Female,29,Corporate,2024-04-13,Warangal,Telangana,South
CUST03352,Jagdish Doctor,Male,51,Retail,2025-09-15,New Delhi,Delhi,North
CUST03353,Rajeshri Brar,Male,54,Corporate,2024-03-15,Kochi,Kerala,South
CUST03354,Sneha Tank,Female,45,Corporate,2024-03-26,Nagpur,Maharashtra,West
CUST03355,Anita Karpe,Male,56,Retail,2023-08-12,Kochi,Kerala,South
CUST03356,Zayyan Kalla,Female,29,Government,2021-09-27,Chennai,Tamil Nadu,South
CUST03357,Anya Ranganathan,Female,64,Corporate,2024-12-06,Coimbatore,Tamil Nadu,South
CUST03358,Vidhi Dara,Male,33,Retail,2024-01-07,Karimnagar,Telangana,South
CUST03359,Lavanya Gupta,Female,50,Retail,2024-02-04,Ahmedabad,Gujarat,West
CUST03360,Anvi Madan,Female,26,Corporate,2024-05-08,Kolkata,West Bengal,East
CUST03361,Garima Thaker,Male,26,Corporate,2024-04-17,Mysuru,Karnataka,South
CUST03362,Daksh Morar,Female,47,Corporate,2023-03-09,Bhopal,Madhya Pradesh,Central
CUST03363,Jagrati Iyer,Male,63,Corporate,2025-08-09,Ludhiana,Punjab,North
CUST03364,Siddharth Kaul,Male,22,Education,2025-07-10,Karimnagar,Telangana,South
CUST03365,Odika Bandi,Female,47,Government,2022-07-03,Hyderabad,Telangana,South
CUST03366,Isaiah Morar,Female,51,Education,2026-06-29,Amritsar,Punjab,North
CUST03367,Nisha Handa,Female,34,Government,2025-08-23,Siliguri,West Bengal,East
CUST03368,Damyanti Chandra,Female,26,Retail,2025-12-26,New Delhi,Delhi,North
CUST03369,Charita Shere,Female,37,Retail,2025-01-24,Kochi,Kerala,South
CUST03370,Baghyawati Bhattacharyya,Female,42,SME,2022-10-28,Bhopal,Madhya Pradesh,Central
CUST03371,Reva Naidu,Female,49,Corporate,2024-01-15,Ahmedabad,Gujarat,West
CUST03372,Faris Acharya,Female,58,Corporate,2024-11-13,Bengaluru,Karnataka,South
CUST03373,Alka Sule,Female,43,Corporate,2025-10-27,Ludhiana,Punjab,North
CUST03374,Shravya Kant,Male,46,SME,2024-05-26,Hyderabad,Telangana,South
CUST03375,Anay Gera,Female,63,Education,2026-03-27,Amritsar,Punjab,North
CUST03376,Finn Din,Female,26,Education,2021-09-21,Ahmedabad,Gujarat,West
CUST03377,Anika Dutta,Male,58,Retail,2024-01-16,Bengaluru,Karnataka,South
CUST03378,Waida Prakash,Male,40,Education,2025-03-29,Pune,Maharashtra,West
CUST03379,Azad Trivedi,Male,56,SME,2024-06-27,New Delhi,Delhi,North
CUST03380,Advik Murthy,Female,20,Education,2025-09-20,Vadodara,Gujarat,West
CUST03381,Nachiket Radhakrishnan,Female,30,SME,2022-03-06,Coimbatore,Tamil Nadu,South
CUST03382,Xavier Lanka,Male,24,Corporate,2024-03-20,Kolkata,West Bengal,East
CUST03383,Tanveer Choudhry,Male,19,Government,2023-06-02,Siliguri,West Bengal,East
CUST03384,Eesha Thaker,Female,19,Education,2021-11-30,Kozhikode,Kerala,South
CUST03385,Rishi Ganesh,Female,40,Government,2023-07-10,New Delhi,Delhi,North
CUST03386,Gaurika Nayak,Female,21,Government,2024-09-06,Surat,Gujarat,West
CUST03387,Aarav Karan,Female,49,Education,2024-07-16,Indore,Madhya Pradesh,Central
CUST03388,Aarush Kannan,Male,27,Education,2025-03-18,Kolkata,West Bengal,East
CUST03389,Tejas Gandhi,Female,64,SME,2022-05-31,Vadodara,Gujarat,West
CUST03390,Michael Rama,Male,23,Government,2022-12-13,Hyderabad,Telangana,South
CUST03391,Lekha Sethi,Female,32,Retail,2021-08-05,New Delhi,Delhi,North
CUST03392,Harita Mani,Male,26,Corporate,2023-06-25,Mysuru,Karnataka,South
CUST03393,Tanish Saini,Female,27,Education,2023-12-27,New Delhi,Delhi,North
CUST03394,Osha Dua,Male,18,Retail,2023-01-25,Siliguri,West Bengal,East
CUST03395,Yauvani Bail,Female,64,Education,2023-03-26,Hyderabad,Telangana,South
CUST03396,Aarnav Apte,Female,28,Education,2025-12-25,Chennai,Tamil Nadu,South
CUST03397,Kalpit Date,Female,39,Government,2024-05-31,Chennai,Tamil Nadu,South
CUST03398,Charvi Shan,Female,54,Government,2021-12-19,Surat,Gujarat,West
CUST03399,Meera Talwar,Female,51,Corporate,2021-11-26,Siliguri,West Bengal,East
CUST03400,Jeevika Kadakia,Male,32,Retail,2022-08-28,Bhopal,Madhya Pradesh,Central
CUST03401,Raksha Gala,Female,39,Government,2023-07-14,New Delhi,Delhi,North
CUST03402,Ekalinga Date,Female,21,Government,2024-08-21,Pune,Maharashtra,West
CUST03403,Anjali Soman,Male,27,Government,2024-10-11,Pune,Maharashtra,West
CUST03404,Leena Ghose,Male,47,Corporate,2025-08-07,Kochi,Kerala,South
CUST03405,Kiaan D’Alia,Female,44,Education,2021-10-04,Madurai,Tamil Nadu,South
CUST03406,Advaith Muni,Female,23,Corporate,2022-02-17,New Delhi,Delhi,North
CUST03407,Maanas Sengupta,Female,60,Retail,2023-11-28,Karimnagar,Telangana,South
CUST03408,Yoshita Dayal,Female,43,Education,2021-07-06,Ahmedabad,Gujarat,West
CUST03409,Mason Morar,Female,19,SME,2022-06-19,Warangal,Telangana,South
CUST03410,Lopa Krishnamurthy,Female,33,Education,2023-02-20,Ahmedabad,Gujarat,West
CUST03411,Aarav Hari,Male,43,Education,2025-12-05,Amritsar,Punjab,North
CUST03412,Charles Parmer,Male,57,Corporate,2025-04-25,Thiruvananthapuram,Kerala,South
CUST03413,Raghav Kapadia,Female,55,Education,2022-03-24,Ahmedabad,Gujarat,West
CUST03414,Udyati Dutt,Male,23,Retail,2024-11-28,Chennai,Tamil Nadu,South
CUST03415,Idika Kapadia,Female,49,Retail,2022-10-26,Karimnagar,Telangana,South
CUST03416,Zinal Sarna,Male,48,Corporate,2023-04-20,Hyderabad,Telangana,South
CUST03417,Deepa Buch,Female,41,SME,2022-03-18,Bengaluru,Karnataka,South
CUST03418,Zarna Khurana,Male,28,SME,2024-03-27,Indore,Madhya Pradesh,Central
CUST03419,Zarna Tak,Male,55,Retail,2025-06-06,Ahmedabad,Gujarat,West
CUST03420,Aarnav Acharya,Male,30,Corporate,2021-10-22,Mangaluru,Karnataka,South
CUST03421,Falak Thakkar,Male,35,Government,2025-07-19,New Delhi,Delhi,North
CUST03422,Sudiksha Thakkar,Male,57,SME,2024-08-12,Nagpur,Maharashtra,West
CUST03423,Turvi Sheth,Female,56,SME,2022-07-24,Hyderabad,Telangana,South
CUST03424,Idika Lad,Male,49,Government,2023-06-20,Karimnagar,Telangana,South
CUST03425,Kamala Puri,Female,20,Education,2022-06-24,Kozhikode,Kerala,South
CUST03426,Rudra Amble,Male,62,Education,2024-01-17,Vadodara,Gujarat,West
CUST03427,Udyati Mangal,Female,36,Education,2025-10-08,Amritsar,Punjab,North
CUST03428,Logan Sangha,Female,60,SME,2026-04-08,New Delhi,Delhi,North
CUST03429,Tanveer Kumer,Female,27,Corporate,2024-07-20,Kochi,Kerala,South
CUST03430,Yashoda Saran,Male,55,Retail,2025-01-22,Bengaluru,Karnataka,South
CUST03431,Vinaya Sagar,Female,26,Corporate,2024-10-12,Hyderabad,Telangana,South
CUST03432,Onkar Sani,Female,62,SME,2025-09-26,Coimbatore,Tamil Nadu,South
CUST03433,Ekapad Chaudhary,Female,45,Education,2023-02-20,Indore,Madhya Pradesh,Central
CUST03434,Yashoda Ahuja,Female,63,Corporate,2026-01-29,Madurai,Tamil Nadu,South
CUST03435,Qabil Sem,Female,28,Education,2026-04-06,Ludhiana,Punjab,North
CUST03436,Harrison Dewan,Male,21,Retail,2023-07-25,Thiruvananthapuram,Kerala,South
CUST03437,Krishna Karnik,Male,49,Education,2024-05-09,Pune,Maharashtra,West
CUST03438,Mason Chaudhari,Female,26,SME,2023-12-06,New Delhi,Delhi,North
CUST03439,Advika Dewan,Male,18,Corporate,2024-03-31,New Delhi,Delhi,North
CUST03440,Omisha Shetty,Male,49,SME,2023-02-09,Pune,Maharashtra,West
CUST03441,Indrajit Kapoor,Male,33,Government,2023-03-30,Hyderabad,Telangana,South
CUST03442,Kamya Nair,Female,30,Corporate,2025-08-31,Bhopal,Madhya Pradesh,Central
CUST03443,Reyansh Karnik,Male,58,SME,2024-04-30,New Delhi,Delhi,North
CUST03444,Dayita Tandon,Female,39,Retail,2021-09-10,Vadodara,Gujarat,West
CUST03445,Balveer Khosla,Male,31,Corporate,2024-10-12,Coimbatore,Tamil Nadu,South
CUST03446,Guneet Pathak,Female,51,Education,2021-12-15,Vadodara,Gujarat,West
CUST03447,Ubika Devan,Female,64,Retail,2021-11-27,Kolkata,West Bengal,East
CUST03448,Quincy Nath,Female,20,SME,2023-04-08,Amritsar,Punjab,North
CUST03449,Libni Prashad,Female,55,Retail,2021-12-19,Ahmedabad,Gujarat,West
CUST03450,Daniel Char,Female,56,Government,2026-01-26,Amritsar,Punjab,North
CUST03451,Jonathan Oza,Male,46,SME,2025-06-08,Thiruvananthapuram,Kerala,South
CUST03452,Tanmayi Thaman,Male,32,Government,2025-10-12,Nagpur,Maharashtra,West
CUST03453,Gopal Prasad,Female,18,Government,2024-09-26,Pune,Maharashtra,West
CUST03454,Chanakya Brar,Male,46,Corporate,2024-03-11,Kochi,Kerala,South
CUST03455,Daksh Vyas,Female,21,Retail,2023-11-23,New Delhi,Delhi,North
CUST03456,Janaki Joshi,Female,19,Government,2022-03-06,Nagpur,Maharashtra,West
CUST03457,Finn Dara,Male,49,Government,2022-10-20,Nagpur,Maharashtra,West
CUST03458,Tara Kulkarni,Female,25,Corporate,2025-05-09,Kozhikode,Kerala,South
CUST03459,Urvashi Ramanathan,Male,52,Corporate,2024-02-01,New Delhi,Delhi,North
CUST03460,Hemang Parmar,Female,23,SME,2024-12-22,Mangaluru,Karnataka,South
CUST03461,Ojas Yadav,Male,24,Corporate,2021-07-19,Thiruvananthapuram,Kerala,South
CUST03462,Vrinda Sachdeva,Female,60,SME,2025-03-03,Mumbai,Maharashtra,West
CUST03463,Yashasvi Salvi,Female,31,Corporate,2025-05-29,New Delhi,Delhi,North
CUST03464,Urvashi Issac,Female,37,Government,2026-05-19,Ahmedabad,Gujarat,West
CUST03465,Yashawini Balasubramanian,Male,27,Retail,2026-02-04,Kolkata,West Bengal,East
CUST03466,Darika Lala,Male,35,Corporate,2023-12-05,Bengaluru,Karnataka,South
CUST03467,Hemang Rajagopal,Female,25,Government,2026-05-11,Coimbatore,Tamil Nadu,South
CUST03468,Ekbal Patla,Male,48,Government,2022-09-23,Siliguri,West Bengal,East
CUST03469,Rajeshri Munshi,Female,23,SME,2025-04-16,Mumbai,Maharashtra,West
CUST03470,Yatin Kothari,Male,52,SME,2023-11-13,Warangal,Telangana,South
CUST03471,Rachana Bhalla,Male,22,Corporate,2025-03-12,Mangaluru,Karnataka,South
CUST03472,Dalaja Sodhi,Male,51,Government,2026-02-20,Warangal,Telangana,South
CUST03473,Sanaya Ramesh,Female,19,SME,2023-05-16,Thiruvananthapuram,Kerala,South
CUST03474,Dhriti Kapadia,Male,50,Education,2025-12-17,New Delhi,Delhi,North
CUST03475,Fiyaz Manne,Male,57,Education,2024-02-15,Kochi,Kerala,South
CUST03476,Warhi Rama,Male,60,Education,2024-11-26,Indore,Madhya Pradesh,Central
CUST03477,Laban Bath,Female,38,SME,2021-12-27,Siliguri,West Bengal,East
CUST03478,Om Master,Male,46,Corporate,2025-02-20,Kochi,Kerala,South
CUST03479,Suhani Trivedi,Female,19,SME,2022-07-12,Mangaluru,Karnataka,South
CUST03480,Abhimanyu Gala,Male,38,Education,2023-04-19,Surat,Gujarat,West
CUST03481,Lavanya Swamy,Male,56,Government,2023-08-08,Chennai,Tamil Nadu,South
CUST03482,Robert Basak,Male,48,Education,2022-12-10,Kolkata,West Bengal,East
CUST03483,Orinder Tak,Male,57,Retail,2022-05-01,Siliguri,West Bengal,East
CUST03484,Krishna Purohit,Female,52,Education,2025-04-07,Ahmedabad,Gujarat,West
CUST03485,Bhavya Bakshi,Male,21,SME,2026-06-27,Mumbai,Maharashtra,West
CUST03486,Wyatt Parikh,Female,42,Corporate,2021-07-04,Karimnagar,Telangana,South
CUST03487,Gaurika Ben,Female,22,Government,2023-12-03,Pune,Maharashtra,West
CUST03488,Benjamin Mishra,Female,37,SME,2025-10-25,Ahmedabad,Gujarat,West
CUST03489,Amrita D’Alia,Male,36,SME,2023-07-21,New Delhi,Delhi,North
CUST03490,Laban Kuruvilla,Male,26,Government,2025-05-02,Karimnagar,Telangana,South
CUST03491,Veda Thaker,Female,25,Retail,2025-12-03,Indore,Madhya Pradesh,Central
CUST03492,Sneha Puri,Female,25,Corporate,2023-05-26,Pune,Maharashtra,West
CUST03493,Imaran Saha,Male,32,Retail,2024-08-19,Indore,Madhya Pradesh,Central
CUST03494,George Cheema,Male,63,Government,2023-10-04,Pune,Maharashtra,West
CUST03495,Harrison Chand,Female,24,Education,2023-12-03,Bhopal,Madhya Pradesh,Central
CUST03496,Ekani Kala,Female,23,SME,2024-05-24,Mysuru,Karnataka,South
CUST03497,Rachita Gola,Male,26,Retail,2023-05-01,Nagpur,Maharashtra,West
CUST03498,Omisha Andra,Male,24,Education,2022-09-14,Madurai,Tamil Nadu,South
CUST03499,Balendra Devan,Female,43,Government,2023-05-12,Mysuru,Karnataka,South
CUST03500,Fariq Chokshi,Male,55,Government,2023-10-08,Coimbatore,Tamil Nadu,South
CUST03501,Gautami Pai,Female,28,Corporate,2026-03-08,Kochi,Kerala,South
CUST03502,Anirudh Suresh,Male,48,Corporate,2023-07-04,Indore,Madhya Pradesh,Central
CUST03503,Logan Raj,Male,44,Retail,2021-07-30,Hyderabad,Telangana,South
CUST03504,Tristan Magar,Male,49,Government,2025-03-24,Siliguri,West Bengal,East
CUST03505,Gopal Shroff,Female,31,Government,2022-04-10,Kochi,Kerala,South
CUST03506,Yashodhara Dara,Female,40,Corporate,2025-02-14,New Delhi,Delhi,North
CUST03507,Isha Rattan,Female,35,Corporate,2024-06-03,New Delhi,Delhi,North
CUST03508,Aachal Gade,Female,34,Government,2022-06-18,Indore,Madhya Pradesh,Central
CUST03509,Reyansh Morar,Male,43,Government,2024-08-08,Ludhiana,Punjab,North
CUST03510,Samaksh Swaminathan,Female,62,Corporate,2023-04-16,Kozhikode,Kerala,South
CUST03511,Hema Sarna,Male,60,Corporate,2023-09-22,Indore,Madhya Pradesh,Central
CUST03512,Anay Gara,Male,32,Corporate,2025-06-20,Karimnagar,Telangana,South
CUST03513,Gaurav Mangal,Male,61,Education,2024-11-18,Mangaluru,Karnataka,South
CUST03514,Maya Sandhu,Female,25,Government,2025-07-28,Hyderabad,Telangana,South
CUST03515,Vaishnavi Sengupta,Male,63,Retail,2026-06-06,Mangaluru,Karnataka,South
CUST03516,Imaran Balakrishnan,Male,39,Corporate,2026-03-18,Mysuru,Karnataka,South
CUST03517,Chaitanya Bassi,Male,64,Retail,2022-02-06,Ludhiana,Punjab,North
CUST03518,Urmi Shetty,Female,42,Government,2021-11-22,Surat,Gujarat,West
CUST03519,Tanvi Walla,Male,58,Corporate,2026-01-22,Pune,Maharashtra,West
CUST03520,Avni Parekh,Female,30,Corporate,2026-03-12,Thiruvananthapuram,Kerala,South
CUST03521,Radhika Panchal,Female,45,Retail,2025-07-19,Amritsar,Punjab,North
CUST03522,Yutika Narang,Female,47,Corporate,2022-11-01,Mumbai,Maharashtra,West
CUST03523,Vedant Munshi,Female,51,SME,2025-03-07,Bengaluru,Karnataka,South
CUST03524,Noah Oak,Male,36,Corporate,2022-09-09,Thiruvananthapuram,Kerala,South
CUST03525,Gopal Kadakia,Male,45,Retail,2022-06-23,Pune,Maharashtra,West
CUST03526,Charles Raman,Female,40,SME,2023-05-10,Ludhiana,Punjab,North
CUST03527,Omkaar Roy,Male,62,SME,2023-01-30,Thiruvananthapuram,Kerala,South
CUST03528,Dhruv Kapur,Female,28,Education,2021-12-10,Amritsar,Punjab,North
CUST03529,Nicholas Singhal,Male,19,Corporate,2021-11-28,Thiruvananthapuram,Kerala,South
CUST03530,Yuvraj Mani,Male,53,Government,2026-05-31,Amritsar,Punjab,North
CUST03531,Ekanta Dhawan,Female,64,SME,2023-08-06,Hyderabad,Telangana,South
CUST03532,Ekaraj Korpal,Male,35,Government,2022-05-20,Siliguri,West Bengal,East
CUST03533,Yoshita Jain,Female,19,Retail,2025-08-11,Nagpur,Maharashtra,West
CUST03534,Anika Sen,Male,36,SME,2023-10-21,Indore,Madhya Pradesh,Central
CUST03535,Yashawini Wali,Male,58,Education,2026-05-24,Kozhikode,Kerala,South
CUST03536,Vasatika Sankar,Male,19,SME,2025-07-21,Kolkata,West Bengal,East
CUST03537,Vihaan Gole,Female,18,Education,2024-08-03,Siliguri,West Bengal,East
CUST03538,Yuvraj Khatri,Male,64,SME,2025-06-03,Kochi,Kerala,South
CUST03539,Ayaan Kapadia,Female,55,Corporate,2025-01-30,New Delhi,Delhi,North
CUST03540,Yatan Bhagat,Male,42,Education,2022-10-24,New Delhi,Delhi,North
CUST03541,Rohan Deshpande,Male,38,Retail,2022-02-22,Indore,Madhya Pradesh,Central
CUST03542,Xavier Oak,Female,33,Government,2026-05-17,Surat,Gujarat,West
CUST03543,Urmi Pal,Male,45,Government,2022-01-11,Surat,Gujarat,West
CUST03544,Om Sachar,Male,24,Government,2021-12-08,Mangaluru,Karnataka,South
CUST03545,Mason Nagarajan,Female,20,Corporate,2024-02-14,Hyderabad,Telangana,South
CUST03546,Arjun Bahl,Male,24,Government,2025-09-06,Amritsar,Punjab,North
CUST03547,Avi Ganguly,Male,65,Corporate,2023-11-30,Ludhiana,Punjab,North
CUST03548,Chandresh Biswas,Male,20,SME,2025-06-21,Thiruvananthapuram,Kerala,South
CUST03549,Indira Shankar,Female,25,SME,2021-12-09,Mangaluru,Karnataka,South
CUST03550,Divya Lad,Male,23,SME,2024-05-09,Bhopal,Madhya Pradesh,Central
CUST03551,Wyatt Agarwal,Male,23,SME,2024-10-12,Kozhikode,Kerala,South
CUST03552,Daniel Yohannan,Male,48,SME,2024-08-16,Indore,Madhya Pradesh,Central
CUST03553,Vaishnavi Behl,Male,49,Corporate,2022-01-22,Kolkata,West Bengal,East
CUST03554,Indali Sandhu,Male,23,Government,2023-01-14,New Delhi,Delhi,North
CUST03555,Bhavya Grewal,Female,18,Education,2025-02-07,Indore,Madhya Pradesh,Central
CUST03556,Yashvi Chandra,Female,53,Corporate,2026-05-15,Surat,Gujarat,West
CUST03557,Falguni Kapur,Male,58,Government,2022-01-25,Mangaluru,Karnataka,South
CUST03558,Rajata Seshadri,Female,30,Corporate,2021-07-21,Mangaluru,Karnataka,South
CUST03559,Advaith Bera,Male,64,Corporate,2024-10-27,Hyderabad,Telangana,South
CUST03560,Imaran Kothari,Male,26,SME,2024-04-15,Kochi,Kerala,South
CUST03561,Tanveer Aggarwal,Female,32,Government,2021-08-22,Ludhiana,Punjab,North
CUST03562,Chakrika Raj,Male,64,Corporate,2024-01-27,Hyderabad,Telangana,South
CUST03563,Charan Keer,Female,61,Education,2023-12-29,Vadodara,Gujarat,West
CUST03564,Falak Chaudhary,Male,28,Education,2024-11-25,Karimnagar,Telangana,South
CUST03565,Pooja Pai,Male,41,Retail,2024-12-05,New Delhi,Delhi,North
CUST03566,Chandani Narayan,Female,24,Retail,2022-05-18,Kolkata,West Bengal,East
CUST03567,Gautami Loyal,Male,27,Education,2023-10-13,Hyderabad,Telangana,South
CUST03568,Samesh Radhakrishnan,Male,62,Corporate,2025-08-11,Coimbatore,Tamil Nadu,South
CUST03569,Keya Tailor,Female,46,Corporate,2021-10-18,Nagpur,Maharashtra,West
CUST03570,Abhiram Saran,Female,45,Corporate,2024-11-10,Indore,Madhya Pradesh,Central
CUST03571,Mekhala Rai,Female,38,SME,2025-06-25,Bhopal,Madhya Pradesh,Central
CUST03572,Atharv Nadig,Male,30,Education,2025-04-05,Indore,Madhya Pradesh,Central
CUST03573,Damyanti Thaker,Female,23,Government,2025-12-21,Pune,Maharashtra,West
CUST03574,Ikbal Sandal,Male,21,Corporate,2024-09-16,Madurai,Tamil Nadu,South
CUST03575,Kavya Singh,Female,43,Government,2025-11-12,Kolkata,West Bengal,East
CUST03576,Darika Butala,Male,52,Corporate,2021-10-28,Hyderabad,Telangana,South
CUST03577,Abha Sachdev,Male,50,Government,2021-09-27,Hyderabad,Telangana,South
CUST03578,Adya Narain,Male,52,Government,2022-03-21,Kolkata,West Bengal,East
CUST03579,Ubika Mann,Male,34,SME,2021-12-28,Coimbatore,Tamil Nadu,South
CUST03580,Kevin Grewal,Male,29,Retail,2025-10-22,Vadodara,Gujarat,West
CUST03581,Kritika Randhawa,Male,26,Corporate,2021-10-25,New Delhi,Delhi,North
CUST03582,George Bir,Male,57,Education,2022-04-04,Madurai,Tamil Nadu,South
CUST03583,Charita Tank,Male,65,SME,2025-04-19,Coimbatore,Tamil Nadu,South
CUST03584,Jagvi Raju,Female,39,Retail,2023-07-30,Ludhiana,Punjab,North
CUST03585,Timothy Ramesh,Male,60,Retail,2025-02-27,Bengaluru,Karnataka,South
CUST03586,Faris Roy,Female,28,Government,2023-04-22,Bengaluru,Karnataka,South
CUST03587,Maya Borra,Male,48,Retail,2025-10-21,Chennai,Tamil Nadu,South
CUST03588,Yachana Goyal,Male,58,Government,2024-03-24,Amritsar,Punjab,North
CUST03589,Ekalinga Parmar,Male,40,SME,2023-08-31,Mangaluru,Karnataka,South
CUST03590,Ayushman Shetty,Female,36,SME,2024-02-14,New Delhi,Delhi,North
CUST03591,Daksha Bhattacharyya,Male,56,Government,2026-02-13,Hyderabad,Telangana,South
CUST03592,Aditya Bose,Female,49,Government,2025-06-23,Siliguri,West Bengal,East
CUST03593,Manan Korpal,Male,36,Government,2024-08-02,Chennai,Tamil Nadu,South
CUST03594,Nitara Saxena,Female,42,Education,2025-03-23,Indore,Madhya Pradesh,Central
CUST03595,Ucchal Majumdar,Female,47,Retail,2024-05-05,Mangaluru,Karnataka,South
CUST03596,Isaac Dyal,Male,18,SME,2025-05-20,Mangaluru,Karnataka,South
CUST03597,Jalsa Shukla,Female,58,SME,2025-02-28,Thiruvananthapuram,Kerala,South
CUST03598,Anmol Seth,Female,51,Corporate,2021-11-04,Coimbatore,Tamil Nadu,South
CUST03599,Vivaan Narula,Male,33,Education,2022-05-17,New Delhi,Delhi,North
CUST03600,Raghav Nagarajan,Male,38,SME,2024-03-21,Warangal,Telangana,South
CUST03601,Teerth Nayar,Female,28,Government,2024-01-13,Mysuru,Karnataka,South
CUST03602,Charita Zachariah,Male,58,Education,2026-03-02,New Delhi,Delhi,North
CUST03603,Omkaar Dalal,Male,33,Education,2023-08-01,Mysuru,Karnataka,South
CUST03604,Ekani Singhal,Female,19,Government,2024-12-20,Bhopal,Madhya Pradesh,Central
CUST03605,Harsh Swamy,Male,22,Retail,2023-09-02,Kolkata,West Bengal,East
CUST03606,Jhalak Vaidya,Male,43,SME,2025-04-11,Mumbai,Maharashtra,West
CUST03607,Saumya Iyer,Male,34,SME,2022-11-17,Kolkata,West Bengal,East
CUST03608,Yashawini Bal,Female,49,Corporate,2024-08-03,Karimnagar,Telangana,South
CUST03609,Kai Raju,Female,63,Corporate,2022-02-27,Kolkata,West Bengal,East
CUST03610,Pallavi Sankar,Female,35,Corporate,2022-11-02,Kolkata,West Bengal,East
CUST03611,Bimala Chaudhuri,Male,27,Education,2024-05-15,Karimnagar,Telangana,South
CUST03612,Ayaan Comar,Male,51,Government,2025-04-18,Bhopal,Madhya Pradesh,Central
CUST03613,Falan Baria,Female,28,Retail,2026-06-21,Pune,Maharashtra,West
CUST03614,Samarth Sangha,Male,41,Government,2024-07-06,Thiruvananthapuram,Kerala,South
CUST03615,Agastya Dash,Male,37,SME,2022-06-21,New Delhi,Delhi,North
CUST03616,Rayaan Das,Male,42,SME,2026-06-23,Coimbatore,Tamil Nadu,South
CUST03617,Amara Bedi,Female,41,SME,2025-09-20,New Delhi,Delhi,North
CUST03618,Veda Borra,Female,32,SME,2025-03-15,Bengaluru,Karnataka,South
CUST03619,Lopa Ramesh,Male,36,Corporate,2024-03-06,Vadodara,Gujarat,West
CUST03620,Ekantika Loke,Male,48,Education,2022-09-14,Mangaluru,Karnataka,South
CUST03621,Osha Nadig,Female,36,Government,2022-05-28,Pune,Maharashtra,West
CUST03622,Chatura Pillay,Male,64,Retail,2025-07-06,Indore,Madhya Pradesh,Central
CUST03623,Pallavi Sen,Male,35,SME,2023-09-12,Ahmedabad,Gujarat,West
CUST03624,Upasna Pradhan,Male,61,SME,2024-03-19,Warangal,Telangana,South
CUST03625,Farhan Gala,Male,36,Corporate,2025-10-02,Mysuru,Karnataka,South
CUST03626,Chaman Lall,Male,40,Corporate,2022-11-20,Kochi,Kerala,South
CUST03627,Ishwar Shukla,Female,63,Retail,2026-02-02,Siliguri,West Bengal,East
CUST03628,Zayan Dani,Male,24,Retail,2025-08-18,New Delhi,Delhi,North
CUST03629,Panini Oza,Female,51,Education,2021-12-13,Madurai,Tamil Nadu,South
CUST03630,Ishani Sood,Male,56,Corporate,2026-03-19,Madurai,Tamil Nadu,South
CUST03631,Ekalinga Hans,Male,58,Corporate,2024-01-10,Kozhikode,Kerala,South
CUST03632,Jeevika Raghavan,Male,43,SME,2023-09-20,Ludhiana,Punjab,North
CUST03633,Nilima Bhagat,Female,20,Retail,2025-12-09,Kochi,Kerala,South
CUST03634,Aditya Sharaf,Female,38,Education,2022-03-15,Madurai,Tamil Nadu,South
CUST03635,Januja Dugar,Female,53,Government,2023-05-01,Coimbatore,Tamil Nadu,South
CUST03636,Chaman Setty,Male,31,Retail,2024-02-07,Bengaluru,Karnataka,South
CUST03637,Neelima Sunder,Male,39,Education,2021-08-10,Mangaluru,Karnataka,South
CUST03638,Jairaj Patil,Male,56,Government,2022-02-27,Madurai,Tamil Nadu,South
CUST03639,Timothy Yadav,Female,39,Education,2021-08-25,Bengaluru,Karnataka,South
CUST03640,Rajeshri Bawa,Female,56,Retail,2023-02-14,Amritsar,Punjab,North
CUST03641,Mitesh Narang,Male,43,SME,2021-12-09,New Delhi,Delhi,North
CUST03642,Isaiah Seshadri,Male,21,Retail,2024-03-31,Bhopal,Madhya Pradesh,Central
CUST03643,Ganga Basak,Male,25,Government,2025-01-04,Nagpur,Maharashtra,West
CUST03644,Neel Oommen,Male,52,SME,2024-10-30,Bhopal,Madhya Pradesh,Central
CUST03645,Azad Gandhi,Female,51,Education,2023-07-08,Kochi,Kerala,South
CUST03646,Upasna Ganesh,Male,44,Corporate,2023-08-22,Ahmedabad,Gujarat,West
CUST03647,George Keer,Male,31,Government,2022-06-03,Karimnagar,Telangana,South
CUST03648,Pranav Choudhury,Male,33,Education,2025-12-28,Indore,Madhya Pradesh,Central
CUST03649,Aarav Mital,Female,44,Retail,2022-10-26,Pune,Maharashtra,West
CUST03650,Dominic Dewan,Male,62,SME,2026-04-14,Coimbatore,Tamil Nadu,South
CUST03651,Manan Gera,Female,65,Retail,2023-04-03,Karimnagar,Telangana,South
CUST03652,Oscar Kapadia,Male,39,Corporate,2025-05-18,Vadodara,Gujarat,West
CUST03653,Unnati Bhatt,Female,45,Retail,2024-10-11,Amritsar,Punjab,North
CUST03654,Geetika Gade,Male,65,Corporate,2024-06-15,Kolkata,West Bengal,East
CUST03655,Warjas Jayaraman,Male,30,Retail,2023-04-28,New Delhi,Delhi,North
CUST03656,Harish Sandal,Female,42,Education,2024-05-03,Kolkata,West Bengal,East
CUST03657,Nakul Pillai,Male,42,Corporate,2021-12-29,Indore,Madhya Pradesh,Central
CUST03658,Madhavi Bhasin,Female,65,Corporate,2021-11-08,Ludhiana,Punjab,North
CUST03659,Arjun Anand,Male,34,SME,2025-04-26,Chennai,Tamil Nadu,South
CUST03660,Devansh Bhatt,Female,50,Government,2021-11-28,Ahmedabad,Gujarat,West
CUST03661,Ijaya Merchant,Male,49,Education,2025-07-14,Warangal,Telangana,South
CUST03662,Manan Chaudhuri,Male,51,SME,2022-09-24,New Delhi,Delhi,North
CUST03663,Saanvi Kalita,Male,25,Corporate,2024-06-10,Nagpur,Maharashtra,West
CUST03664,Kevin Lalla,Male,51,Education,2023-08-06,Nagpur,Maharashtra,West
CUST03665,Omisha Shroff,Female,33,Education,2025-08-07,Thiruvananthapuram,Kerala,South
CUST03666,Aryan Divan,Female,20,Corporate,2022-12-02,Kolkata,West Bengal,East
CUST03667,Omya Padmanabhan,Female,57,Retail,2023-11-21,Kozhikode,Kerala,South
CUST03668,Ekta Patel,Female,46,Retail,2025-09-09,Bengaluru,Karnataka,South
CUST03669,Gautami Palla,Female,54,Government,2026-01-22,Indore,Madhya Pradesh,Central
CUST03670,Rehaan Goda,Female,54,Corporate,2021-09-14,Coimbatore,Tamil Nadu,South
CUST03671,Janaki Soman,Female,34,Government,2026-04-10,Mangaluru,Karnataka,South
CUST03672,Falak Chaudhuri,Female,57,Government,2021-10-24,Warangal,Telangana,South
CUST03673,Faraj Lall,Female,23,Government,2024-02-04,New Delhi,Delhi,North
CUST03674,Indira Rege,Female,55,Education,2023-07-14,Mumbai,Maharashtra,West
CUST03675,Saksham Chaudhari,Male,39,Government,2026-06-17,Indore,Madhya Pradesh,Central
CUST03676,Aadhya Cheema,Male,50,SME,2024-09-08,Coimbatore,Tamil Nadu,South
CUST03677,Shravya Hari,Male,30,Retail,2026-01-24,Indore,Madhya Pradesh,Central
CUST03678,Samar Chandran,Female,27,Education,2021-07-01,Hyderabad,Telangana,South
CUST03679,Xiti Kuruvilla,Female,57,Retail,2023-04-02,New Delhi,Delhi,North
CUST03680,Warda Hans,Male,43,Retail,2024-11-23,Siliguri,West Bengal,East
CUST03681,Siddharth Batra,Male,59,Education,2024-12-04,Amritsar,Punjab,North
CUST03682,Varsha Sehgal,Male,37,Government,2025-01-09,Karimnagar,Telangana,South
CUST03683,Sara Kothari,Male,38,Government,2023-11-12,Kozhikode,Kerala,South
CUST03684,Amruta Goda,Male,51,Corporate,2021-09-29,Vadodara,Gujarat,West
CUST03685,Ekaraj Nazareth,Female,18,SME,2024-06-18,Kolkata,West Bengal,East
CUST03686,Charita Manne,Male,62,Government,2025-10-11,New Delhi,Delhi,North
CUST03687,Yatin Hari,Female,19,Government,2021-09-13,Bhopal,Madhya Pradesh,Central
CUST03688,Aadhya Sharma,Female,52,Corporate,2026-05-09,Warangal,Telangana,South
CUST03689,Dhriti Lall,Male,53,Education,2026-06-16,New Delhi,Delhi,North
CUST03690,Damini Verma,Female,44,Retail,2021-07-08,Bhopal,Madhya Pradesh,Central
CUST03691,Madhavi Venkataraman,Female,45,Retail,2025-11-07,Kochi,Kerala,South
CUST03692,Kashish Pillay,Female,54,SME,2021-12-31,Hyderabad,Telangana,South
CUST03693,Jeremiah Dani,Male,35,Education,2023-10-16,Coimbatore,Tamil Nadu,South
CUST03694,Krisha Mall,Male,55,SME,2025-02-04,Kolkata,West Bengal,East
CUST03695,Ijaya Vohra,Male,19,Corporate,2022-10-17,Siliguri,West Bengal,East
CUST03696,Umang Krish,Male,18,Government,2024-03-25,Ludhiana,Punjab,North
CUST03697,Om Swamy,Female,22,Retail,2022-01-05,New Delhi,Delhi,North
CUST03698,Pavani Nagar,Male,22,Retail,2024-12-13,Coimbatore,Tamil Nadu,South
CUST03699,Mahika Dey,Female,19,Retail,2024-02-21,Kozhikode,Kerala,South
CUST03700,Hema Pillai,Male,57,SME,2026-06-19,Coimbatore,Tamil Nadu,South
CUST03701,Triya Kata,Male,65,SME,2026-03-21,Coimbatore,Tamil Nadu,South
CUST03702,Patrick Prabhu,Female,29,Government,2023-04-13,Mysuru,Karnataka,South
CUST03703,Anya Din,Female,59,Education,2022-06-02,Kozhikode,Kerala,South
CUST03704,Tanmayi Dhillon,Female,32,SME,2024-11-15,Hyderabad,Telangana,South
CUST03705,Nilima Bal,Female,46,Education,2024-10-07,Mumbai,Maharashtra,West
CUST03706,Geetika Singhal,Female,28,Retail,2022-01-13,Bhopal,Madhya Pradesh,Central
CUST03707,Siddharth Devi,Female,44,Corporate,2023-10-05,Ludhiana,Punjab,North
CUST03708,Faris Ravel,Female,19,Government,2024-09-18,Indore,Madhya Pradesh,Central
CUST03709,David Bhatia,Female,64,Education,2024-04-02,Madurai,Tamil Nadu,South
CUST03710,Unnati Dhillon,Male,54,Government,2023-03-24,New Delhi,Delhi,North
CUST03711,Anjali Buch,Male,43,Government,2022-09-20,Coimbatore,Tamil Nadu,South
CUST03712,Saumya Memon,Male,30,Corporate,2023-03-01,Siliguri,West Bengal,East
CUST03713,Ekiya Saini,Male,23,Corporate,2024-09-03,Thiruvananthapuram,Kerala,South
CUST03714,Hitesh Dutta,Male,30,SME,2022-06-22,Surat,Gujarat,West
CUST03715,Samar Joshi,Female,52,Retail,2023-03-14,New Delhi,Delhi,North
CUST03716,Warjas Kibe,Male,28,Retail,2022-03-06,Ludhiana,Punjab,North
CUST03717,Mason Mangat,Male,18,Education,2021-10-24,Madurai,Tamil Nadu,South
CUST03718,Geetika Aggarwal,Female,33,Government,2026-05-19,Chennai,Tamil Nadu,South
CUST03719,Chakradev Kala,Female,49,Government,2026-03-13,Ahmedabad,Gujarat,West
CUST03720,Fariq Khare,Female,25,Corporate,2022-02-11,Bhopal,Madhya Pradesh,Central
CUST03721,Jeremiah Contractor,Male,60,Government,2021-09-27,Thiruvananthapuram,Kerala,South
CUST03722,Bakhshi Dasgupta,Female,55,Retail,2024-04-30,Pune,Maharashtra,West
CUST03723,Eiravati Mallick,Female,21,Corporate,2023-08-18,Karimnagar,Telangana,South
CUST03724,Turvi Kothari,Male,24,Education,2021-10-29,New Delhi,Delhi,North
CUST03725,Isha Kothari,Male,33,Education,2026-01-24,Pune,Maharashtra,West
CUST03726,Noah Soni,Female,24,Education,2023-07-12,Kozhikode,Kerala,South
CUST03727,Veda Narang,Male,47,Education,2026-06-25,Ludhiana,Punjab,North
CUST03728,Radhika Oza,Male,22,Retail,2025-06-07,Kolkata,West Bengal,East
CUST03729,Ansh Sundaram,Male,49,Government,2025-07-15,Karimnagar,Telangana,South
CUST03730,Rajeshri Srinivas,Male,58,Corporate,2022-09-21,Kolkata,West Bengal,East
CUST03731,Wishi Nazareth,Female,28,Government,2025-03-03,Nagpur,Maharashtra,West
CUST03732,Ucchal Behl,Female,64,Government,2022-10-08,Siliguri,West Bengal,East
CUST03733,Jhalak Guha,Female,32,Government,2026-05-13,Ludhiana,Punjab,North
CUST03734,William Tandon,Male,52,SME,2026-02-09,Kochi,Kerala,South
CUST03735,Victor Patel,Female,32,Government,2024-04-01,New Delhi,Delhi,North
CUST03736,Charan Varkey,Female,62,Government,2026-01-30,Ludhiana,Punjab,North
CUST03737,Hardik Kumer,Female,61,Retail,2025-08-02,Siliguri,West Bengal,East
CUST03738,Ronith Muni,Male,43,Education,2022-01-23,Amritsar,Punjab,North
CUST03739,Viraj Sarin,Male,18,SME,2023-03-10,Thiruvananthapuram,Kerala,South
CUST03740,Balveer Pandya,Male,23,Corporate,2025-04-16,Mysuru,Karnataka,South
CUST03741,Omya Manne,Female,38,Corporate,2023-10-20,Hyderabad,Telangana,South
CUST03742,Aashi Chaudhry,Female,18,SME,2022-09-13,Coimbatore,Tamil Nadu,South
CUST03743,Vrinda Rama,Male,61,SME,2022-03-23,Siliguri,West Bengal,East
CUST03744,Omisha Seshadri,Male,51,Corporate,2021-11-28,New Delhi,Delhi,North
CUST03745,Banjeet Bala,Male,38,Government,2023-12-28,Madurai,Tamil Nadu,South
CUST03746,Dominic Yadav,Male,53,Government,2023-05-08,New Delhi,Delhi,North
CUST03747,Daksha Ahuja,Male,45,Government,2025-08-09,Siliguri,West Bengal,East
CUST03748,Vasana Narang,Male,28,Corporate,2024-03-11,Bhopal,Madhya Pradesh,Central
CUST03749,Owen Pall,Male,56,Corporate,2021-08-14,Mysuru,Karnataka,South
CUST03750,Tejas Dugar,Female,50,SME,2024-07-27,Siliguri,West Bengal,East
CUST03751,Radhika Trivedi,Female,65,Government,2022-07-27,Warangal,Telangana,South
CUST03752,Hiral Randhawa,Male,36,SME,2025-10-08,Kolkata,West Bengal,East
CUST03753,Elijah Narasimhan,Male,62,Education,2022-08-30,Amritsar,Punjab,North
CUST03754,Wridesh Puri,Male,33,Government,2023-05-19,Coimbatore,Tamil Nadu,South
CUST03755,Charles Dey,Female,48,Corporate,2024-07-07,New Delhi,Delhi,North
CUST03756,Kritika Sathe,Male,57,Education,2025-03-23,Kolkata,West Bengal,East
CUST03757,Urvi Char,Male,57,Retail,2023-07-17,Pune,Maharashtra,West
CUST03758,Odika Chandran,Female,42,Government,2024-11-03,Amritsar,Punjab,North
CUST03759,Arunima Ravi,Female,50,Education,2024-02-24,Karimnagar,Telangana,South
CUST03760,Frado Sahni,Female,51,Government,2023-09-14,Hyderabad,Telangana,South
CUST03761,Aarush Radhakrishnan,Male,59,Government,2025-03-08,Thiruvananthapuram,Kerala,South
CUST03762,Nirja Virk,Male,43,Corporate,2024-08-11,Vadodara,Gujarat,West
CUST03763,Guneet Raghavan,Male,62,SME,2025-08-11,Thiruvananthapuram,Kerala,South
CUST03764,Maanav Lanka,Female,42,Education,2022-12-28,Mangaluru,Karnataka,South
CUST03765,Ranbir Ramanathan,Female,54,Retail,2024-07-20,Bhopal,Madhya Pradesh,Central
CUST03766,Elijah Anne,Male,28,SME,2023-10-19,Mangaluru,Karnataka,South
CUST03767,Utkarsh Chakrabarti,Female,41,SME,2025-06-13,Kolkata,West Bengal,East
CUST03768,Fiyaz Hans,Female,47,Government,2026-02-19,Mumbai,Maharashtra,West
CUST03769,Krishna Dhar,Male,40,Government,2022-10-20,New Delhi,Delhi,North
CUST03770,Edhitha Saxena,Male,58,Corporate,2021-08-15,Mumbai,Maharashtra,West
CUST03771,Vamakshi Dhillon,Female,32,Corporate,2022-12-05,Siliguri,West Bengal,East
CUST03772,Wridesh Dar,Female,43,Corporate,2023-09-07,Kolkata,West Bengal,East
CUST03773,Vedika Bhandari,Female,29,Government,2023-01-28,Mumbai,Maharashtra,West
CUST03774,Dev Seshadri,Female,29,SME,2026-02-06,Vadodara,Gujarat,West
CUST03775,Vrishti Dhawan,Male,43,Government,2023-08-27,New Delhi,Delhi,North
CUST03776,Sarthak Konda,Male,39,Government,2022-01-21,Kozhikode,Kerala,South
CUST03777,Vinaya Mani,Male,32,Government,2022-09-15,Bhopal,Madhya Pradesh,Central
CUST03778,Neelima Gaba,Female,41,SME,2025-05-17,Madurai,Tamil Nadu,South
CUST03779,Ishwar Oommen,Female,51,SME,2024-04-21,Mangaluru,Karnataka,South
CUST03780,Lucky Dasgupta,Male,57,SME,2021-11-13,New Delhi,Delhi,North
CUST03781,Finn Bansal,Female,32,Retail,2023-03-03,Amritsar,Punjab,North
CUST03782,Chaman Dixit,Male,61,Government,2025-07-21,Thiruvananthapuram,Kerala,South
CUST03783,Owen Saraf,Male,48,Government,2021-09-30,Indore,Madhya Pradesh,Central
CUST03784,Hemal Sarraf,Male,30,Government,2025-06-05,Ludhiana,Punjab,North
CUST03785,Harsh Dar,Male,35,Retail,2023-08-28,Vadodara,Gujarat,West
CUST03786,Maya Saxena,Male,43,SME,2023-01-27,Coimbatore,Tamil Nadu,South
CUST03787,Upkaar Mitra,Female,47,Retail,2026-03-08,Coimbatore,Tamil Nadu,South
CUST03788,Mason Chatterjee,Male,24,Corporate,2024-08-26,Surat,Gujarat,West
CUST03789,Xalak Anand,Male,44,Education,2026-05-10,Warangal,Telangana,South
CUST03790,Gopal Ranganathan,Male,45,Education,2025-03-02,Kolkata,West Bengal,East
CUST03791,Azaan Wali,Male,57,SME,2024-12-17,Ahmedabad,Gujarat,West
CUST03792,Nandini Shankar,Male,36,Retail,2023-04-10,Karimnagar,Telangana,South
CUST03793,Bhanumati Parikh,Male,47,Education,2024-04-21,Mysuru,Karnataka,South
CUST03794,Dalaja Handa,Female,53,Retail,2021-08-06,Indore,Madhya Pradesh,Central
CUST03795,Nathan Dani,Female,18,SME,2025-12-18,Indore,Madhya Pradesh,Central
CUST03796,Azad Kapur,Male,50,Government,2024-06-28,Ahmedabad,Gujarat,West
CUST03797,Nidra Bhatia,Female,28,Corporate,2025-03-30,Siliguri,West Bengal,East
CUST03798,Banjeet Memon,Female,44,Retail,2023-05-17,Vadodara,Gujarat,West
CUST03799,Ayaan Chana,Female,46,Government,2021-10-21,Vadodara,Gujarat,West
CUST03800,Daniel Ghose,Female,28,Corporate,2022-01-19,Amritsar,Punjab,North
CUST03801,Lila Khatri,Female,65,SME,2025-01-03,Amritsar,Punjab,North
CUST03802,Baljiwan Sastry,Female,41,SME,2024-03-06,Siliguri,West Bengal,East
CUST03803,Darpan Chaudhari,Male,50,Corporate,2024-07-14,Bhopal,Madhya Pradesh,Central
CUST03804,Samarth Lad,Male,23,Education,2026-06-26,Nagpur,Maharashtra,West
CUST03805,Balendra Saha,Male,18,Retail,2026-05-23,Ahmedabad,Gujarat,West
CUST03806,Praneel Balay,Female,41,Corporate,2025-12-06,Bengaluru,Karnataka,South
CUST03807,Finn Om,Male,33,Corporate,2024-08-21,Indore,Madhya Pradesh,Central
CUST03808,Nikita Sankar,Female,22,Corporate,2022-12-19,Coimbatore,Tamil Nadu,South
CUST03809,Zilmil Sibal,Female,48,Retail,2022-01-12,Mysuru,Karnataka,South
CUST03810,Nirja Jha,Female,53,Corporate,2025-02-21,Kolkata,West Bengal,East
CUST03811,Jyoti Toor,Female,36,Government,2022-09-07,Coimbatore,Tamil Nadu,South
CUST03812,Tejas Sastry,Female,55,Government,2025-09-01,Siliguri,West Bengal,East
CUST03813,Waida Balay,Female,62,Corporate,2025-03-13,Ludhiana,Punjab,North
CUST03814,Rehaan Panchal,Female,64,SME,2023-10-19,New Delhi,Delhi,North
CUST03815,Hritik Issac,Male,26,SME,2026-01-20,New Delhi,Delhi,North
CUST03816,Frederick Salvi,Female,36,Corporate,2026-01-02,Kolkata,West Bengal,East
CUST03817,Viraj Bhatnagar,Male,29,Government,2023-09-01,Madurai,Tamil Nadu,South
CUST03818,Gagan Dubey,Male,30,Retail,2022-06-20,Madurai,Tamil Nadu,South
CUST03819,Megha Krishna,Male,59,Retail,2022-01-20,Hyderabad,Telangana,South
CUST03820,Kabir Subramanian,Male,21,Education,2021-12-29,Nagpur,Maharashtra,West
CUST03821,Yuvraj Sarraf,Male,44,SME,2025-10-03,Bengaluru,Karnataka,South
CUST03822,Anmol Chopra,Male,63,Government,2023-01-19,Ludhiana,Punjab,North
CUST03823,Bhavini Rau,Male,52,Corporate,2022-06-21,Amritsar,Punjab,North
CUST03824,Yashawini Chandra,Male,60,Education,2025-10-17,Amritsar,Punjab,North
CUST03825,Bhavya Desai,Female,48,Education,2024-05-18,Hyderabad,Telangana,South
CUST03826,Harita Mand,Female,53,SME,2024-03-29,Surat,Gujarat,West
CUST03827,Aayush Dhawan,Female,27,Government,2025-09-28,Ludhiana,Punjab,North
CUST03828,Adweta Palla,Male,57,Retail,2025-04-13,Mysuru,Karnataka,South
CUST03829,Kiaan Luthra,Female,60,Government,2026-06-30,Siliguri,West Bengal,East
CUST03830,Panini Parmer,Male,43,Retail,2024-01-28,Kozhikode,Kerala,South
CUST03831,Pushti Ganesan,Female,25,Education,2024-09-12,Kolkata,West Bengal,East
CUST03832,Netra Lall,Female,61,Corporate,2023-06-12,Hyderabad,Telangana,South
CUST03833,Nikita Narain,Male,54,Government,2025-08-07,Thiruvananthapuram,Kerala,South
CUST03834,Kabir Dayal,Female,29,Corporate,2022-10-17,Hyderabad,Telangana,South
CUST03835,Zaitra Brar,Male,65,Education,2024-01-01,Karimnagar,Telangana,South
CUST03836,Falak Ganesan,Female,38,Government,2022-03-31,Hyderabad,Telangana,South
CUST03837,Xavier Peri,Female,33,Government,2022-10-04,Madurai,Tamil Nadu,South
CUST03838,Hredhaan Roy,Male,28,SME,2023-06-20,Kolkata,West Bengal,East
CUST03839,Oliver Ramanathan,Male,54,Government,2025-06-15,Vadodara,Gujarat,West
CUST03840,Gabriel Mukherjee,Female,35,Education,2026-05-24,Thiruvananthapuram,Kerala,South
CUST03841,Ishwar Dara,Female,65,Education,2023-11-05,Coimbatore,Tamil Nadu,South
CUST03842,Charles Kurian,Female,36,Corporate,2025-06-17,Kochi,Kerala,South
CUST03843,Hemal Raja,Female,34,SME,2025-01-23,Mangaluru,Karnataka,South
CUST03844,Hemal Parikh,Male,29,Education,2023-10-18,Bhopal,Madhya Pradesh,Central
CUST03845,Divya Varughese,Male,29,Government,2024-12-26,Bhopal,Madhya Pradesh,Central
CUST03846,Vedhika Palla,Male,28,Retail,2025-05-26,Warangal,Telangana,South
CUST03847,Gavin Buch,Female,51,Education,2025-10-21,Ahmedabad,Gujarat,West
CUST03848,Ekansh Hegde,Female,63,SME,2023-07-29,Chennai,Tamil Nadu,South
CUST03849,Bahadurjit Jayaraman,Male,26,Corporate,2024-12-27,Karimnagar,Telangana,South
CUST03850,Pranav Bail,Male,26,SME,2024-01-14,Mangaluru,Karnataka,South
CUST03851,Omaja Sami,Male,29,Retail,2024-02-10,New Delhi,Delhi,North
CUST03852,Lila Sengupta,Female,56,Education,2021-11-27,Mysuru,Karnataka,South
CUST03853,Aashi Tak,Female,61,Corporate,2023-04-28,Siliguri,West Bengal,East
CUST03854,Alexander Iyengar,Female,29,Corporate,2022-10-18,Vadodara,Gujarat,West
CUST03855,Michael Thaker,Male,20,Corporate,2025-11-24,Siliguri,West Bengal,East
CUST03856,Harrison Zachariah,Female,33,Education,2022-06-20,Mysuru,Karnataka,South
CUST03857,Darsh Swaminathan,Female,25,Education,2022-08-07,Madurai,Tamil Nadu,South
CUST03858,Zayyan Krishnan,Male,31,Government,2022-05-17,Coimbatore,Tamil Nadu,South
CUST03859,Darsh Tandon,Male,59,Government,2023-02-16,Chennai,Tamil Nadu,South
CUST03860,Ishita Zacharia,Female,60,Retail,2025-09-05,Karimnagar,Telangana,South
CUST03861,Yauvani Dara,Male,48,SME,2023-05-19,Coimbatore,Tamil Nadu,South
CUST03862,Chaaya Bal,Male,57,Corporate,2025-11-30,Kolkata,West Bengal,East
CUST03863,Wridesh Sarraf,Female,48,Retail,2024-07-02,Mangaluru,Karnataka,South
CUST03864,Ekiya Sidhu,Female,23,Government,2022-02-06,Kozhikode,Kerala,South
CUST03865,Oviya Shah,Female,21,Corporate,2021-09-06,Chennai,Tamil Nadu,South
CUST03866,Hredhaan Tella,Male,28,Retail,2022-01-19,Hyderabad,Telangana,South
CUST03867,Ranbir Gour,Female,60,Corporate,2024-02-27,Amritsar,Punjab,North
CUST03868,Vasudha Kurian,Male,25,Retail,2023-07-27,Bengaluru,Karnataka,South
CUST03869,Unnati Mitra,Male,26,Corporate,2024-05-25,New Delhi,Delhi,North
CUST03870,Elijah Prasad,Male,46,Corporate,2025-09-06,Bengaluru,Karnataka,South
CUST03871,Sarthak Mane,Female,33,Corporate,2022-05-30,Vadodara,Gujarat,West
CUST03872,Yashica Chada,Male,36,Government,2025-07-23,Indore,Madhya Pradesh,Central
CUST03873,Fitan Agate,Female,39,Corporate,2026-01-13,Thiruvananthapuram,Kerala,South
CUST03874,Qasim Chowdhury,Male,47,SME,2024-02-04,Kolkata,West Bengal,East
CUST03875,Tanmayi Gopal,Male,36,Corporate,2023-05-25,Kolkata,West Bengal,East
CUST03876,Ansh Goyal,Female,19,Government,2022-01-08,Chennai,Tamil Nadu,South
CUST03877,Triveni Iyengar,Female,18,Government,2021-08-28,New Delhi,Delhi,North
CUST03878,Bhavini Kapur,Male,56,SME,2023-02-02,Ahmedabad,Gujarat,West
CUST03879,Ishita Dhingra,Male,55,Corporate,2025-02-21,New Delhi,Delhi,North
CUST03880,Chanakya Murty,Female,22,Retail,2021-10-25,Surat,Gujarat,West
CUST03881,Amaira Kade,Female,26,Government,2022-05-14,Kozhikode,Kerala,South
CUST03882,Devansh Raval,Male,32,Education,2024-04-12,Ludhiana,Punjab,North
CUST03883,Gautami Dey,Female,30,Education,2021-12-18,Chennai,Tamil Nadu,South
CUST03884,Yasti Sachdev,Female,52,SME,2025-01-26,Vadodara,Gujarat,West
CUST03885,Wriddhish Kapur,Male,31,Retail,2022-11-15,New Delhi,Delhi,North
CUST03886,Ganga Magar,Male,19,Corporate,2022-12-29,Mumbai,Maharashtra,West
CUST03887,Shravya Krishnan,Female,25,SME,2024-09-06,Ludhiana,Punjab,North
CUST03888,Logan Goda,Female,32,Government,2022-03-03,Indore,Madhya Pradesh,Central
CUST03889,Aryan Borra,Male,28,Government,2024-09-24,Amritsar,Punjab,North
CUST03890,Pushti Dey,Female,64,Retail,2022-09-09,Indore,Madhya Pradesh,Central
CUST03891,Falguni Jayaraman,Male,44,Corporate,2023-12-21,New Delhi,Delhi,North
CUST03892,Anita Sachdeva,Female,51,Retail,2025-06-08,Hyderabad,Telangana,South
CUST03893,Ojas Chacko,Female,28,Retail,2022-05-07,Surat,Gujarat,West
CUST03894,Pranav Jayaraman,Female,20,Corporate,2025-03-31,Kozhikode,Kerala,South
CUST03895,Hemangini Gill,Male,57,SME,2026-06-24,Bengaluru,Karnataka,South
CUST03896,Laban Tiwari,Female,41,Education,2026-02-28,New Delhi,Delhi,North
CUST03897,Jatin Jha,Male,41,Education,2022-03-31,Nagpur,Maharashtra,West
CUST03898,Oviya Chander,Female,36,Education,2023-06-15,Bhopal,Madhya Pradesh,Central
CUST03899,Krishna Sarkar,Female,48,Retail,2024-08-02,Hyderabad,Telangana,South
CUST03900,Yug Nazareth,Female,45,Retail,2024-06-06,Warangal,Telangana,South
CUST03901,Shivansh Edwin,Male,25,Government,2024-06-14,Chennai,Tamil Nadu,South
CUST03902,Jagrati Ravi,Male,19,Education,2023-10-23,Chennai,Tamil Nadu,South
CUST03903,Shaurya Rana,Male,46,Education,2022-12-11,Kolkata,West Bengal,East
CUST03904,Jhalak Ratti,Female,28,Education,2022-05-13,Mumbai,Maharashtra,West
CUST03905,Azaan Rau,Male,51,Retail,2025-11-29,Kolkata,West Bengal,East
CUST03906,Wyatt Mammen,Male,27,Government,2025-09-03,Surat,Gujarat,West
CUST03907,Lucky Ghose,Male,39,Retail,2024-12-11,Mangaluru,Karnataka,South
CUST03908,Lipika Maharaj,Male,50,Retail,2023-08-04,Ludhiana,Punjab,North
CUST03909,Bhavini Vyas,Male,33,Retail,2025-12-07,New Delhi,Delhi,North
CUST03910,Isha Bava,Female,23,Retail,2023-05-05,Ludhiana,Punjab,North
CUST03911,Daksha Gandhi,Female,49,SME,2025-02-06,Pune,Maharashtra,West
CUST03912,Aarini Sehgal,Male,25,Corporate,2022-02-07,Thiruvananthapuram,Kerala,South
CUST03913,Zehaan Dash,Female,29,SME,2022-04-30,Bengaluru,Karnataka,South
CUST03914,Chaman Bala,Female,45,Education,2023-09-19,Siliguri,West Bengal,East
CUST03915,Omkaar Pall,Female,19,Corporate,2023-10-03,Bhopal,Madhya Pradesh,Central
CUST03916,Megha Sachdeva,Male,39,Corporate,2021-07-17,Madurai,Tamil Nadu,South
CUST03917,Jalsa Bera,Female,28,Education,2025-01-21,Kozhikode,Kerala,South
CUST03918,Hardik Chhabra,Female,45,Corporate,2022-04-30,Pune,Maharashtra,West
CUST03919,Bahadurjit Taneja,Male,51,Corporate,2022-02-12,Coimbatore,Tamil Nadu,South
CUST03920,Ishanvi Kara,Female,19,Retail,2026-02-18,Karimnagar,Telangana,South
CUST03921,Yasti Borde,Female,44,Education,2026-01-07,Mysuru,Karnataka,South
CUST03922,Niharika Raghavan,Female,58,Government,2022-02-06,Coimbatore,Tamil Nadu,South
CUST03923,Yug Prakash,Male,21,Education,2024-11-04,Bengaluru,Karnataka,South
CUST03924,Harrison Raghavan,Female,25,SME,2024-05-07,Bhopal,Madhya Pradesh,Central
CUST03925,Kabir Balay,Female,55,Corporate,2024-04-07,Bengaluru,Karnataka,South
CUST03926,Hemani Chhabra,Female,54,Retail,2024-04-27,Kolkata,West Bengal,East
CUST03927,Ayaan Butala,Male,38,Corporate,2025-12-11,Ahmedabad,Gujarat,West
CUST03928,Dominic Gaba,Male,55,SME,2023-08-16,Mysuru,Karnataka,South
CUST03929,Thomas Natt,Female,56,Government,2023-05-13,Bhopal,Madhya Pradesh,Central
CUST03930,Nisha Parsa,Male,30,Education,2024-06-12,Ludhiana,Punjab,North
CUST03931,Charan Sane,Male,44,Education,2026-01-15,Bhopal,Madhya Pradesh,Central
CUST03932,Jagvi Choudhary,Male,44,Education,2025-11-06,Bhopal,Madhya Pradesh,Central
CUST03933,Devansh Bora,Male,49,SME,2024-03-12,Chennai,Tamil Nadu,South
CUST03934,Radha Chaudhary,Female,54,SME,2024-02-10,Mysuru,Karnataka,South
CUST03935,Lila Shankar,Male,38,Education,2025-12-25,Kochi,Kerala,South
CUST03936,Nirja Srinivas,Female,55,Government,2024-07-25,Hyderabad,Telangana,South
CUST03937,Vrinda Shanker,Female,18,Retail,2022-01-24,Madurai,Tamil Nadu,South
CUST03938,Advay Dasgupta,Female,60,Corporate,2026-06-22,Mumbai,Maharashtra,West
CUST03939,Ikbal Subramanian,Female,21,Government,2023-06-22,Bengaluru,Karnataka,South
CUST03940,Kiaan Bajwa,Male,23,Education,2025-06-20,Ludhiana,Punjab,North
CUST03941,Amara Shankar,Male,58,SME,2024-02-03,Bengaluru,Karnataka,South
CUST03942,George Choudhury,Male,33,SME,2023-02-16,Madurai,Tamil Nadu,South
CUST03943,Ethan Manda,Male,25,Retail,2024-05-23,Bhopal,Madhya Pradesh,Central
CUST03944,Champak Prashad,Female,60,Government,2025-09-01,Ludhiana,Punjab,North
CUST03945,Jason Tiwari,Female,34,SME,2024-07-04,Bengaluru,Karnataka,South
CUST03946,Rehaan Borra,Male,25,Education,2024-03-22,Kolkata,West Bengal,East
CUST03947,Idika Wagle,Male,54,Education,2023-01-14,Vadodara,Gujarat,West
CUST03948,Faris Nigam,Female,18,Government,2024-06-08,Siliguri,West Bengal,East
CUST03949,Ekbal Pingle,Male,34,Government,2025-05-19,Hyderabad,Telangana,South
CUST03950,Yachana Bajwa,Female,38,Education,2023-03-31,Mysuru,Karnataka,South
CUST03951,Sanaya Puri,Male,42,Government,2023-09-10,Chennai,Tamil Nadu,South
CUST03952,Aishani Chaudhari,Female,23,Retail,2022-12-17,Coimbatore,Tamil Nadu,South
CUST03953,Kavya Rout,Female,61,Government,2025-03-26,Karimnagar,Telangana,South
CUST03954,Madhav Sengupta,Female,53,Government,2023-10-09,Mumbai,Maharashtra,West
CUST03955,Daniel Bhasin,Female,55,Education,2023-10-14,Warangal,Telangana,South
CUST03956,Devika Kurian,Male,55,SME,2023-02-05,Mysuru,Karnataka,South
CUST03957,Vivaan Deshpande,Male,34,Retail,2022-07-24,Kozhikode,Kerala,South
CUST03958,Chatresh Pau,Male,40,Education,2026-04-05,Bhopal,Madhya Pradesh,Central
CUST03959,Yatin Kaur,Male,29,Education,2023-04-13,Mysuru,Karnataka,South
CUST03960,Adya Jayaraman,Male,39,Education,2026-04-15,Nagpur,Maharashtra,West
CUST03961,Vasana Ratta,Female,55,Education,2021-08-31,Ahmedabad,Gujarat,West
CUST03962,Joshua Palla,Male,56,Education,2023-07-16,Warangal,Telangana,South
CUST03963,Barkha Sunder,Female,42,Government,2026-04-25,Nagpur,Maharashtra,West
CUST03964,Indrajit Vasa,Female,57,Education,2023-11-13,Kozhikode,Kerala,South
CUST03965,Ishani Mukhopadhyay,Female,50,SME,2025-08-07,Mysuru,Karnataka,South
CUST03966,Sudiksha Sami,Female,18,Corporate,2023-12-14,Hyderabad,Telangana,South
CUST03967,Maya Ramesh,Male,42,Corporate,2021-08-08,Siliguri,West Bengal,East
CUST03968,Ayaan Ratti,Male,58,Education,2024-08-28,Warangal,Telangana,South
CUST03969,Vansha Mukhopadhyay,Male,18,Government,2023-04-18,Nagpur,Maharashtra,West
CUST03970,Pooja Mahal,Female,52,Education,2021-08-24,Indore,Madhya Pradesh,Central
CUST03971,Kashvi Raju,Male,45,Corporate,2023-08-15,Kolkata,West Bengal,East
CUST03972,Lila Ganguly,Female,27,Government,2023-10-24,Pune,Maharashtra,West
CUST03973,Chavvi Apte,Female,19,Government,2022-02-09,Ludhiana,Punjab,North
CUST03974,Kiaan Vig,Female,22,Corporate,2023-01-01,Chennai,Tamil Nadu,South
CUST03975,Kashish Oza,Male,40,Government,2023-05-24,Madurai,Tamil Nadu,South
CUST03976,Baghyawati Sheth,Female,24,Corporate,2025-12-12,Hyderabad,Telangana,South
CUST03977,Ayush Purohit,Female,18,SME,2023-06-26,Thiruvananthapuram,Kerala,South
CUST03978,Yashica Rattan,Male,34,SME,2024-03-18,Hyderabad,Telangana,South
CUST03979,Vincent Mutti,Female,39,Retail,2025-03-21,Kolkata,West Bengal,East
CUST03980,Indali Khurana,Female,37,Education,2025-08-18,Warangal,Telangana,South
CUST03981,Ayush Narula,Male,57,Retail,2024-02-01,Warangal,Telangana,South
CUST03982,Yatan Batra,Male,30,SME,2023-04-16,New Delhi,Delhi,North
CUST03983,Utkarsh Pandit,Female,43,Retail,2023-01-11,Mumbai,Maharashtra,West
CUST03984,Dhriti Borah,Male,51,Corporate,2025-10-23,Amritsar,Punjab,North
CUST03985,Veda Sahni,Male,52,Government,2026-01-06,Nagpur,Maharashtra,West
CUST03986,Tamanna Ramaswamy,Female,53,Corporate,2022-03-25,Mysuru,Karnataka,South
CUST03987,Omkaar Baral,Male,46,SME,2025-12-24,Coimbatore,Tamil Nadu,South
CUST03988,Oeshi Mukherjee,Male,38,Government,2024-06-06,New Delhi,Delhi,North
CUST03989,Isha Majumdar,Female,34,Government,2024-12-06,Warangal,Telangana,South
CUST03990,Vasatika Gopal,Female,62,Government,2021-07-31,New Delhi,Delhi,North
CUST03991,Ethan Mall,Female,50,Education,2025-12-16,Siliguri,West Bengal,East
CUST03992,Kamya Venkataraman,Male,38,SME,2024-12-04,Bhopal,Madhya Pradesh,Central
CUST03993,Baljiwan Kale,Female,60,Retail,2024-03-29,Bhopal,Madhya Pradesh,Central
CUST03994,Harrison Sami,Male,64,Government,2023-09-12,Chennai,Tamil Nadu,South
CUST03995,Yadavi Krishnamurthy,Female,41,Corporate,2022-09-15,Hyderabad,Telangana,South
CUST03996,Turvi Madan,Female,25,Retail,2024-03-09,New Delhi,Delhi,North
CUST03997,Ranbir Ravi,Female,61,Retail,2026-05-06,Ludhiana,Punjab,North
CUST03998,Adya Savant,Female,31,Education,2022-03-19,Kozhikode,Kerala,South
CUST03999,Deepa Divan,Female,63,Corporate,2024-06-17,Ahmedabad,Gujarat,West
CUST04000,Ronith Bakshi,Female,38,SME,2025-08-28,Madurai,Tamil Nadu,South
CUST04001,Aadhya Shankar,Female,49,Retail,2023-06-21,Indore,Madhya Pradesh,Central
CUST04002,Qarin Balan,Female,26,SME,2026-04-15,Bengaluru,Karnataka,South
CUST04003,Gaurika Talwar,Male,21,SME,2024-08-20,Siliguri,West Bengal,East
CUST04004,Varenya Jha,Female,65,Government,2026-05-29,New Delhi,Delhi,North
CUST04005,Ridhi Srivastava,Female,49,Education,2024-02-29,Bhopal,Madhya Pradesh,Central
CUST04006,Avni Varghese,Female,34,Corporate,2022-05-31,Mysuru,Karnataka,South
CUST04007,Urvi Chauhan,Female,45,SME,2022-04-06,Mysuru,Karnataka,South
CUST04008,Sai Naidu,Female,52,Retail,2022-10-01,Amritsar,Punjab,North
CUST04009,Suhani Gupta,Female,38,Corporate,2021-10-23,Bhopal,Madhya Pradesh,Central
CUST04010,Nicholas Bhakta,Male,45,Corporate,2021-08-06,Kozhikode,Kerala,South
CUST04011,Yochana Kohli,Female,43,Education,2023-12-09,Thiruvananthapuram,Kerala,South
CUST04012,Samuel Sen,Male,44,SME,2022-08-23,Karimnagar,Telangana,South
CUST04013,Jatin Bose,Male,43,SME,2024-07-18,Mumbai,Maharashtra,West
CUST04014,Kala Badal,Male,21,Retail,2023-02-12,Bhopal,Madhya Pradesh,Central
CUST04015,Waida Ahuja,Male,25,Corporate,2025-05-28,New Delhi,Delhi,North
CUST04016,Sachi Raj,Male,46,Education,2023-06-09,Warangal,Telangana,South
CUST04017,Gaurangi Roy,Female,43,Corporate,2026-06-21,Amritsar,Punjab,North
CUST04018,Dev Sur,Male,42,Retail,2025-05-28,Vadodara,Gujarat,West
CUST04019,Ayush Patel,Male,35,Retail,2024-02-04,Chennai,Tamil Nadu,South
CUST04020,Alexander Bajaj,Female,52,Government,2023-07-18,Coimbatore,Tamil Nadu,South
CUST04021,Bhavya Mane,Male,52,Retail,2025-05-17,New Delhi,Delhi,North
CUST04022,Ati Arora,Female,48,Education,2025-05-21,Coimbatore,Tamil Nadu,South
CUST04023,Avi Dugal,Male,23,Corporate,2021-10-26,Kolkata,West Bengal,East
CUST04024,Yasti Kalla,Female,18,SME,2024-04-05,Bhopal,Madhya Pradesh,Central
CUST04025,Lopa Srinivas,Female,34,Corporate,2024-06-07,Ludhiana,Punjab,North
CUST04026,Ikshita Tandon,Male,64,Retail,2024-10-11,New Delhi,Delhi,North
CUST04027,Dev Bir,Male,51,SME,2024-11-07,Hyderabad,Telangana,South
CUST04028,Shivani Konda,Female,39,Corporate,2022-03-06,Kozhikode,Kerala,South
CUST04029,Karan Naik,Female,52,Retail,2025-05-07,New Delhi,Delhi,North
CUST04030,Pranit Pandya,Male,41,SME,2023-06-12,Amritsar,Punjab,North
CUST04031,Vyanjana Gera,Female,26,Retail,2026-04-24,Kolkata,West Bengal,East
CUST04032,Omya Behl,Female,34,SME,2024-05-08,Kolkata,West Bengal,East
CUST04033,Edhitha Kothari,Male,61,Education,2022-04-17,Mumbai,Maharashtra,West
CUST04034,Baghyawati Bhavsar,Female,36,Education,2021-08-08,Pune,Maharashtra,West
CUST04035,Patrick Prasad,Male,30,Retail,2022-12-26,Vadodara,Gujarat,West
CUST04036,Aahana Dara,Male,27,Education,2022-11-20,Chennai,Tamil Nadu,South
CUST04037,Yashoda Khanna,Female,61,Government,2022-05-29,Nagpur,Maharashtra,West
CUST04038,Qushi Shere,Female,43,Corporate,2022-04-27,Coimbatore,Tamil Nadu,South
CUST04039,Chasmum Bhardwaj,Female,59,Corporate,2021-09-26,Kozhikode,Kerala,South
CUST04040,Devika Saha,Male,30,Government,2024-10-06,Ludhiana,Punjab,North
CUST04041,Isaac Sehgal,Male,22,Education,2022-08-21,Siliguri,West Bengal,East
CUST04042,Umang Mistry,Male,59,Government,2023-07-06,Vadodara,Gujarat,West
CUST04043,Utkarsh Prasad,Female,33,Retail,2021-12-25,Bengaluru,Karnataka,South
CUST04044,Varenya Rana,Male,20,Education,2023-09-20,Pune,Maharashtra,West
CUST04045,Madhav Parmer,Female,64,Government,2021-07-13,Indore,Madhya Pradesh,Central
CUST04046,Chasmum Vala,Female,57,Corporate,2024-07-06,Kolkata,West Bengal,East
CUST04047,Devika Mistry,Female,18,Retail,2024-05-01,Ahmedabad,Gujarat,West
CUST04048,Yashica Sinha,Male,63,Education,2024-04-16,Madurai,Tamil Nadu,South
CUST04049,David Varty,Female,50,Retail,2025-10-14,Amritsar,Punjab,North
CUST04050,Vihaan Datta,Male,35,SME,2024-02-01,New Delhi,Delhi,North
CUST04051,Jacob Borra,Female,34,SME,2024-04-16,Nagpur,Maharashtra,West
CUST04052,Gautam Saxena,Male,52,SME,2023-06-21,New Delhi,Delhi,North
CUST04053,Gunbir Mistry,Male,46,Government,2021-11-18,Coimbatore,Tamil Nadu,South
CUST04054,Pranav Kurian,Female,33,Government,2023-09-13,Chennai,Tamil Nadu,South
CUST04055,Gaurav Dalal,Female,50,Government,2022-10-13,Chennai,Tamil Nadu,South
CUST04056,Devansh Sibal,Female,57,Government,2025-07-21,Nagpur,Maharashtra,West
CUST04057,Kavya Saini,Male,62,Government,2026-04-09,Bhopal,Madhya Pradesh,Central
CUST04058,Yashodhara Yogi,Female,48,Government,2022-04-17,Mysuru,Karnataka,South
CUST04059,Abeer Kumer,Male,35,Education,2022-08-02,Warangal,Telangana,South
CUST04060,Faris Behl,Female,32,Retail,2025-03-28,Warangal,Telangana,South
CUST04061,Zashil Swaminathan,Female,63,SME,2022-03-08,Madurai,Tamil Nadu,South
CUST04062,Ojasvi Chad,Male,31,Government,2025-04-11,Warangal,Telangana,South
CUST04063,Neha Kapoor,Female,28,Government,2021-10-25,Kozhikode,Kerala,South
CUST04064,Vaishnavi Lata,Male,27,Retail,2024-06-05,Kochi,Kerala,South
CUST04065,Yashoda Lalla,Male,43,Corporate,2021-07-21,Siliguri,West Bengal,East
CUST04066,Chandani Vasa,Male,51,Government,2026-05-27,Indore,Madhya Pradesh,Central
CUST04067,Leela Mand,Male,28,Corporate,2026-02-28,Mangaluru,Karnataka,South
CUST04068,Suhani Tara,Male,18,Corporate,2022-07-26,Chennai,Tamil Nadu,South
CUST04069,Qasim Natarajan,Male,19,Retail,2023-09-03,Kochi,Kerala,South
CUST04070,Aishani Shah,Female,45,Education,2025-09-29,Siliguri,West Bengal,East
CUST04071,Ria Singhal,Male,50,Government,2022-05-16,Chennai,Tamil Nadu,South
CUST04072,Rachit Magar,Female,25,Retail,2022-01-04,Siliguri,West Bengal,East
CUST04073,Ojas Nori,Female,30,SME,2023-01-26,Kolkata,West Bengal,East
CUST04074,Gauri Goda,Female,21,Corporate,2022-02-28,New Delhi,Delhi,North
CUST04075,Aashi Vaidya,Female,59,Corporate,2023-10-07,Siliguri,West Bengal,East
CUST04076,Chaitanya Nayak,Male,48,SME,2024-06-19,Madurai,Tamil Nadu,South
CUST04077,Ayaan Varty,Male,38,SME,2022-10-23,New Delhi,Delhi,North
CUST04078,Sara Pall,Male,20,Retail,2026-05-12,New Delhi,Delhi,North
CUST04079,Warjas Tata,Male,47,Education,2026-05-10,Kozhikode,Kerala,South
CUST04080,Girish Rau,Female,35,SME,2021-07-12,Hyderabad,Telangana,South
CUST04081,Gautami Saran,Female,22,SME,2023-03-02,Bhopal,Madhya Pradesh,Central
CUST04082,Isha Kaur,Male,45,Education,2022-02-10,Mangaluru,Karnataka,South
CUST04083,Benjamin Virk,Female,23,Retail,2025-10-29,New Delhi,Delhi,North
CUST04084,Triya Contractor,Female,41,SME,2024-05-29,Mangaluru,Karnataka,South
CUST04085,William Hayer,Male,63,Corporate,2025-10-08,Madurai,Tamil Nadu,South
CUST04086,Lavanya Mishra,Female,52,SME,2026-05-06,Mumbai,Maharashtra,West
CUST04087,Kashvi Walia,Female,57,Education,2024-08-20,Coimbatore,Tamil Nadu,South
CUST04088,Arunima Chandra,Male,41,Government,2025-10-28,Mangaluru,Karnataka,South
CUST04089,Vivaan Chhabra,Female,53,Corporate,2023-08-21,Thiruvananthapuram,Kerala,South
CUST04090,Tanveer Arya,Male,42,Government,2021-11-06,Nagpur,Maharashtra,West
CUST04091,Charita Tailor,Male,42,Government,2022-11-23,Bhopal,Madhya Pradesh,Central
CUST04092,Dayamai Morar,Male,52,Education,2025-05-14,Ludhiana,Punjab,North
CUST04093,Dayita Nadig,Female,51,Education,2021-08-27,Kolkata,West Bengal,East
CUST04094,Aarini Basak,Female,19,SME,2023-01-19,Indore,Madhya Pradesh,Central
CUST04095,Maya Shah,Male,41,Education,2023-06-22,Bhopal,Madhya Pradesh,Central
CUST04096,Hitesh Dutt,Female,42,Retail,2021-09-14,Madurai,Tamil Nadu,South
CUST04097,Chandani Ram,Male,19,Retail,2023-08-19,Indore,Madhya Pradesh,Central
CUST04098,Aarush Mandal,Female,47,Government,2022-06-06,Warangal,Telangana,South
CUST04099,Darpan Mukherjee,Female,18,SME,2023-07-31,Indore,Madhya Pradesh,Central
CUST04100,Manan Gole,Male,54,SME,2026-04-11,Madurai,Tamil Nadu,South
CUST04101,Jeet Narayan,Female,41,SME,2024-08-31,Hyderabad,Telangana,South
CUST04102,Waida Borde,Male,47,Education,2021-12-25,Siliguri,West Bengal,East
CUST04103,Lakshit Kulkarni,Male,60,Corporate,2025-05-26,Amritsar,Punjab,North
CUST04104,Gaurangi Subramanian,Female,56,Corporate,2025-09-25,Amritsar,Punjab,North
CUST04105,Vyanjana Edwin,Male,35,Retail,2024-04-01,Chennai,Tamil Nadu,South
CUST04106,Yug Agarwal,Male,45,SME,2024-04-01,Bhopal,Madhya Pradesh,Central
CUST04107,Vihaan Ramachandran,Male,56,Education,2023-06-21,Hyderabad,Telangana,South
CUST04108,Vasana Chopra,Male,46,Retail,2026-04-04,Vadodara,Gujarat,West
CUST04109,Tripti Buch,Female,35,Corporate,2022-12-19,Nagpur,Maharashtra,West
CUST04110,Tripti Dubey,Female,61,SME,2024-12-07,Madurai,Tamil Nadu,South
CUST04111,Jeremiah Sarraf,Male,38,Education,2022-02-15,Surat,Gujarat,West
CUST04112,Naveen Baral,Male,54,Corporate,2021-10-27,Kolkata,West Bengal,East
CUST04113,Ekantika Zachariah,Female,18,Government,2026-04-29,Warangal,Telangana,South
CUST04114,Zaitra Bhargava,Male,22,Education,2022-09-23,Mangaluru,Karnataka,South
CUST04115,Hemani Datta,Female,44,SME,2024-09-19,Kozhikode,Kerala,South
CUST04116,Yadavi Luthra,Male,31,Corporate,2026-02-17,Mysuru,Karnataka,South
CUST04117,Fariq Kala,Male,50,Corporate,2021-07-19,Pune,Maharashtra,West
CUST04118,Yashvi Raval,Female,18,Retail,2022-10-09,Siliguri,West Bengal,East
CUST04119,Tripti Balasubramanian,Male,28,SME,2023-02-18,Coimbatore,Tamil Nadu,South
CUST04120,Hemangini Swaminathan,Male,26,Education,2025-09-20,Ludhiana,Punjab,North
CUST04121,Vasatika Parmer,Female,18,Education,2025-04-29,Coimbatore,Tamil Nadu,South
CUST04122,Kala Sur,Female,53,Retail,2025-01-04,Chennai,Tamil Nadu,South
CUST04123,Noah Goel,Female,18,Government,2024-11-12,Chennai,Tamil Nadu,South
CUST04124,Damini Vohra,Male,60,Retail,2024-09-08,Warangal,Telangana,South
CUST04125,Azad Guha,Female,23,Retail,2024-05-20,Ahmedabad,Gujarat,West
CUST04126,Tanish Tailor,Female,21,Government,2025-06-21,Ahmedabad,Gujarat,West
CUST04127,Banjeet Mitra,Male,20,Education,2022-06-26,Hyderabad,Telangana,South
CUST04128,Tanmayi Sant,Female,61,Retail,2022-12-06,Coimbatore,Tamil Nadu,South
CUST04129,Samarth Sur,Female,62,Retail,2023-10-02,Mysuru,Karnataka,South
CUST04130,Gauri Mutti,Female,62,SME,2024-12-30,Siliguri,West Bengal,East
CUST04131,Nicholas Shroff,Male,54,Government,2025-11-19,Kozhikode,Kerala,South
CUST04132,Jasmit Kumer,Male,44,SME,2022-12-11,Amritsar,Punjab,North
CUST04133,Varenya Bora,Female,35,Education,2024-12-07,Karimnagar,Telangana,South
CUST04134,Ekavir Shere,Male,57,Government,2025-07-28,Coimbatore,Tamil Nadu,South
CUST04135,Imaran Sankaran,Male,37,Government,2021-07-29,Warangal,Telangana,South
CUST04136,Jagdish Bhatti,Male,20,SME,2022-03-17,Chennai,Tamil Nadu,South
CUST04137,Oeshi Naik,Male,40,Government,2025-06-01,Ahmedabad,Gujarat,West
CUST04138,Deepa Nagi,Male,61,Corporate,2025-09-11,Bhopal,Madhya Pradesh,Central
CUST04139,Yutika Ramachandran,Female,31,SME,2026-01-10,Coimbatore,Tamil Nadu,South
CUST04140,Rachana Sandhu,Male,39,Corporate,2023-12-28,Amritsar,Punjab,North
CUST04141,Harrison Chad,Female,35,Government,2023-05-01,New Delhi,Delhi,North
CUST04142,Hiral Ramaswamy,Female,46,Corporate,2024-02-04,New Delhi,Delhi,North
CUST04143,Qadim Shenoy,Female,37,Government,2024-04-09,Indore,Madhya Pradesh,Central
CUST04144,Teerth Nayak,Female,29,SME,2023-09-23,Kolkata,West Bengal,East
CUST04145,Teerth Ganesan,Female,43,Corporate,2026-01-10,Thiruvananthapuram,Kerala,South
CUST04146,Bhavika Vasa,Female,39,Retail,2025-10-26,Kolkata,West Bengal,East
CUST04147,Caleb Sant,Female,63,Retail,2022-06-10,Amritsar,Punjab,North
CUST04148,Bhavna Bose,Female,57,SME,2023-10-01,New Delhi,Delhi,North
CUST04149,Jeet Sawhney,Female,43,Corporate,2022-12-21,Ahmedabad,Gujarat,West
CUST04150,Vansha Ben,Male,64,Retail,2024-06-11,Kozhikode,Kerala,South
CUST04151,Caleb Venkatesh,Female,38,Retail,2021-09-10,Indore,Madhya Pradesh,Central
CUST04152,Ryan Varma,Female,64,Retail,2022-04-09,Mysuru,Karnataka,South
CUST04153,Nachiket Borah,Male,24,Retail,2026-06-26,Indore,Madhya Pradesh,Central
CUST04154,Wishi Merchant,Female,24,Government,2023-02-17,Coimbatore,Tamil Nadu,South
CUST04155,Wyatt Karpe,Female,36,Education,2024-08-22,Bengaluru,Karnataka,South
CUST04156,Mekhala Walia,Male,28,Retail,2023-11-06,New Delhi,Delhi,North
CUST04157,Upma Bhatnagar,Male,38,SME,2025-03-13,New Delhi,Delhi,North
CUST04158,Pallavi Batta,Male,18,Retail,2026-04-14,Madurai,Tamil Nadu,South
CUST04159,Sachi Raja,Female,38,Government,2026-02-01,Hyderabad,Telangana,South
CUST04160,Sai Devan,Male,28,Education,2023-07-21,Ahmedabad,Gujarat,West
CUST04161,Yauvani Shere,Female,25,SME,2023-10-15,Bengaluru,Karnataka,South
CUST04162,Gayathri Bassi,Male,40,Government,2023-03-25,Kozhikode,Kerala,South
CUST04163,Zansi Loyal,Female,20,Education,2024-01-13,Pune,Maharashtra,West
CUST04164,Reva Kashyap,Female,24,Education,2025-03-26,Mumbai,Maharashtra,West
CUST04165,Qadim Magar,Female,56,Government,2025-01-31,Kochi,Kerala,South
CUST04166,Vasatika Pal,Female,59,Retail,2021-07-04,Mysuru,Karnataka,South
CUST04167,Lohit Tella,Male,21,Retail,2021-07-05,Kozhikode,Kerala,South
CUST04168,Aarnav Nori,Male,37,Retail,2023-03-26,New Delhi,Delhi,North
CUST04169,Aryan Barman,Male,18,SME,2025-10-07,Kozhikode,Kerala,South
CUST04170,Dayamai Sood,Male,31,Education,2023-06-11,Ahmedabad,Gujarat,West
CUST04171,Robert Narula,Female,22,Retail,2025-08-05,Mangaluru,Karnataka,South
CUST04172,Victor Sagar,Male,32,SME,2025-11-04,Siliguri,West Bengal,East
CUST04173,Nisha Gandhi,Female,40,Corporate,2022-02-06,Indore,Madhya Pradesh,Central
CUST04174,Ridhi Khanna,Female,27,Retail,2024-02-19,Vadodara,Gujarat,West
CUST04175,Jalsa Parekh,Male,20,Retail,2024-12-24,Surat,Gujarat,West
CUST04176,Januja Iyer,Male,59,Retail,2021-10-29,New Delhi,Delhi,North
CUST04177,Nidhi Mandal,Male,22,Government,2024-10-18,New Delhi,Delhi,North
CUST04178,Gaurav Nagy,Female,34,Retail,2022-08-24,New Delhi,Delhi,North
CUST04179,Anya Goswami,Female,62,Corporate,2022-07-11,Thiruvananthapuram,Kerala,South
CUST04180,Manan Kapoor,Male,54,SME,2025-03-17,Kozhikode,Kerala,South
CUST04181,Samaksh Banik,Female,32,Retail,2025-01-05,Nagpur,Maharashtra,West
CUST04182,Chanchal Keer,Female,47,Education,2023-06-26,Mysuru,Karnataka,South
CUST04183,Upkaar Goyal,Female,18,Corporate,2025-08-03,Warangal,Telangana,South
CUST04184,Neelima Narula,Female,18,Retail,2026-06-26,Karimnagar,Telangana,South
CUST04185,Vyanjana Sehgal,Female,38,SME,2023-08-16,Ludhiana,Punjab,North
CUST04186,Idika Murthy,Male,36,Retail,2025-01-24,Warangal,Telangana,South
CUST04187,Indali Ben,Male,55,Retail,2023-06-02,Amritsar,Punjab,North
CUST04188,Zayan Uppal,Male,32,Corporate,2025-12-11,Karimnagar,Telangana,South
CUST04189,Tristan Bhardwaj,Male,22,Retail,2022-12-22,Pune,Maharashtra,West
CUST04190,Vivaan Dalal,Male,59,Education,2025-12-22,Mangaluru,Karnataka,South
CUST04191,Urvashi Bal,Male,18,Government,2021-11-17,Mysuru,Karnataka,South
CUST04192,Eiravati Kade,Female,33,Retail,2022-12-06,Siliguri,West Bengal,East
CUST04193,Upasna Nagi,Male,42,Education,2022-12-01,Hyderabad,Telangana,South
CUST04194,Rudra Saini,Male,57,Retail,2025-07-19,Ludhiana,Punjab,North
CUST04195,Oliver Badami,Female,47,SME,2022-08-26,Nagpur,Maharashtra,West
CUST04196,Forum Mall,Female,54,Corporate,2021-10-06,Bhopal,Madhya Pradesh,Central
CUST04197,Laban Rajagopalan,Female,37,Corporate,2023-06-08,Chennai,Tamil Nadu,South
CUST04198,Rudra Talwar,Male,33,Education,2023-05-17,New Delhi,Delhi,North
CUST04199,Jason Murty,Male,47,SME,2024-03-04,Hyderabad,Telangana,South
CUST04200,Tamanna Balasubramanian,Male,22,SME,2024-02-04,Vadodara,Gujarat,West
CUST04201,Sudiksha Nagarajan,Male,62,Government,2026-03-20,Amritsar,Punjab,North
CUST04202,Faris Chhabra,Female,25,Retail,2025-01-01,Hyderabad,Telangana,South
CUST04203,Yuvraj Swamy,Male,63,Government,2026-01-31,Ahmedabad,Gujarat,West
CUST04204,Elijah Seth,Male,45,Corporate,2024-11-16,Bengaluru,Karnataka,South
CUST04205,Yashasvi Korpal,Male,22,SME,2021-12-06,Madurai,Tamil Nadu,South
CUST04206,Girik Grewal,Female,64,Retail,2026-01-13,Kolkata,West Bengal,East
CUST04207,Janani Kohli,Male,45,Retail,2024-08-05,Vadodara,Gujarat,West
CUST04208,Jairaj Borde,Female,31,Government,2022-10-08,Madurai,Tamil Nadu,South
CUST04209,Vedika Gandhi,Male,64,Government,2023-11-03,Surat,Gujarat,West
CUST04210,Yatin Chaudhary,Female,62,Education,2023-07-22,Vadodara,Gujarat,West
CUST04211,Darika Bali,Male,42,Government,2024-06-10,Karimnagar,Telangana,South
CUST04212,Henry Narayanan,Male,39,Corporate,2022-03-20,Kolkata,West Bengal,East
CUST04213,Osha Kala,Male,53,Education,2022-02-18,Ludhiana,Punjab,North
CUST04214,Jagdish Handa,Female,29,Government,2025-11-17,Indore,Madhya Pradesh,Central
CUST04215,Azad Dalal,Female,21,Retail,2024-11-28,Pune,Maharashtra,West
CUST04216,Yatan Khatri,Male,64,Education,2025-12-01,Kolkata,West Bengal,East
CUST04217,Aashi Gade,Male,29,Government,2022-10-16,Hyderabad,Telangana,South
CUST04218,Ranbir Sawhney,Female,52,Corporate,2023-07-16,Kozhikode,Kerala,South
CUST04219,Manya Ganesan,Male,21,SME,2023-07-26,Kochi,Kerala,South
CUST04220,Ikshita Garde,Female,49,SME,2022-12-20,Coimbatore,Tamil Nadu,South
CUST04221,Omaja Iyer,Male,65,Government,2026-02-16,Kozhikode,Kerala,South
CUST04222,Jairaj Pal,Female,41,Government,2022-07-29,Chennai,Tamil Nadu,South
CUST04223,Wishi Yohannan,Male,61,Corporate,2024-10-03,Indore,Madhya Pradesh,Central
CUST04224,Lajita Dubey,Male,58,Corporate,2021-10-11,Bengaluru,Karnataka,South
CUST04225,Advik Rao,Male,32,Corporate,2023-05-21,Mysuru,Karnataka,South
CUST04226,Nikita Lall,Female,49,SME,2026-03-18,Karimnagar,Telangana,South
CUST04227,Christopher Chowdhury,Male,33,SME,2025-08-26,Karimnagar,Telangana,South
CUST04228,Bishakha Sami,Male,50,Retail,2026-01-18,Kochi,Kerala,South
CUST04229,Krishna Rama,Male,44,SME,2023-04-23,New Delhi,Delhi,North
CUST04230,Shivansh Rau,Male,61,Retail,2025-02-02,New Delhi,Delhi,North
CUST04231,Aashi Upadhyay,Male,46,Education,2023-04-03,Vadodara,Gujarat,West
CUST04232,Anthony Merchant,Female,55,Retail,2022-02-04,Amritsar,Punjab,North
CUST04233,Lucky Naidu,Male,22,Retail,2025-10-10,Indore,Madhya Pradesh,Central
CUST04234,Brinda Krishnan,Male,44,Retail,2022-11-14,Karimnagar,Telangana,South
CUST04235,Charita Toor,Female,56,Retail,2025-04-09,Amritsar,Punjab,North
CUST04236,Amol Kanda,Male,25,Retail,2023-01-08,Karimnagar,Telangana,South
CUST04237,Rajata Parmer,Female,22,Government,2022-07-23,Mumbai,Maharashtra,West
CUST04238,Frado Parikh,Male,27,Government,2023-08-02,New Delhi,Delhi,North
CUST04239,Turvi Memon,Male,44,Education,2024-07-26,Chennai,Tamil Nadu,South
CUST04240,Advay Andra,Male,41,Education,2023-03-21,Mangaluru,Karnataka,South
CUST04241,Wyatt Dewan,Female,43,Education,2025-04-28,Siliguri,West Bengal,East
CUST04242,Yashoda Agrawal,Male,62,Education,2024-04-17,Mysuru,Karnataka,South
CUST04243,Kashvi Bava,Female,41,SME,2023-07-22,Hyderabad,Telangana,South
CUST04244,Tara Bala,Female,34,SME,2022-09-10,Mysuru,Karnataka,South
CUST04245,Ekani Tailor,Female,43,Corporate,2024-11-27,Mysuru,Karnataka,South
CUST04246,Neel Sastry,Male,63,Corporate,2024-08-16,Nagpur,Maharashtra,West
CUST04247,Rachit Prasad,Female,18,SME,2023-06-19,Bhopal,Madhya Pradesh,Central
CUST04248,Vasudha Mohanty,Male,47,Corporate,2025-08-20,Bhopal,Madhya Pradesh,Central
CUST04249,Wriddhish Prakash,Female,26,Education,2023-03-19,Hyderabad,Telangana,South
CUST04250,Upadhriti Bahri,Female,27,SME,2025-08-31,Chennai,Tamil Nadu,South
CUST04251,Devika Kale,Male,65,SME,2021-11-11,Thiruvananthapuram,Kerala,South
CUST04252,Henry Patel,Female,61,Corporate,2024-02-17,Siliguri,West Bengal,East
CUST04253,Yatan Bhatti,Male,52,Education,2024-07-26,Madurai,Tamil Nadu,South
CUST04254,Zehaan Sen,Female,27,Corporate,2025-12-17,Indore,Madhya Pradesh,Central
CUST04255,Zaid Ganguly,Male,60,Government,2024-06-20,Nagpur,Maharashtra,West
CUST04256,Lopa Memon,Female,32,Corporate,2025-10-23,Bhopal,Madhya Pradesh,Central
CUST04257,Nakul Kulkarni,Male,26,SME,2026-03-19,Siliguri,West Bengal,East
CUST04258,Chaitaly Banerjee,Female,60,Retail,2022-01-26,Ludhiana,Punjab,North
CUST04259,Udant Magar,Male,32,Corporate,2023-04-29,Vadodara,Gujarat,West
CUST04260,Radhika Kunda,Male,62,Corporate,2025-01-13,Mumbai,Maharashtra,West
CUST04261,Tara D’Alia,Female,60,Government,2026-02-12,Chennai,Tamil Nadu,South
CUST04262,Noah Kurian,Male,41,SME,2023-10-23,Amritsar,Punjab,North
CUST04263,Vrinda Ganguly,Female,62,Government,2024-12-24,Surat,Gujarat,West
CUST04264,Zansi Chawla,Female,47,Education,2021-07-14,Pune,Maharashtra,West
CUST04265,Karan Dua,Female,30,SME,2023-05-06,Bhopal,Madhya Pradesh,Central
CUST04266,Netra Puri,Female,54,Education,2025-02-15,Thiruvananthapuram,Kerala,South
CUST04267,Imaran Tandon,Female,64,Government,2022-03-01,Pune,Maharashtra,West
CUST04268,Zilmil Sarkar,Male,45,Corporate,2023-03-04,Siliguri,West Bengal,East
CUST04269,Ekalinga Nayak,Male,29,SME,2021-09-23,Mumbai,Maharashtra,West
CUST04270,Onveer Shenoy,Male,52,Retail,2023-03-01,Pune,Maharashtra,West
CUST04271,Vaishnavi Mohanty,Female,50,Retail,2025-12-27,Bhopal,Madhya Pradesh,Central
CUST04272,Pooja Radhakrishnan,Female,56,Corporate,2024-01-30,Ahmedabad,Gujarat,West
CUST04273,Thomas Bhalla,Female,43,SME,2023-09-23,Surat,Gujarat,West
CUST04274,Jasmit Lad,Male,33,Retail,2022-12-07,Ludhiana,Punjab,North
CUST04275,Ayaan Nagy,Male,33,SME,2021-09-29,Amritsar,Punjab,North
CUST04276,Gabriel Mahajan,Female,29,Education,2026-06-25,Indore,Madhya Pradesh,Central
CUST04277,Kai Mani,Male,60,SME,2022-11-13,Coimbatore,Tamil Nadu,South
CUST04278,Vincent Verma,Male,28,Education,2023-12-22,Kolkata,West Bengal,East
CUST04279,Ekapad Date,Female,37,Corporate,2026-01-15,Coimbatore,Tamil Nadu,South
CUST04280,Isha Badami,Female,32,Education,2023-03-12,Mysuru,Karnataka,South
CUST04281,Nisha Sandal,Male,19,Government,2022-08-09,Kochi,Kerala,South
CUST04282,Varenya Sant,Female,28,Corporate,2021-07-13,Coimbatore,Tamil Nadu,South
CUST04283,Upadhriti Modi,Female,64,Government,2021-09-08,Chennai,Tamil Nadu,South
CUST04284,Widisha Basu,Female,38,Corporate,2022-03-01,Ludhiana,Punjab,North
CUST04285,Unni Ranganathan,Female,65,Corporate,2023-07-20,Thiruvananthapuram,Kerala,South
CUST04286,Hemang Bera,Female,35,Education,2025-02-04,New Delhi,Delhi,North
CUST04287,Ronith Prabhakar,Female,30,Corporate,2022-02-18,Bengaluru,Karnataka,South
CUST04288,Falan Tandon,Female,39,Corporate,2024-11-11,Mangaluru,Karnataka,South
CUST04289,Tanveer Purohit,Female,46,Corporate,2021-11-29,Thiruvananthapuram,Kerala,South
CUST04290,Wriddhish Banik,Female,61,SME,2021-08-25,Bhopal,Madhya Pradesh,Central
CUST04291,Veda Kata,Male,47,Retail,2026-05-03,New Delhi,Delhi,North
CUST04292,Sudiksha Mohanty,Male,59,Retail,2022-06-24,Coimbatore,Tamil Nadu,South
CUST04293,Yug Dass,Female,52,Retail,2024-09-08,Ahmedabad,Gujarat,West
CUST04294,Yagnesh Gill,Female,59,Government,2026-03-07,Mysuru,Karnataka,South
CUST04295,Quincy Kakar,Male,27,Education,2023-06-06,Bengaluru,Karnataka,South
CUST04296,Jagdish Chada,Male,22,SME,2024-03-13,Karimnagar,Telangana,South
CUST04297,Veda Oza,Female,60,Corporate,2022-03-19,Warangal,Telangana,South
CUST04298,Bahadurjit Deol,Male,56,SME,2022-07-15,Coimbatore,Tamil Nadu,South
CUST04299,Kala Tiwari,Male,31,Education,2024-07-08,Kozhikode,Kerala,South
CUST04300,David Sridhar,Female,28,Retail,2026-02-20,Kolkata,West Bengal,East
CUST04301,Harita Srinivas,Male,42,Government,2022-03-03,Kochi,Kerala,South
CUST04302,Charles Varughese,Male,51,Education,2023-04-01,Surat,Gujarat,West
CUST04303,Utkarsh Das,Male,56,Corporate,2025-10-11,Karimnagar,Telangana,South
CUST04304,Nakul Borra,Male,40,Corporate,2022-07-04,Bhopal,Madhya Pradesh,Central
CUST04305,Yashodhara Balan,Female,60,Corporate,2025-07-11,Vadodara,Gujarat,West
CUST04306,Rudra Sagar,Male,27,Education,2021-11-25,Kochi,Kerala,South
CUST04307,Panini Bumb,Male,51,Government,2025-09-24,Kozhikode,Kerala,South
CUST04308,Rajeshri Konda,Male,36,SME,2023-12-27,Indore,Madhya Pradesh,Central
CUST04309,Anjali Kannan,Female,32,Corporate,2024-02-25,Ludhiana,Punjab,North
CUST04310,Vamakshi Grewal,Female,23,Government,2024-04-21,Thiruvananthapuram,Kerala,South
CUST04311,Chakrika Nair,Female,43,Retail,2023-09-09,Ahmedabad,Gujarat,West
CUST04312,Lucky Upadhyay,Female,20,Government,2024-07-28,Mangaluru,Karnataka,South
CUST04313,Advay Chakrabarti,Female,25,Government,2024-01-12,Warangal,Telangana,South
CUST04314,Jonathan Suri,Female,20,Retail,2024-02-11,Hyderabad,Telangana,South
CUST04315,Zarna Mand,Male,27,Education,2024-09-15,Mysuru,Karnataka,South
CUST04316,Eesha Subramaniam,Male,53,Government,2022-10-01,Coimbatore,Tamil Nadu,South
CUST04317,Neha Gour,Male,49,Education,2021-09-21,Karimnagar,Telangana,South
CUST04318,Logan Sura,Female,43,Education,2023-05-18,Nagpur,Maharashtra,West
CUST04319,Chameli Raghavan,Female,34,Corporate,2022-11-22,Thiruvananthapuram,Kerala,South
CUST04320,Harinakshi Kant,Male,62,Corporate,2021-10-23,Hyderabad,Telangana,South
CUST04321,Krishna Nigam,Male,58,Retail,2023-07-03,Hyderabad,Telangana,South
CUST04322,Widisha Mane,Female,27,SME,2025-10-28,Bhopal,Madhya Pradesh,Central
CUST04323,Divya Sabharwal,Male,29,SME,2024-05-12,Kolkata,West Bengal,East
CUST04324,Akshay Mand,Female,29,Government,2022-07-25,New Delhi,Delhi,North
CUST04325,Vrishti Naidu,Female,59,Retail,2021-11-20,Ahmedabad,Gujarat,West
CUST04326,Hemani Vig,Female,33,Retail,2025-06-27,New Delhi,Delhi,North
CUST04327,Anjali Sane,Male,35,Education,2024-11-20,Madurai,Tamil Nadu,South
CUST04328,Jonathan Pandya,Male,33,Retail,2024-10-20,Amritsar,Punjab,North
CUST04329,Gayathri Balan,Male,53,SME,2023-12-31,Amritsar,Punjab,North
CUST04330,Akshay Jain,Female,27,Retail,2022-05-20,Madurai,Tamil Nadu,South
CUST04331,Ucchal Nagi,Female,29,Education,2022-07-21,Chennai,Tamil Nadu,South
CUST04332,Fariq Mukherjee,Female,60,Education,2023-03-11,Mangaluru,Karnataka,South
CUST04333,Hamsini Amble,Female,60,SME,2025-02-16,Kozhikode,Kerala,South
CUST04334,Neha Kar,Female,64,SME,2025-04-15,New Delhi,Delhi,North
CUST04335,Chameli Chada,Female,38,SME,2021-08-17,Ludhiana,Punjab,North
CUST04336,Mitali Dhaliwal,Male,58,Retail,2022-12-08,Indore,Madhya Pradesh,Central
CUST04337,Chakradhar Shetty,Female,64,SME,2025-07-31,Ahmedabad,Gujarat,West
CUST04338,Azad Ramakrishnan,Female,39,Education,2025-02-21,Chennai,Tamil Nadu,South
CUST04339,Osha Narang,Male,54,Education,2021-09-15,Mumbai,Maharashtra,West
CUST04340,Balendra Walla,Female,46,Government,2024-11-07,Indore,Madhya Pradesh,Central
CUST04341,Krishna Shanker,Male,21,Education,2025-12-04,Amritsar,Punjab,North
CUST04342,Ikshita Hayre,Male,34,Corporate,2025-09-17,Bengaluru,Karnataka,South
CUST04343,Krish Sood,Male,22,Government,2026-02-04,New Delhi,Delhi,North
CUST04344,Yashasvi Seth,Male,64,Retail,2024-08-18,Ludhiana,Punjab,North
CUST04345,Ishani Sami,Male,30,Government,2025-02-09,Warangal,Telangana,South
CUST04346,Omkaar Wali,Female,57,Education,2025-07-22,Kozhikode,Kerala,South
CUST04347,Krisha Krishna,Female,20,Government,2022-07-11,Amritsar,Punjab,North
CUST04348,Devansh Pall,Male,22,Corporate,2025-05-30,Siliguri,West Bengal,East
CUST04349,Pooja Mani,Female,32,Retail,2025-05-06,New Delhi,Delhi,North
CUST04350,Logan Chadha,Male,46,Education,2021-09-11,Indore,Madhya Pradesh,Central
CUST04351,Oni Swaminathan,Female,62,Government,2023-02-11,Mysuru,Karnataka,South
CUST04352,Bhavika Mangat,Female,40,Corporate,2022-06-18,Siliguri,West Bengal,East
CUST04353,Madhavi Prasad,Female,30,Retail,2026-04-08,Kozhikode,Kerala,South
CUST04354,Zashil Rajagopal,Female,39,SME,2022-11-09,Indore,Madhya Pradesh,Central
CUST04355,Vanya Warrior,Female,29,Corporate,2024-10-03,Kochi,Kerala,South
CUST04356,Ridhi Majumdar,Male,28,Retail,2025-01-23,Chennai,Tamil Nadu,South
CUST04357,Aarini Sundaram,Female,19,SME,2023-05-11,Indore,Madhya Pradesh,Central
CUST04358,Anjali Borde,Female,36,Government,2025-10-04,Amritsar,Punjab,North
CUST04359,Amaira Bhavsar,Female,18,Retail,2022-09-14,Amritsar,Punjab,North
CUST04360,Daksh Dyal,Female,53,Education,2024-07-21,Bengaluru,Karnataka,South
CUST04361,Zehaan Bala,Female,52,Education,2025-12-10,New Delhi,Delhi,North
CUST04362,Aarna Mallick,Female,54,Education,2023-05-31,Amritsar,Punjab,North
CUST04363,Yashvi Contractor,Female,23,Education,2022-09-23,Bhopal,Madhya Pradesh,Central
CUST04364,Dakshesh Ben,Female,45,Retail,2023-02-04,Thiruvananthapuram,Kerala,South
CUST04365,Madhav Korpal,Male,19,Education,2021-08-02,Pune,Maharashtra,West
CUST04366,Libni Mall,Female,62,Corporate,2025-10-26,Thiruvananthapuram,Kerala,South
CUST04367,Sneha Shankar,Male,55,Education,2022-12-12,Ludhiana,Punjab,North
CUST04368,Saumya Sant,Female,57,Corporate,2025-06-19,Nagpur,Maharashtra,West
CUST04369,Naveen Mani,Male,25,Government,2021-11-07,Amritsar,Punjab,North
CUST04370,Tristan Bhagat,Female,32,SME,2024-03-18,Ahmedabad,Gujarat,West
CUST04371,Lila Sur,Female,55,Education,2026-01-18,Kochi,Kerala,South
CUST04372,Siddharth Tailor,Female,40,Retail,2021-08-21,Bengaluru,Karnataka,South
CUST04373,Eta Borra,Male,47,Education,2023-12-31,Karimnagar,Telangana,South
CUST04374,Yagnesh Wali,Female,33,Retail,2021-10-04,Thiruvananthapuram,Kerala,South
CUST04375,Arjun Om,Female,51,Government,2025-05-30,Vadodara,Gujarat,West
CUST04376,Balhaar Doctor,Female,40,SME,2023-12-15,Siliguri,West Bengal,East
CUST04377,Anika Shroff,Male,37,SME,2021-08-06,New Delhi,Delhi,North
CUST04378,Ekbal Lal,Male,37,SME,2023-07-03,Pune,Maharashtra,West
CUST04379,Yash Mitter,Male,43,Government,2023-09-27,Coimbatore,Tamil Nadu,South
CUST04380,Udant Dhawan,Male,63,SME,2021-08-12,Indore,Madhya Pradesh,Central
CUST04381,Radha Sachdeva,Female,36,Corporate,2025-12-19,Nagpur,Maharashtra,West
CUST04382,Dalaja Kaur,Female,34,Retail,2024-10-01,Bhopal,Madhya Pradesh,Central
CUST04383,Avi Pai,Male,32,Retail,2021-11-08,Kolkata,West Bengal,East
CUST04384,Gaurangi Loke,Female,26,Government,2021-11-22,Bhopal,Madhya Pradesh,Central
CUST04385,Timothy Chaudhry,Female,24,Corporate,2024-02-19,Ludhiana,Punjab,North
CUST04386,Jeet Varghese,Male,54,Education,2026-04-30,Hyderabad,Telangana,South
CUST04387,Noah Bahl,Male,25,Education,2024-11-03,Hyderabad,Telangana,South
CUST04388,Amrita Krishnan,Female,37,Government,2026-01-20,Mysuru,Karnataka,South
CUST04389,Wishi Singhal,Female,58,Education,2023-07-10,Ahmedabad,Gujarat,West
CUST04390,Rachit Kala,Female,55,Corporate,2025-05-19,Surat,Gujarat,West
CUST04391,Wazir Kant,Male,18,Retail,2024-01-24,Hyderabad,Telangana,South
CUST04392,Ethan Dada,Female,37,Education,2024-08-10,Pune,Maharashtra,West
CUST04393,Abeer Natt,Male,54,Retail,2024-09-26,Chennai,Tamil Nadu,South
CUST04394,Panini Upadhyay,Female,24,Corporate,2022-11-09,Bengaluru,Karnataka,South
CUST04395,Guneet Kumar,Female,39,Education,2021-12-31,Chennai,Tamil Nadu,South
CUST04396,Abhimanyu Sem,Female,30,SME,2022-07-28,Vadodara,Gujarat,West
CUST04397,Frado Pall,Female,18,Government,2024-05-11,Bhopal,Madhya Pradesh,Central
CUST04398,Sachi Aurora,Male,22,SME,2024-02-16,New Delhi,Delhi,North
CUST04399,Leela Sehgal,Female,30,SME,2023-06-24,Vadodara,Gujarat,West
CUST04400,William Chander,Female,32,Retail,2024-03-29,Surat,Gujarat,West
CUST04401,Dakshesh Balan,Female,21,Corporate,2023-09-13,Chennai,Tamil Nadu,South
CUST04402,Chakrika Contractor,Male,44,Corporate,2026-06-13,Mumbai,Maharashtra,West
CUST04403,Libni Kala,Male,30,SME,2023-01-12,Hyderabad,Telangana,South
CUST04404,Zayyan Gala,Male,34,Education,2025-07-07,Amritsar,Punjab,North
CUST04405,Sachi Parekh,Male,19,SME,2024-05-01,Kozhikode,Kerala,South
CUST04406,Thomas Aurora,Female,63,Government,2026-05-06,Kozhikode,Kerala,South
CUST04407,Devansh Palla,Male,20,Government,2025-05-25,New Delhi,Delhi,North
CUST04408,Zilmil Bala,Male,54,SME,2022-05-23,Vadodara,Gujarat,West
CUST04409,Yashodhara Parikh,Male,59,Retail,2025-05-27,New Delhi,Delhi,North
CUST04410,Zaitra Golla,Female,22,Education,2026-05-25,Amritsar,Punjab,North
CUST04411,Noah Atwal,Male,37,Corporate,2025-03-15,Mumbai,Maharashtra,West
CUST04412,Lakshit Mall,Male,32,Government,2023-03-16,Ahmedabad,Gujarat,West
CUST04413,Irya Magar,Male,28,Government,2023-04-15,Ahmedabad,Gujarat,West
CUST04414,Amruta Anand,Female,43,SME,2024-08-29,Bhopal,Madhya Pradesh,Central
CUST04415,Anirudh Mutti,Female,64,Corporate,2021-08-02,Warangal,Telangana,South
CUST04416,Nachiket Bhandari,Male,51,Corporate,2024-05-14,Kochi,Kerala,South
CUST04417,Wazir Chaudhari,Male,26,Retail,2021-10-14,Indore,Madhya Pradesh,Central
CUST04418,Hiral Deol,Female,54,Retail,2023-12-17,Warangal,Telangana,South
CUST04419,Brijesh Pau,Male,32,Retail,2022-02-18,Kochi,Kerala,South
CUST04420,Mohini Jani,Female,44,Education,2025-03-10,Kochi,Kerala,South
CUST04421,Aachal Kadakia,Male,60,Education,2023-05-19,Ludhiana,Punjab,North
CUST04422,Teerth Mistry,Male,46,Education,2023-09-05,Amritsar,Punjab,North
CUST04423,Mahika Bhakta,Female,38,Corporate,2022-01-09,Warangal,Telangana,South
CUST04424,Theodore Master,Female,59,SME,2021-12-13,Bengaluru,Karnataka,South
CUST04425,Ganga Dara,Male,29,Corporate,2025-08-02,Kochi,Kerala,South
CUST04426,Udant Dash,Female,28,Corporate,2024-06-04,Bhopal,Madhya Pradesh,Central
CUST04427,Peter Mallick,Female,63,Corporate,2021-10-06,Bengaluru,Karnataka,South
CUST04428,Abeer Kale,Female,47,Retail,2025-02-28,Bengaluru,Karnataka,South
CUST04429,Advika Singhal,Male,47,Corporate,2025-05-11,Indore,Madhya Pradesh,Central
CUST04430,William Hayre,Male,36,Retail,2024-06-03,Karimnagar,Telangana,South
CUST04431,Azad Sabharwal,Female,64,Education,2024-09-21,Ahmedabad,Gujarat,West
CUST04432,Ishanvi Dar,Female,64,Retail,2026-01-25,Nagpur,Maharashtra,West
CUST04433,Vanya Jaggi,Female,34,Education,2024-08-27,Amritsar,Punjab,North
CUST04434,Nicholas Rege,Male,34,Retail,2021-07-07,Madurai,Tamil Nadu,South
CUST04435,Krisha Handa,Male,52,Education,2023-01-02,New Delhi,Delhi,North
CUST04436,Gaurang Mitter,Female,58,Corporate,2025-02-09,Karimnagar,Telangana,South
CUST04437,Xiti Bobal,Male,29,Corporate,2026-03-08,Vadodara,Gujarat,West
CUST04438,Ekaja Bhakta,Male,55,SME,2024-08-29,Vadodara,Gujarat,West
CUST04439,Kai Narayanan,Female,63,SME,2025-01-09,New Delhi,Delhi,North
CUST04440,Anusha Dara,Male,49,Corporate,2026-05-17,Kolkata,West Bengal,East
CUST04441,Jasmit Sachdev,Male,29,Retail,2023-10-10,Thiruvananthapuram,Kerala,South
CUST04442,Keya Murty,Male,21,Retail,2023-04-03,Hyderabad,Telangana,South
CUST04443,Aayush Chakrabarti,Male,33,SME,2025-11-04,Siliguri,West Bengal,East
CUST04444,Yashoda Patel,Male,60,Retail,2021-12-16,Siliguri,West Bengal,East
CUST04445,Dipta Subramanian,Female,36,Retail,2026-03-22,Ludhiana,Punjab,North
CUST04446,Darika Patil,Male,40,Retail,2026-02-19,Kozhikode,Kerala,South
CUST04447,Ekani Bora,Female,29,Government,2023-10-17,Bhopal,Madhya Pradesh,Central
CUST04448,Keya Sibal,Male,49,Retail,2026-04-13,Vadodara,Gujarat,West
CUST04449,Rushil Hans,Male,49,Education,2022-05-14,Hyderabad,Telangana,South
CUST04450,Hitesh Rattan,Male,53,Education,2026-04-11,Mumbai,Maharashtra,West
CUST04451,Tamanna Pall,Male,41,SME,2023-08-05,Hyderabad,Telangana,South
CUST04452,Gautami Sangha,Male,42,Corporate,2023-06-10,Hyderabad,Telangana,South
CUST04453,Hardik Krishnan,Female,55,Education,2022-07-14,New Delhi,Delhi,North
CUST04454,Zinal Bail,Male,62,Government,2023-11-21,Kochi,Kerala,South
CUST04455,Yuvraj Mangat,Female,36,SME,2026-06-22,Kochi,Kerala,South
CUST04456,Hemani Manne,Female,50,Government,2026-02-10,Ludhiana,Punjab,North
CUST04457,Jasmit Sridhar,Male,35,Education,2022-09-28,Amritsar,Punjab,North
CUST04458,Gavin Char,Male,41,Government,2025-03-26,Bengaluru,Karnataka,South
CUST04459,Jason Rana,Male,57,SME,2025-09-07,New Delhi,Delhi,North
CUST04460,Wakeeta Mangat,Female,49,SME,2024-02-06,Kozhikode,Kerala,South
CUST04461,Raghav Madan,Female,45,Corporate,2025-08-17,Indore,Madhya Pradesh,Central
CUST04462,Yug Rao,Female,44,Corporate,2023-08-29,Karimnagar,Telangana,South
CUST04463,Charles Lata,Female,49,Education,2024-02-08,Mumbai,Maharashtra,West
CUST04464,Amruta Sehgal,Male,40,Government,2021-10-31,Ahmedabad,Gujarat,West
CUST04465,Daksh Sood,Female,23,Education,2024-09-29,Hyderabad,Telangana,South
CUST04466,Bhavini Dalal,Male,27,Government,2025-10-08,Vadodara,Gujarat,West
CUST04467,Bahadurjit Kuruvilla,Female,54,Corporate,2023-04-13,Hyderabad,Telangana,South
CUST04468,Qarin Swamy,Female,25,Retail,2025-04-19,Karimnagar,Telangana,South
CUST04469,Aradhana Oak,Male,20,Corporate,2022-02-04,Surat,Gujarat,West
CUST04470,Aarush Dara,Female,60,Government,2024-05-20,Bhopal,Madhya Pradesh,Central
CUST04471,Omaja Prasad,Female,33,Education,2023-10-21,New Delhi,Delhi,North
CUST04472,Zarna Tank,Female,29,Government,2021-07-09,Karimnagar,Telangana,South
CUST04473,Jack Chowdhury,Male,20,Education,2025-03-14,Nagpur,Maharashtra,West
CUST04474,Orinder Grover,Female,60,SME,2024-06-10,New Delhi,Delhi,North
CUST04475,Kamala Sengupta,Female,24,Corporate,2022-02-06,Indore,Madhya Pradesh,Central
CUST04476,Jackson Pall,Male,32,Government,2021-11-10,Kozhikode,Kerala,South
CUST04477,Fitan Lata,Female,54,Government,2022-05-27,Bengaluru,Karnataka,South
CUST04478,Nitara Ravel,Male,22,Retail,2023-03-21,Kozhikode,Kerala,South
CUST04479,Balveer Bal,Male,29,Retail,2021-08-03,Hyderabad,Telangana,South
CUST04480,Pallavi Sundaram,Female,50,Retail,2023-02-07,Vadodara,Gujarat,West
CUST04481,Theodore Naik,Male,45,Government,2021-09-28,Vadodara,Gujarat,West
CUST04482,Sai Tata,Female,37,Retail,2022-11-24,New Delhi,Delhi,North
CUST04483,Lakshit Bhasin,Male,51,SME,2023-03-24,Madurai,Tamil Nadu,South
CUST04484,Lekha Konda,Male,42,SME,2026-01-06,Nagpur,Maharashtra,West
CUST04485,Wridesh Bala,Male,20,Education,2024-12-12,Mumbai,Maharashtra,West
CUST04486,Shaurya Mall,Female,46,Government,2022-02-12,Karimnagar,Telangana,South
CUST04487,Chakrika Kant,Female,51,SME,2021-10-26,Ludhiana,Punjab,North
CUST04488,Liam Chaudhari,Female,43,SME,2024-05-15,New Delhi,Delhi,North
CUST04489,Tanish Deo,Female,64,Corporate,2022-01-12,Madurai,Tamil Nadu,South
CUST04490,Anvi Dhawan,Male,25,Government,2026-04-24,Thiruvananthapuram,Kerala,South
CUST04491,Ekta Palla,Female,27,Corporate,2022-03-21,Karimnagar,Telangana,South
CUST04492,Gaurangi Saha,Male,19,SME,2025-12-27,Chennai,Tamil Nadu,South
CUST04493,Zansi Pau,Female,28,Government,2023-09-24,Chennai,Tamil Nadu,South
CUST04494,Joshua Doctor,Male,25,SME,2022-05-16,Nagpur,Maharashtra,West
CUST04495,Balhaar Wali,Male,48,Government,2022-03-21,Ludhiana,Punjab,North
CUST04496,Farhan Babu,Female,55,Government,2022-04-05,Ludhiana,Punjab,North
CUST04497,Ethan Mody,Male,59,Corporate,2023-10-25,Bhopal,Madhya Pradesh,Central
CUST04498,Rishi Johal,Male,65,Government,2023-01-31,Kolkata,West Bengal,East
CUST04499,Xiti Deep,Male,45,Education,2024-03-24,Bengaluru,Karnataka,South
CUST04500,Tanish Sankaran,Male,63,Retail,2023-12-21,New Delhi,Delhi,North
CUST04501,Nachiket Bajaj,Female,30,Corporate,2023-12-02,Bengaluru,Karnataka,South
CUST04502,Vansha Ganesan,Male,52,Education,2025-05-31,Siliguri,West Bengal,East
CUST04503,Chakradev Balay,Male,38,Retail,2024-07-07,Kochi,Kerala,South
CUST04504,Yashodhara Tella,Female,33,Government,2023-01-23,Ahmedabad,Gujarat,West
CUST04505,Dakshesh Balasubramanian,Male,40,Government,2022-07-14,Kozhikode,Kerala,South
CUST04506,Hitesh Kothari,Male,60,Government,2026-03-29,Warangal,Telangana,South
CUST04507,Advay Varkey,Male,46,Education,2021-12-20,Indore,Madhya Pradesh,Central
CUST04508,Qasim Soman,Male,47,Education,2025-05-20,Siliguri,West Bengal,East
CUST04509,Deepa Gandhi,Male,53,Corporate,2022-12-20,Kochi,Kerala,South
CUST04510,Ekavir Dhawan,Male,31,Education,2024-08-20,Siliguri,West Bengal,East
CUST04511,Ishani Chaudhary,Female,58,Retail,2022-06-06,New Delhi,Delhi,North
CUST04512,Brinda Sarraf,Male,43,Education,2022-07-11,Siliguri,West Bengal,East
CUST04513,Jonathan Dasgupta,Female,53,SME,2025-03-22,Chennai,Tamil Nadu,South
CUST04514,Libni Sekhon,Male,30,Corporate,2024-04-16,Chennai,Tamil Nadu,South
CUST04515,Chandran Sinha,Male,32,Government,2025-12-16,Kolkata,West Bengal,East
CUST04516,Gabriel Guha,Male,40,Corporate,2025-02-09,Hyderabad,Telangana,South
CUST04517,Kashish Dey,Female,38,Retail,2023-01-03,Ludhiana,Punjab,North
CUST04518,Eshana Kaul,Female,42,Retail,2021-09-20,New Delhi,Delhi,North
CUST04519,Zansi Nair,Female,55,Corporate,2025-08-14,Mysuru,Karnataka,South
CUST04520,Kashvi Sankar,Male,59,SME,2025-03-30,Mangaluru,Karnataka,South
CUST04521,Unnati Kashyap,Male,47,Government,2023-04-27,Kochi,Kerala,South
CUST04522,Harrison Dhar,Male,47,Government,2025-04-26,Amritsar,Punjab,North
CUST04523,Ucchal Acharya,Female,55,Government,2021-07-18,Coimbatore,Tamil Nadu,South
CUST04524,Sai Majumdar,Female,40,Education,2021-10-24,Kozhikode,Kerala,South
CUST04525,Varsha Raja,Male,63,Corporate,2024-01-28,Karimnagar,Telangana,South
CUST04526,Dayamai Palla,Female,62,Education,2023-05-06,New Delhi,Delhi,North
CUST04527,Teerth Hayer,Male,57,SME,2025-03-27,Siliguri,West Bengal,East
CUST04528,Vrinda Chandran,Male,38,Education,2023-05-18,Indore,Madhya Pradesh,Central
CUST04529,Mugdha Nayak,Male,39,SME,2024-08-16,Thiruvananthapuram,Kerala,South
CUST04530,Kai Bal,Female,60,Education,2023-11-08,Kozhikode,Kerala,South
CUST04531,Kalpit Chaudry,Female,26,Government,2025-01-08,Mysuru,Karnataka,South
CUST04532,Nitara Lad,Female,35,Education,2022-03-31,Indore,Madhya Pradesh,Central
CUST04533,Nidra Seshadri,Female,45,Government,2024-05-28,Karimnagar,Telangana,South
CUST04534,Triya Sengupta,Female,54,Government,2023-02-26,Mumbai,Maharashtra,West
CUST04535,Eiravati Ahluwalia,Male,53,Retail,2022-08-07,New Delhi,Delhi,North
CUST04536,Tarak Natarajan,Female,61,Education,2024-09-24,Siliguri,West Bengal,East
CUST04537,Vedant Wason,Female,61,Government,2026-06-09,Nagpur,Maharashtra,West
CUST04538,Dayita Bhattacharyya,Female,35,Retail,2024-09-01,Bhopal,Madhya Pradesh,Central
CUST04539,Priya Kale,Female,25,Education,2025-03-19,Kolkata,West Bengal,East
CUST04540,Ekaraj Karan,Female,47,Government,2021-07-02,Ludhiana,Punjab,North
CUST04541,Baljiwan Ben,Female,64,Government,2023-03-31,Ahmedabad,Gujarat,West
CUST04542,Isha Om,Female,36,Government,2025-04-05,Kolkata,West Bengal,East
CUST04543,Vincent Sunder,Female,36,SME,2026-04-12,Kolkata,West Bengal,East
CUST04544,Harita Kohli,Male,60,Government,2026-06-21,Mangaluru,Karnataka,South
CUST04545,Divya Barad,Female,28,Retail,2026-02-16,New Delhi,Delhi,North
CUST04546,Kai Dixit,Female,26,Education,2023-05-30,Bengaluru,Karnataka,South
CUST04547,Umang Mutti,Female,36,Government,2022-11-07,Mysuru,Karnataka,South
CUST04548,Gavin Loke,Male,52,Corporate,2022-08-30,Indore,Madhya Pradesh,Central
CUST04549,Jacob Raja,Female,40,Government,2025-03-17,Nagpur,Maharashtra,West
CUST04550,Vasana Jain,Male,53,Government,2023-05-24,Chennai,Tamil Nadu,South
CUST04551,Zehaan Koshy,Male,39,Education,2023-10-12,Indore,Madhya Pradesh,Central
CUST04552,Daksha Prasad,Male,57,Government,2026-03-19,Nagpur,Maharashtra,West
CUST04553,Kevin Grewal,Male,53,SME,2025-07-14,Amritsar,Punjab,North
CUST04554,Sneha Goel,Male,27,Education,2023-02-18,New Delhi,Delhi,North
CUST04555,Balveer Lall,Male,18,Corporate,2024-02-29,Ahmedabad,Gujarat,West
CUST04556,Laksh Gour,Female,64,Education,2023-06-08,Mangaluru,Karnataka,South
CUST04557,Chavvi Batra,Female,59,Corporate,2022-02-19,New Delhi,Delhi,North
CUST04558,Vrishti Wagle,Female,36,Retail,2023-07-19,Mysuru,Karnataka,South
CUST04559,Balendra Deshmukh,Male,46,Government,2024-06-26,Siliguri,West Bengal,East
CUST04560,Qabil Bhasin,Female,54,Retail,2023-08-09,Pune,Maharashtra,West
CUST04561,Daksha Bala,Male,59,Retail,2021-07-08,Siliguri,West Bengal,East
CUST04562,Tripti Yogi,Male,44,Retail,2024-07-04,Siliguri,West Bengal,East
CUST04563,Chanchal Doshi,Male,45,SME,2022-10-14,Bengaluru,Karnataka,South
CUST04564,Mitali Merchant,Male,35,SME,2025-11-25,Chennai,Tamil Nadu,South
CUST04565,Hritik Dua,Male,56,Government,2022-03-16,Pune,Maharashtra,West
CUST04566,Nandini Gaba,Female,35,SME,2023-10-31,Mysuru,Karnataka,South
CUST04567,Kiaan Bal,Female,28,SME,2023-09-13,New Delhi,Delhi,North
CUST04568,Gavin Rastogi,Male,26,Retail,2023-05-25,Mysuru,Karnataka,South
CUST04569,Rachit Sathe,Female,48,Corporate,2025-02-26,Surat,Gujarat,West
CUST04570,Aahana Murty,Male,29,Corporate,2025-10-20,Surat,Gujarat,West
CUST04571,Unnati Arya,Male,39,Corporate,2026-05-20,Madurai,Tamil Nadu,South
CUST04572,Shivansh Pillai,Female,46,Retail,2021-11-05,Kozhikode,Kerala,South
CUST04573,Caleb Bumb,Female,48,Education,2023-06-12,Pune,Maharashtra,West
CUST04574,Noah Kannan,Female,61,SME,2024-10-30,Nagpur,Maharashtra,West
CUST04575,Krish Manda,Male,56,Education,2022-10-21,Vadodara,Gujarat,West
CUST04576,Kalpit Sanghvi,Male,32,Government,2024-06-05,Ahmedabad,Gujarat,West
CUST04577,Om Ganesh,Male,49,Retail,2024-02-09,Thiruvananthapuram,Kerala,South
CUST04578,Hiral Dhar,Female,64,SME,2023-06-10,Warangal,Telangana,South
CUST04579,Victor Sastry,Male,62,Government,2023-01-09,Kochi,Kerala,South
CUST04580,George Aurora,Male,43,Corporate,2021-12-30,Bengaluru,Karnataka,South
CUST04581,Vasana Lad,Male,63,Education,2026-02-08,Hyderabad,Telangana,South
CUST04582,Edhitha Mani,Male,58,Education,2024-09-10,Kozhikode,Kerala,South
CUST04583,Fariq Krish,Female,35,Government,2025-08-10,Ludhiana,Punjab,North
CUST04584,Tanvi Shetty,Female,53,SME,2025-04-11,Kolkata,West Bengal,East
CUST04585,Patrick Bajaj,Female,28,Corporate,2022-07-23,Vadodara,Gujarat,West
CUST04586,Chakrika Mallick,Male,61,SME,2025-11-24,Bhopal,Madhya Pradesh,Central
CUST04587,Veda Ram,Female,24,Education,2024-08-30,Karimnagar,Telangana,South
CUST04588,Parth Ganesan,Female,49,SME,2022-01-31,Madurai,Tamil Nadu,South
CUST04589,Nilima Chhabra,Female,22,Retail,2023-03-28,Indore,Madhya Pradesh,Central
CUST04590,Aarini Agarwal,Male,41,SME,2025-07-19,Ahmedabad,Gujarat,West
CUST04591,Orinder Dugar,Female,46,Education,2022-06-28,Indore,Madhya Pradesh,Central
CUST04592,Amrita Garg,Female,32,SME,2023-09-07,Pune,Maharashtra,West
CUST04593,Ekapad Memon,Male,37,Education,2022-02-18,Thiruvananthapuram,Kerala,South
CUST04594,Nisha Gola,Male,47,Retail,2023-10-13,Siliguri,West Bengal,East
CUST04595,Yashoda Brar,Female,62,Government,2022-04-23,Vadodara,Gujarat,West
CUST04596,Veer Morar,Female,36,Government,2026-02-20,Ludhiana,Punjab,North
CUST04597,Ekapad Manda,Female,32,Education,2024-04-05,Kochi,Kerala,South
CUST04598,Chandani Konda,Male,30,Retail,2023-02-18,Kolkata,West Bengal,East
CUST04599,Abha Bora,Female,23,Retail,2025-10-19,Kolkata,West Bengal,East
CUST04600,Isaiah Seshadri,Male,45,Retail,2024-07-21,Kochi,Kerala,South
CUST04601,Chandani Rajagopalan,Male,53,Retail,2022-08-26,Siliguri,West Bengal,East
CUST04602,Vedhika Chakraborty,Female,52,Education,2025-12-22,Ahmedabad,Gujarat,West
CUST04603,Yashica Mannan,Female,53,Education,2023-11-01,Kochi,Kerala,South
CUST04604,Gabriel Mand,Male,38,Corporate,2021-11-25,Warangal,Telangana,South
CUST04605,Vaishnavi Dhar,Female,44,SME,2023-12-29,Coimbatore,Tamil Nadu,South
CUST04606,Christopher Dey,Male,48,Government,2021-09-19,Thiruvananthapuram,Kerala,South
CUST04607,Samesh Ramakrishnan,Male,40,Education,2024-04-29,Bengaluru,Karnataka,South
CUST04608,Yahvi Pillay,Female,35,Education,2021-11-01,Ludhiana,Punjab,North
CUST04609,Arjun Handa,Female,46,Education,2022-11-30,Ludhiana,Punjab,North
CUST04610,Aadi Sinha,Female,55,Retail,2023-03-28,Karimnagar,Telangana,South
CUST04611,Oscar Viswanathan,Male,43,Corporate,2025-11-05,Mumbai,Maharashtra,West
CUST04612,Jalsa Parmer,Female,58,Education,2025-02-23,Bhopal,Madhya Pradesh,Central
CUST04613,Atharv Murthy,Male,57,Government,2024-02-24,Pune,Maharashtra,West
CUST04614,Gauri Pai,Male,25,Retail,2024-11-07,Indore,Madhya Pradesh,Central
CUST04615,Andrew Pandit,Female,32,Government,2022-09-22,Siliguri,West Bengal,East
CUST04616,Qarin Hayre,Male,61,SME,2022-02-23,Mangaluru,Karnataka,South
CUST04617,Ekaraj Kara,Male,52,Government,2024-03-04,Hyderabad,Telangana,South
CUST04618,Hemani Prakash,Female,28,SME,2025-12-22,New Delhi,Delhi,North
CUST04619,Jeevika Sodhi,Female,57,Government,2025-09-30,New Delhi,Delhi,North
CUST04620,Jagdish Dash,Female,28,Government,2025-06-03,Amritsar,Punjab,North
CUST04621,Sudiksha Mangat,Female,58,Government,2023-08-01,Surat,Gujarat,West
CUST04622,Chatura Pathak,Male,51,Retail,2025-10-07,Vadodara,Gujarat,West
CUST04623,Vedant Prasad,Male,27,Retail,2022-07-12,Indore,Madhya Pradesh,Central
CUST04624,Avni Prabhakar,Male,26,SME,2023-02-19,Amritsar,Punjab,North
CUST04625,Teerth Dube,Female,23,Education,2026-02-25,Kolkata,West Bengal,East
CUST04626,Barkha Mann,Female,34,SME,2025-07-22,Mysuru,Karnataka,South
CUST04627,Laban Sura,Male,45,Education,2024-09-10,Coimbatore,Tamil Nadu,South
CUST04628,Guneet Lala,Female,51,Retail,2022-09-21,Karimnagar,Telangana,South
CUST04629,Indali Mand,Male,58,Retail,2026-03-10,Chennai,Tamil Nadu,South
CUST04630,Devansh Kakar,Female,45,Government,2025-01-29,Kozhikode,Kerala,South
CUST04631,Eta Chadha,Male,57,Education,2022-02-25,Chennai,Tamil Nadu,South
CUST04632,Jeet Konda,Female,39,Government,2023-07-17,Kolkata,West Bengal,East
CUST04633,Teerth Savant,Male,24,Education,2024-06-28,Bengaluru,Karnataka,South
CUST04634,Radhika Jhaveri,Female,38,Corporate,2023-12-06,Ludhiana,Punjab,North
CUST04635,Neelima Bir,Female,55,Corporate,2021-12-12,Siliguri,West Bengal,East
CUST04636,Aadi Choudhury,Male,58,SME,2024-03-18,Thiruvananthapuram,Kerala,South
CUST04637,Hemang Atwal,Female,65,Retail,2024-01-14,Kolkata,West Bengal,East
CUST04638,Tanveer Majumdar,Male,61,Education,2024-10-20,Ahmedabad,Gujarat,West
CUST04639,Mason Halder,Male,25,Government,2023-07-24,Mangaluru,Karnataka,South
CUST04640,Nikita Munshi,Male,18,Corporate,2025-12-21,Kozhikode,Kerala,South
CUST04641,Dipta Wagle,Female,37,Corporate,2022-08-07,Kolkata,West Bengal,East
CUST04642,Ucchal Dutt,Male,33,Education,2022-02-15,Surat,Gujarat,West
CUST04643,Vyanjana Ranganathan,Male,62,Government,2023-08-06,Mangaluru,Karnataka,South
CUST04644,Aryan Chaudhari,Male,50,Retail,2024-07-06,Vadodara,Gujarat,West
CUST04645,Warda Chandran,Female,21,Corporate,2023-11-11,Mysuru,Karnataka,South
CUST04646,Anvi Bhandari,Female,31,Education,2026-02-13,Mumbai,Maharashtra,West
CUST04647,Jeet Ramanathan,Female,31,Education,2021-08-11,Coimbatore,Tamil Nadu,South
CUST04648,Hiral Mishra,Female,23,Corporate,2025-08-05,New Delhi,Delhi,North
CUST04649,Joshua Chakraborty,Female,54,Corporate,2024-11-03,Vadodara,Gujarat,West
CUST04650,Dominic Padmanabhan,Male,57,Retail,2025-01-17,Thiruvananthapuram,Kerala,South
CUST04651,Ryan Behl,Female,52,SME,2026-02-06,Mangaluru,Karnataka,South
CUST04652,Isaac Bhavsar,Female,58,SME,2025-06-28,New Delhi,Delhi,North
CUST04653,Andrew Dar,Male,59,SME,2022-08-18,Ludhiana,Punjab,North
CUST04654,Nirja Sura,Male,55,Education,2026-06-07,New Delhi,Delhi,North
CUST04655,Girik Gupta,Female,40,Retail,2022-01-02,Indore,Madhya Pradesh,Central
CUST04656,Madhavi Sangha,Female,33,Education,2024-12-08,Coimbatore,Tamil Nadu,South
CUST04657,Nitara Sankaran,Male,50,Corporate,2021-08-26,Indore,Madhya Pradesh,Central
CUST04658,Advik Pillai,Male,47,Retail,2024-10-04,Amritsar,Punjab,North
CUST04659,Hemang Mall,Female,59,Education,2022-01-24,Karimnagar,Telangana,South
CUST04660,Imaran Oommen,Female,33,SME,2023-09-25,New Delhi,Delhi,North
CUST04661,Meghana Lall,Male,42,SME,2021-07-28,Karimnagar,Telangana,South
CUST04662,Zayyan Bahri,Female,22,Retail,2025-12-23,Mumbai,Maharashtra,West
CUST04663,Mugdha Atwal,Female,38,Corporate,2022-11-17,Madurai,Tamil Nadu,South
CUST04664,Suhani Kadakia,Female,44,SME,2025-12-20,Vadodara,Gujarat,West
CUST04665,Ishwar Boase,Male,20,Corporate,2023-12-07,Mysuru,Karnataka,South
CUST04666,Bhavika Bal,Male,49,Corporate,2024-01-01,Kolkata,West Bengal,East
CUST04667,Onkar Gala,Male,49,Education,2025-06-22,Mysuru,Karnataka,South
CUST04668,Triveni Majumdar,Male,50,Retail,2024-02-14,Thiruvananthapuram,Kerala,South
CUST04669,Lopa Cheema,Female,61,SME,2021-08-02,Nagpur,Maharashtra,West
CUST04670,George Karan,Male,55,SME,2022-07-04,Ludhiana,Punjab,North
CUST04671,Zansi Doshi,Female,54,Retail,2022-12-28,Kochi,Kerala,South
CUST04672,Rachit Bajwa,Female,34,Government,2025-09-23,New Delhi,Delhi,North
CUST04673,Ayaan Devan,Male,29,Government,2024-03-21,Mangaluru,Karnataka,South
CUST04674,Jacob Pau,Female,35,SME,2023-11-30,Siliguri,West Bengal,East
CUST04675,Ekaraj Bhatti,Male,39,Government,2024-08-10,Ahmedabad,Gujarat,West
CUST04676,Sai Devan,Female,25,Education,2026-03-31,Ludhiana,Punjab,North
CUST04677,Upma Natarajan,Male,59,Education,2023-06-23,Mumbai,Maharashtra,West
CUST04678,Bina Ahluwalia,Male,42,SME,2025-01-17,Kolkata,West Bengal,East
CUST04679,Manan Thaker,Female,31,Government,2022-02-21,Bengaluru,Karnataka,South
CUST04680,Yashawini Iyer,Female,31,Government,2024-05-12,Kolkata,West Bengal,East
CUST04681,Indali Chahal,Female,50,Corporate,2024-11-05,Amritsar,Punjab,North
CUST04682,Tanmayi Mand,Female,36,Education,2025-10-19,Kochi,Kerala,South
CUST04683,Banjeet Menon,Female,24,Corporate,2023-10-17,Ludhiana,Punjab,North
CUST04684,Damyanti Sahota,Male,57,Retail,2023-06-18,Mangaluru,Karnataka,South
CUST04685,Ekbal Chauhan,Female,19,Corporate,2022-04-24,Ahmedabad,Gujarat,West
CUST04686,Vritti Shetty,Female,26,SME,2025-05-14,Kolkata,West Bengal,East
CUST04687,Shivani Kumer,Male,34,Retail,2025-08-03,Mumbai,Maharashtra,West
CUST04688,Chakradhar Raja,Male,57,Retail,2023-12-16,Hyderabad,Telangana,South
CUST04689,Anirudh Parmer,Female,26,Retail,2026-02-23,Surat,Gujarat,West
CUST04690,Wyatt Ratti,Male,19,Retail,2023-01-16,Pune,Maharashtra,West
CUST04691,Harinakshi Lad,Male,54,Corporate,2022-11-19,Amritsar,Punjab,North
CUST04692,Henry Dass,Female,33,Government,2023-10-19,Warangal,Telangana,South
CUST04693,Ranveer Deol,Female,63,Government,2021-06-30,Chennai,Tamil Nadu,South
CUST04694,Lakshmi Sundaram,Male,27,SME,2025-07-14,Mumbai,Maharashtra,West
CUST04695,Aashi Mandal,Male,55,Government,2024-02-14,Siliguri,West Bengal,East
CUST04696,Aryan Mand,Female,34,Government,2025-10-28,Ludhiana,Punjab,North
CUST04697,Kashvi Majumdar,Male,29,SME,2022-10-28,New Delhi,Delhi,North
CUST04698,Nilima Rajan,Female,27,Corporate,2023-05-09,Coimbatore,Tamil Nadu,South
CUST04699,Jacob Deshpande,Female,62,Corporate,2025-05-19,Mumbai,Maharashtra,West
CUST04700,Brijesh Keer,Male,24,Government,2023-07-25,Warangal,Telangana,South
CUST04701,Suhani Babu,Male,30,SME,2023-03-11,Indore,Madhya Pradesh,Central
CUST04702,Vedhika Chahal,Male,62,Education,2024-05-02,New Delhi,Delhi,North
CUST04703,Shivansh Bansal,Female,18,Corporate,2023-05-02,Kochi,Kerala,South
CUST04704,Edhitha Kapoor,Female,62,Corporate,2024-06-26,Siliguri,West Bengal,East
CUST04705,Gauri Batta,Male,20,Government,2026-06-22,Bengaluru,Karnataka,South
CUST04706,Chasmum Gera,Female,44,Corporate,2022-01-03,Ahmedabad,Gujarat,West
CUST04707,Harshil Chad,Female,30,Education,2022-03-10,Madurai,Tamil Nadu,South
CUST04708,Mason Raman,Male,39,Education,2026-05-14,Kolkata,West Bengal,East
CUST04709,Zarna Savant,Male,21,Retail,2026-03-27,Amritsar,Punjab,North
CUST04710,Manya Radhakrishnan,Male,39,Government,2025-11-09,Ludhiana,Punjab,North
CUST04711,Pranav Gole,Female,31,Government,2022-02-08,Bengaluru,Karnataka,South
CUST04712,Ethan Bhavsar,Male,20,Education,2022-06-24,Ludhiana,Punjab,North
CUST04713,Omkaar Wadhwa,Male,24,Corporate,2021-11-20,Hyderabad,Telangana,South
CUST04714,Tara Kalla,Male,65,Government,2025-08-11,Siliguri,West Bengal,East
CUST04715,Chaman Sur,Female,49,Corporate,2023-09-04,Ludhiana,Punjab,North
CUST04716,Bahadurjit Jaggi,Male,34,SME,2024-06-12,Hyderabad,Telangana,South
CUST04717,Deepa Mann,Female,25,Education,2025-12-22,Nagpur,Maharashtra,West
CUST04718,Yahvi Rau,Male,53,Retail,2023-08-06,Madurai,Tamil Nadu,South
CUST04719,Vasatika Arora,Female,34,SME,2022-11-03,Ludhiana,Punjab,North
CUST04720,Zilmil Ramesh,Male,27,Corporate,2026-01-29,Thiruvananthapuram,Kerala,South
CUST04721,Rayaan Radhakrishnan,Male,29,SME,2025-11-08,Pune,Maharashtra,West
CUST04722,Aachal Dayal,Female,18,Corporate,2023-06-30,Hyderabad,Telangana,South
CUST04723,Saanvi Guha,Male,55,SME,2024-02-17,Ahmedabad,Gujarat,West
CUST04724,Yug Shankar,Male,55,SME,2025-12-18,Chennai,Tamil Nadu,South
CUST04725,Vedika Bala,Female,48,Corporate,2021-12-07,Nagpur,Maharashtra,West
CUST04726,Falan Dhawan,Male,61,Corporate,2024-08-02,New Delhi,Delhi,North
CUST04727,Ishita Sane,Female,24,Corporate,2023-09-02,New Delhi,Delhi,North
CUST04728,Banjeet Dar,Female,23,Education,2022-05-01,Warangal,Telangana,South
CUST04729,Victor Kari,Male,61,Corporate,2024-10-07,Bhopal,Madhya Pradesh,Central
CUST04730,Chatresh Kumar,Female,55,Government,2024-12-25,Pune,Maharashtra,West
CUST04731,Radhika Patil,Female,20,Corporate,2025-11-18,Ahmedabad,Gujarat,West
CUST04732,William Bahl,Male,38,Government,2025-12-13,Chennai,Tamil Nadu,South
CUST04733,Ishaan Varkey,Male,45,Government,2023-05-15,Indore,Madhya Pradesh,Central
CUST04734,Ubika Parmar,Female,34,Education,2024-04-30,New Delhi,Delhi,North
CUST04735,Vamakshi Doctor,Female,26,Corporate,2022-02-13,Siliguri,West Bengal,East
CUST04736,Neha Parsa,Male,18,Government,2023-07-10,Amritsar,Punjab,North
CUST04737,Qarin Prakash,Female,47,SME,2024-12-15,Siliguri,West Bengal,East
CUST04738,Amaira Gulati,Male,46,Government,2023-09-22,Mangaluru,Karnataka,South
CUST04739,Warinder Saran,Male,54,Retail,2024-08-15,Madurai,Tamil Nadu,South
CUST04740,Janani Thaman,Male,23,Education,2021-10-10,Amritsar,Punjab,North
CUST04741,Amruta Vaidya,Male,43,Government,2025-09-28,Mumbai,Maharashtra,West
CUST04742,Balhaar Pant,Female,56,Corporate,2023-09-21,Kolkata,West Bengal,East
CUST04743,Rachit Sampath,Male,35,Government,2021-07-26,Thiruvananthapuram,Kerala,South
CUST04744,Gopal Kulkarni,Female,35,Education,2026-05-22,Nagpur,Maharashtra,West
CUST04745,Damyanti Varma,Male,25,Corporate,2022-11-16,Mangaluru,Karnataka,South
CUST04746,Dayamai Sem,Female,35,Education,2023-04-08,Bhopal,Madhya Pradesh,Central
CUST04747,Nirja Saran,Male,28,Retail,2024-01-01,Hyderabad,Telangana,South
CUST04748,Samuel Lata,Female,61,Corporate,2022-06-02,Hyderabad,Telangana,South
CUST04749,Ekantika Gupta,Female,18,Corporate,2025-09-22,Mysuru,Karnataka,South
CUST04750,Ekanta Bobal,Male,19,Retail,2024-02-20,Kochi,Kerala,South
CUST04751,Jack Ben,Male,36,Education,2022-03-29,Siliguri,West Bengal,East
CUST04752,Karan Dhar,Male,57,Retail,2023-01-04,Ludhiana,Punjab,North
CUST04753,Ladli Sibal,Male,25,SME,2023-12-03,Mangaluru,Karnataka,South
CUST04754,Christopher Krishnan,Male,19,Government,2024-06-18,Coimbatore,Tamil Nadu,South
CUST04755,Nakul Nayak,Male,33,Corporate,2026-06-16,Coimbatore,Tamil Nadu,South
CUST04756,Brinda Bhatti,Female,65,Government,2021-08-18,Ludhiana,Punjab,North
CUST04757,Rohan Sachdeva,Male,42,Retail,2024-05-25,Siliguri,West Bengal,East
CUST04758,Zaitra Ganesan,Female,52,Retail,2024-10-23,Siliguri,West Bengal,East
CUST04759,Aachal Narang,Female,34,Education,2022-09-27,Siliguri,West Bengal,East
CUST04760,Ayaan Garde,Male,19,Government,2023-08-17,Kochi,Kerala,South
CUST04761,Jackson Doshi,Male,33,Education,2025-03-14,Bhopal,Madhya Pradesh,Central
CUST04762,Azaan Raja,Male,46,Retail,2025-05-01,Chennai,Tamil Nadu,South
CUST04763,Zinal Char,Male,38,Retail,2025-06-16,Madurai,Tamil Nadu,South
CUST04764,Leena Banik,Female,39,Government,2021-07-21,Bhopal,Madhya Pradesh,Central
CUST04765,Siddharth Badami,Female,27,Retail,2025-03-10,Karimnagar,Telangana,South
CUST04766,Harish Vig,Female,60,Retail,2023-09-29,Kozhikode,Kerala,South
CUST04767,Krishna Devi,Male,38,Corporate,2022-04-17,Coimbatore,Tamil Nadu,South
CUST04768,Dayita Patla,Female,19,Education,2024-12-19,Pune,Maharashtra,West
CUST04769,Owen Walla,Female,36,Government,2025-01-05,Surat,Gujarat,West
CUST04770,Jalsa Bhattacharyya,Female,46,Corporate,2024-08-19,Pune,Maharashtra,West
CUST04771,Krishna Devi,Male,53,Corporate,2023-01-08,Bengaluru,Karnataka,South
CUST04772,Ekani Bhargava,Male,26,Government,2022-09-03,Nagpur,Maharashtra,West
CUST04773,Rajeshri Kata,Male,26,Corporate,2021-08-10,Madurai,Tamil Nadu,South
CUST04774,Adweta Sheth,Female,18,Corporate,2025-07-11,Siliguri,West Bengal,East
CUST04775,Kevin Kunda,Male,51,SME,2023-05-07,New Delhi,Delhi,North
CUST04776,Shivansh Mander,Female,34,SME,2024-07-09,Kolkata,West Bengal,East
CUST04777,Simon Ranganathan,Male,40,Corporate,2025-04-06,Warangal,Telangana,South
CUST04778,Hema Brahmbhatt,Male,32,SME,2025-04-22,New Delhi,Delhi,North
CUST04779,Darpan Suri,Male,36,Retail,2023-06-23,Ludhiana,Punjab,North
CUST04780,Anvi Choudhry,Male,53,Corporate,2024-02-19,Karimnagar,Telangana,South
CUST04781,Watika Buch,Male,53,Retail,2023-05-25,Siliguri,West Bengal,East
CUST04782,Neelima Sampath,Male,58,SME,2025-09-14,New Delhi,Delhi,North
CUST04783,Jhalak Badal,Male,36,Education,2021-11-29,Vadodara,Gujarat,West
CUST04784,Yuvraj Pathak,Male,47,Government,2025-03-06,Chennai,Tamil Nadu,South
CUST04785,Balveer Ganesh,Male,34,Education,2024-07-15,Hyderabad,Telangana,South
CUST04786,Daksha Sharaf,Male,23,Corporate,2025-03-24,New Delhi,Delhi,North
CUST04787,Ronith Kuruvilla,Male,47,Retail,2024-09-20,Kolkata,West Bengal,East
CUST04788,Logan Palla,Male,30,Corporate,2022-01-23,Bengaluru,Karnataka,South
CUST04789,Arin Misra,Male,40,Retail,2022-01-25,Bhopal,Madhya Pradesh,Central
CUST04790,Veda Mittal,Female,52,SME,2022-11-15,Hyderabad,Telangana,South
CUST04791,Upasna More,Female,45,SME,2024-08-13,Mysuru,Karnataka,South
CUST04792,Yachana Handa,Female,37,Education,2024-07-05,Kozhikode,Kerala,South
CUST04793,Anmol Dar,Male,27,Education,2024-08-15,Mysuru,Karnataka,South
CUST04794,Bakhshi Char,Female,42,Retail,2022-12-30,New Delhi,Delhi,North
CUST04795,Osha Gera,Male,39,Corporate,2022-08-21,Madurai,Tamil Nadu,South
CUST04796,Harinakshi Natarajan,Female,64,Corporate,2022-10-31,Mysuru,Karnataka,South
CUST04797,Akshay Reddy,Male,34,Corporate,2022-09-01,Pune,Maharashtra,West
CUST04798,Sara Goel,Female,23,Education,2025-01-25,Vadodara,Gujarat,West
CUST04799,Ayaan Dhar,Male,38,Retail,2022-06-17,New Delhi,Delhi,North
CUST04800,Charvi Krishnamurthy,Male,43,Education,2026-04-08,Warangal,Telangana,South
CUST04801,Zarna Palla,Female,44,Education,2023-08-24,Mangaluru,Karnataka,South
CUST04802,Xalak Nagy,Female,27,Corporate,2023-03-12,Vadodara,Gujarat,West
CUST04803,Meghana Minhas,Female,44,Government,2022-06-04,Mumbai,Maharashtra,West
CUST04804,Sai Muni,Female,48,Education,2022-09-15,Amritsar,Punjab,North
CUST04805,Aashi Balasubramanian,Male,55,Retail,2022-12-07,Madurai,Tamil Nadu,South
CUST04806,Yatan Khosla,Male,20,Education,2022-03-14,Thiruvananthapuram,Kerala,South
CUST04807,Ishanvi Shenoy,Female,50,Government,2023-09-21,Madurai,Tamil Nadu,South
CUST04808,Harsh Vaidya,Male,26,Corporate,2022-12-12,Amritsar,Punjab,North
CUST04809,Christopher Shah,Male,37,Retail,2024-05-16,Surat,Gujarat,West
CUST04810,Kashish Deshmukh,Female,65,Education,2022-07-27,Nagpur,Maharashtra,West
CUST04811,Jonathan Solanki,Male,27,Retail,2025-09-16,Kolkata,West Bengal,East
CUST04812,Panini Buch,Female,34,Government,2022-01-04,Vadodara,Gujarat,West
CUST04813,Saksham Oza,Female,34,Government,2023-02-28,Ahmedabad,Gujarat,West
CUST04814,Ati Lall,Female,60,SME,2024-08-08,Hyderabad,Telangana,South
CUST04815,Ishwar Bhavsar,Male,25,Retail,2024-04-18,Nagpur,Maharashtra,West
CUST04816,Chaitaly Bhatnagar,Male,52,Government,2021-10-22,Bhopal,Madhya Pradesh,Central
CUST04817,Chaaya Luthra,Male,47,Corporate,2025-02-04,Madurai,Tamil Nadu,South
CUST04818,Lucky Pandit,Female,32,SME,2023-10-19,Mangaluru,Karnataka,South
CUST04819,Sneha Munshi,Female,50,Government,2026-04-16,Thiruvananthapuram,Kerala,South
CUST04820,Indira Bhattacharyya,Male,51,Government,2024-09-14,Karimnagar,Telangana,South
CUST04821,Falak Samra,Female,52,Retail,2024-02-19,Nagpur,Maharashtra,West
CUST04822,Nachiket Parsa,Female,19,SME,2023-08-10,New Delhi,Delhi,North
CUST04823,Mason Swaminathan,Male,29,Retail,2023-03-26,Chennai,Tamil Nadu,South
CUST04824,Vidhi Sarraf,Female,30,SME,2025-06-05,Warangal,Telangana,South
CUST04825,Samaksh Choudhry,Male,33,Retail,2022-11-13,Madurai,Tamil Nadu,South
CUST04826,Ryan Radhakrishnan,Female,21,SME,2024-12-01,Madurai,Tamil Nadu,South
CUST04827,Zayan Thakur,Male,33,Education,2025-10-08,Bhopal,Madhya Pradesh,Central
CUST04828,Riya Loyal,Female,21,Retail,2022-12-17,Hyderabad,Telangana,South
CUST04829,Eesha Bawa,Male,62,Corporate,2024-09-30,Kochi,Kerala,South
CUST04830,Aarav Sahota,Female,53,Government,2024-09-14,Madurai,Tamil Nadu,South
CUST04831,Ucchal Bava,Male,23,SME,2025-04-01,Indore,Madhya Pradesh,Central
CUST04832,Yashica Parsa,Male,37,Education,2024-12-25,Bengaluru,Karnataka,South
CUST04833,Sanaya Pathak,Male,62,Education,2025-10-13,Chennai,Tamil Nadu,South
CUST04834,Wakeeta Tandon,Female,59,Government,2023-01-30,Madurai,Tamil Nadu,South
CUST04835,Yagnesh Bhardwaj,Male,58,Education,2021-09-04,New Delhi,Delhi,North
CUST04836,Oviya Dyal,Male,64,Government,2022-01-07,Warangal,Telangana,South
CUST04837,Fitan Lalla,Female,58,Education,2023-01-07,Mumbai,Maharashtra,West
CUST04838,Frado Varkey,Female,18,Retail,2022-03-09,Siliguri,West Bengal,East
CUST04839,Adweta Rattan,Female,39,Corporate,2022-12-12,Chennai,Tamil Nadu,South
CUST04840,Janaki Wagle,Male,63,Retail,2021-12-23,Vadodara,Gujarat,West
CUST04841,Chandani Parmar,Male,53,Government,2025-10-18,Mysuru,Karnataka,South
CUST04842,Sara Issac,Female,26,Education,2024-11-13,Ludhiana,Punjab,North
CUST04843,Adya Bava,Male,47,Retail,2024-04-07,Indore,Madhya Pradesh,Central
CUST04844,Gayathri Goswami,Female,19,Government,2021-12-12,New Delhi,Delhi,North
CUST04845,Saumya Varughese,Female,27,Corporate,2026-02-20,Kolkata,West Bengal,East
CUST04846,Oeshi Kaur,Female,34,Education,2022-01-28,Kozhikode,Kerala,South
CUST04847,Wriddhish Ram,Male,49,SME,2022-08-23,Ludhiana,Punjab,North
CUST04848,Isaac Krishnamurthy,Female,44,Government,2021-10-31,Kochi,Kerala,South
CUST04849,Madhav Rege,Male,36,Government,2022-07-31,Chennai,Tamil Nadu,South
CUST04850,Falan Doshi,Female,40,Education,2023-07-05,Mangaluru,Karnataka,South
CUST04851,Jonathan Natarajan,Male,28,SME,2022-01-03,Kolkata,West Bengal,East
CUST04852,Omkaar Lata,Male,31,Education,2025-01-07,Mumbai,Maharashtra,West
CUST04853,Ubika Panchal,Male,43,Government,2022-07-14,Hyderabad,Telangana,South
CUST04854,Daksha Solanki,Female,53,SME,2024-12-02,Mysuru,Karnataka,South
CUST04855,Charvi Banik,Female,60,Education,2023-03-02,Amritsar,Punjab,North
CUST04856,Tara Sharma,Female,61,SME,2022-11-29,Mysuru,Karnataka,South
CUST04857,Nikita Ramaswamy,Male,33,Government,2022-03-28,Coimbatore,Tamil Nadu,South
CUST04858,Ojas Shenoy,Male,23,SME,2025-04-15,Vadodara,Gujarat,West
CUST04859,Hemani Gola,Male,44,SME,2022-07-15,Mangaluru,Karnataka,South
CUST04860,Vedant Sankar,Male,18,Education,2022-01-02,Warangal,Telangana,South
CUST04861,Ubika Barad,Male,41,Retail,2021-08-06,Bengaluru,Karnataka,South
CUST04862,Arjun Karpe,Male,36,Corporate,2021-10-18,Siliguri,West Bengal,East
CUST04863,Odika Ratti,Male,54,Corporate,2024-06-02,Madurai,Tamil Nadu,South
CUST04864,Owen Goyal,Female,50,Retail,2021-10-30,Nagpur,Maharashtra,West
CUST04865,Baljiwan Roy,Male,37,Retail,2024-09-21,Kochi,Kerala,South
CUST04866,Ekaraj Varghese,Male,38,Corporate,2025-09-29,New Delhi,Delhi,North
CUST04867,Yatan Chaudhari,Male,41,Retail,2025-08-12,Bengaluru,Karnataka,South
CUST04868,Champak Patil,Female,63,Government,2024-01-11,New Delhi,Delhi,North
CUST04869,Hemal Karnik,Female,63,Corporate,2023-10-07,New Delhi,Delhi,North
CUST04870,Charita Mody,Female,32,SME,2023-03-13,Kozhikode,Kerala,South
CUST04871,Saanvi Virk,Male,18,SME,2022-05-16,Kolkata,West Bengal,East
CUST04872,Ganga Mittal,Female,49,Education,2021-09-02,Bengaluru,Karnataka,South
CUST04873,William Natarajan,Female,50,Government,2022-10-31,Mumbai,Maharashtra,West
CUST04874,Bhavani Tak,Female,48,Corporate,2026-02-18,New Delhi,Delhi,North
CUST04875,Yashoda Ranganathan,Female,65,Retail,2024-04-11,Siliguri,West Bengal,East
CUST04876,Adweta Basu,Male,46,Education,2024-07-02,Karimnagar,Telangana,South
CUST04877,Amrita Sur,Male,32,Government,2023-10-16,Ahmedabad,Gujarat,West
CUST04878,Janaki Borde,Female,50,Retail,2024-07-26,Vadodara,Gujarat,West
CUST04879,Ekaraj Vig,Female,27,Education,2024-05-06,Surat,Gujarat,West
CUST04880,Samarth Natt,Female,28,Corporate,2024-10-27,Mangaluru,Karnataka,South
CUST04881,Leena Sawhney,Male,36,SME,2025-07-08,New Delhi,Delhi,North
CUST04882,Anthony Vohra,Female,45,Education,2023-10-26,New Delhi,Delhi,North
CUST04883,Wahab Choudhry,Male,40,Retail,2022-07-30,Ludhiana,Punjab,North
CUST04884,Noah Ganesan,Male,47,Corporate,2022-04-03,Ludhiana,Punjab,North
CUST04885,Noah Randhawa,Female,25,SME,2025-08-22,Mangaluru,Karnataka,South
CUST04886,Ekalinga Raja,Female,52,Corporate,2025-04-01,New Delhi,Delhi,North
CUST04887,Rushil Bhatnagar,Male,24,Education,2024-04-22,Ludhiana,Punjab,North
CUST04888,Gunbir Khalsa,Male,51,Retail,2024-11-19,Surat,Gujarat,West
CUST04889,Azad Bedi,Female,22,SME,2021-12-08,Warangal,Telangana,South
CUST04890,Varsha Gola,Female,60,Corporate,2021-08-07,Siliguri,West Bengal,East
CUST04891,Manya Mammen,Male,54,Corporate,2024-09-24,New Delhi,Delhi,North
CUST04892,Daniel Dugar,Female,61,Government,2022-04-25,Surat,Gujarat,West
CUST04893,Jalsa Raghavan,Female,29,Government,2023-01-19,New Delhi,Delhi,North
CUST04894,Upadhriti Sarna,Male,46,Education,2022-01-13,Siliguri,West Bengal,East
CUST04895,Radhika Uppal,Male,18,Education,2022-09-09,New Delhi,Delhi,North
CUST04896,Eiravati Deshpande,Male,48,Retail,2026-05-17,New Delhi,Delhi,North
CUST04897,Hemal Pau,Male,64,Government,2025-07-05,Thiruvananthapuram,Kerala,South
CUST04898,Hemang Dugal,Female,62,Corporate,2024-01-25,New Delhi,Delhi,North
CUST04899,Harinakshi Sane,Male,31,Government,2024-06-28,Vadodara,Gujarat,West
CUST04900,Aishani Choudhary,Male,44,Retail,2024-12-05,New Delhi,Delhi,North
CUST04901,Vedika Nazareth,Female,55,Corporate,2023-10-10,Nagpur,Maharashtra,West
CUST04902,Omisha Zacharia,Female,41,Corporate,2024-12-11,Hyderabad,Telangana,South
CUST04903,Samarth Mutti,Female,19,Government,2022-11-08,Mumbai,Maharashtra,West
CUST04904,Yochana Kale,Female,30,Government,2021-10-25,Indore,Madhya Pradesh,Central
CUST04905,Urvashi Mital,Female,56,Education,2022-11-07,New Delhi,Delhi,North
CUST04906,Bhavna Kunda,Male,38,Corporate,2025-11-02,New Delhi,Delhi,North
CUST04907,Christopher Sarkar,Female,21,Education,2023-12-25,Surat,Gujarat,West
CUST04908,Pratyush Sami,Female,63,SME,2023-12-19,Siliguri,West Bengal,East
CUST04909,Geetika Goyal,Male,45,Retail,2023-02-14,Surat,Gujarat,West
CUST04910,Leela Bal,Male,51,SME,2024-03-21,Indore,Madhya Pradesh,Central
CUST04911,Meghana Kadakia,Female,31,Education,2025-10-01,Hyderabad,Telangana,South
CUST04912,Charles Mahajan,Male,29,Retail,2023-04-28,Warangal,Telangana,South
CUST04913,Rohan Bhatnagar,Male,48,Retail,2022-11-27,Hyderabad,Telangana,South
CUST04914,Unnati Khanna,Female,41,Education,2025-02-19,Chennai,Tamil Nadu,South
CUST04915,Ojasvi Gopal,Female,24,Education,2025-09-02,New Delhi,Delhi,North
CUST04916,Manya Kalita,Female,28,Government,2023-03-15,Hyderabad,Telangana,South
CUST04917,Anthony Buch,Male,36,SME,2024-03-27,Siliguri,West Bengal,East
CUST04918,Anika Sama,Male,20,SME,2025-11-12,Siliguri,West Bengal,East
CUST04919,Waida Lala,Female,55,Retail,2021-08-12,Hyderabad,Telangana,South
CUST04920,Deepa Luthra,Male,29,Retail,2022-12-05,Kozhikode,Kerala,South
CUST04921,Amaira Mishra,Female,54,Government,2023-06-09,Karimnagar,Telangana,South
CUST04922,Ekantika Keer,Female,29,Education,2022-10-21,Bengaluru,Karnataka,South
CUST04923,Damini Dara,Male,21,Education,2025-06-15,Pune,Maharashtra,West
CUST04924,Dalbir Mutti,Male,46,Education,2022-11-17,Kolkata,West Bengal,East
CUST04925,Sanya Narain,Male,43,Corporate,2022-01-29,Bengaluru,Karnataka,South
CUST04926,Januja Natarajan,Female,61,Retail,2025-06-28,Ludhiana,Punjab,North
CUST04927,Yashica Memon,Male,31,Corporate,2022-11-10,Mysuru,Karnataka,South
CUST04928,Upkaar Wali,Male,34,SME,2024-12-29,New Delhi,Delhi,North
CUST04929,Daksh Nair,Male,46,Corporate,2025-11-08,New Delhi,Delhi,North
CUST04930,Nihal Wable,Female,45,Corporate,2024-08-08,Bhopal,Madhya Pradesh,Central
CUST04931,Yagnesh Bala,Male,54,Retail,2022-08-30,Kolkata,West Bengal,East
CUST04932,Ridhi Maharaj,Female,21,Corporate,2026-04-14,New Delhi,Delhi,North
CUST04933,Ayaan Sanghvi,Female,24,Government,2026-03-03,Vadodara,Gujarat,West
CUST04934,Aashi Chand,Male,26,Education,2025-01-18,Kozhikode,Kerala,South
CUST04935,Viraj Lanka,Male,52,Retail,2023-09-03,Warangal,Telangana,South
CUST04936,Ucchal Soni,Male,42,Corporate,2022-03-19,Karimnagar,Telangana,South
CUST04937,Lajita Gopal,Male,37,Government,2022-03-15,Vadodara,Gujarat,West
CUST04938,Oeshi Warrior,Male,45,Education,2021-11-11,New Delhi,Delhi,North
CUST04939,Lekha Jaggi,Female,28,Education,2023-02-06,Amritsar,Punjab,North
CUST04940,Kiaan Sodhi,Female,40,Corporate,2026-05-25,Karimnagar,Telangana,South
CUST04941,Gunbir Venkatesh,Female,57,Government,2026-04-25,Bhopal,Madhya Pradesh,Central
CUST04942,Ubika Bali,Female,64,Retail,2026-01-23,Ahmedabad,Gujarat,West
CUST04943,Maanav Jhaveri,Female,18,Education,2021-06-30,Siliguri,West Bengal,East
CUST04944,Sara Ghosh,Female,19,Corporate,2021-12-02,Amritsar,Punjab,North
CUST04945,Kabir Pai,Male,60,Retail,2025-06-13,Mangaluru,Karnataka,South
CUST04946,Viraj Bhardwaj,Male,28,Corporate,2024-11-17,Indore,Madhya Pradesh,Central
CUST04947,Bishakha Yogi,Female,33,Government,2022-10-10,Coimbatore,Tamil Nadu,South
CUST04948,Kavya Sane,Female,52,Government,2025-09-15,Mysuru,Karnataka,South
CUST04949,Bahadurjit Chaudhry,Male,29,Corporate,2026-01-04,Mangaluru,Karnataka,South
CUST04950,Champak Madan,Male,31,Corporate,2022-11-28,Ahmedabad,Gujarat,West
CUST04951,Jagdish Sengupta,Male,40,Retail,2023-03-18,Bengaluru,Karnataka,South
CUST04952,Wriddhish Dube,Female,59,SME,2026-02-05,Bengaluru,Karnataka,South
CUST04953,Vasudha Reddy,Male,57,Corporate,2022-03-28,Ahmedabad,Gujarat,West
CUST04954,Zansi De,Female,63,Retail,2023-05-05,Surat,Gujarat,West
CUST04955,Ganga Pingle,Female,62,Corporate,2023-07-23,Thiruvananthapuram,Kerala,South
CUST04956,Damini Buch,Male,30,Corporate,2026-02-02,Indore,Madhya Pradesh,Central
CUST04957,Gaurav Handa,Female,28,Government,2023-11-16,Mumbai,Maharashtra,West
CUST04958,Anay Raval,Male,52,Retail,2021-11-26,New Delhi,Delhi,North
CUST04959,Hemangini Dara,Male,25,Corporate,2022-03-09,Vadodara,Gujarat,West
CUST04960,Ekalinga Arya,Male,28,Government,2022-01-17,Pune,Maharashtra,West
CUST04961,Girindra Tailor,Female,56,Education,2025-09-10,Mysuru,Karnataka,South
CUST04962,Mason Nadkarni,Male,21,Retail,2023-06-17,Vadodara,Gujarat,West
CUST04963,Zaid Batra,Female,43,Corporate,2025-12-15,Hyderabad,Telangana,South
CUST04964,Caleb Varkey,Female,37,Government,2022-11-04,Coimbatore,Tamil Nadu,South
CUST04965,Vivaan Bobal,Male,22,Retail,2026-02-09,Surat,Gujarat,West
CUST04966,Harish Kade,Female,59,Retail,2022-09-14,New Delhi,Delhi,North
CUST04967,Kamala Saha,Female,39,Government,2024-08-24,Indore,Madhya Pradesh,Central
CUST04968,Zayyan Chand,Male,29,Education,2026-01-11,Madurai,Tamil Nadu,South
CUST04969,Mohammed Parmar,Male,24,Education,2025-11-01,Ludhiana,Punjab,North
CUST04970,Samarth Grewal,Female,26,Education,2026-05-22,Ahmedabad,Gujarat,West
CUST04971,Peter Chand,Female,27,Government,2022-03-13,Pune,Maharashtra,West
CUST04972,Saumya Sabharwal,Female,24,Corporate,2024-12-02,New Delhi,Delhi,North
CUST04973,Daksha Bali,Female,25,Education,2024-01-08,Mangaluru,Karnataka,South
CUST04974,Atharv Chaudry,Male,54,Government,2024-02-05,Kochi,Kerala,South
CUST04975,Nitara Basu,Female,38,Corporate,2021-08-22,Karimnagar,Telangana,South
CUST04976,Tanish Muni,Male,28,Retail,2022-07-29,Mumbai,Maharashtra,West
CUST04977,Mugdha Sathe,Male,39,SME,2024-05-22,Coimbatore,Tamil Nadu,South
CUST04978,Laksh Bhatti,Male,35,Corporate,2026-02-12,Mysuru,Karnataka,South
CUST04979,Megha Nanda,Male,37,Corporate,2024-03-15,Hyderabad,Telangana,South
CUST04980,Balendra Swamy,Female,49,Government,2025-11-19,Mangaluru,Karnataka,South
CUST04981,Jackson Sur,Female,47,Government,2025-02-15,Ludhiana,Punjab,North
CUST04982,Nathaniel Sanghvi,Female,26,Corporate,2024-08-04,Warangal,Telangana,South
CUST04983,Ansh Kannan,Male,63,SME,2026-03-28,Madurai,Tamil Nadu,South
CUST04984,Aryan Swamy,Male,55,Corporate,2022-11-06,Vadodara,Gujarat,West
CUST04985,Simon Dara,Female,49,Retail,2026-04-16,Mysuru,Karnataka,South
CUST04986,Sachi Wason,Female,54,Corporate,2022-04-09,New Delhi,Delhi,North
CUST04987,Deepa Yohannan,Male,55,Government,2022-09-03,Kochi,Kerala,South
CUST04988,Rajeshri Bhattacharyya,Female,24,SME,2025-05-21,Siliguri,West Bengal,East
CUST04989,Odika Garde,Male,39,Education,2025-10-22,Indore,Madhya Pradesh,Central
CUST04990,Harrison Aurora,Female,35,Retail,2023-09-11,Siliguri,West Bengal,East
CUST04991,Adya Manne,Female,65,Government,2025-12-11,Siliguri,West Bengal,East
CUST04992,Vritti Bains,Male,38,Education,2021-12-24,Kolkata,West Bengal,East
CUST04993,Amol Ray,Female,29,Retail,2024-08-05,Ludhiana,Punjab,North
CUST04994,Aarush Datta,Female,48,Corporate,2023-05-19,Siliguri,West Bengal,East
CUST04995,Ubika Wadhwa,Female,37,Corporate,2023-08-21,Indore,Madhya Pradesh,Central
CUST04996,Ucchal Rattan,Female,23,Government,2022-01-13,Vadodara,Gujarat,West
CUST04997,Falguni Sharaf,Male,29,Corporate,2025-05-31,New Delhi,Delhi,North
CUST04998,Charita Gill,Male,52,Corporate,2022-03-25,Ahmedabad,Gujarat,West
CUST04999,Victor Dani,Female,28,SME,2022-12-08,Vadodara,Gujarat,West
CUST05000,Wriddhish Radhakrishnan,Female,30,Government,2022-05-23,Ludhiana,Punjab,North
CUST05001,Raagini Krishnamurthy,Male,23,Corporate,2026-01-09,Mumbai,Maharashtra,West
CUST05002,Harish Madan,Female,23,SME,2023-04-04,Hyderabad,Telangana,South
CUST05003,Lucky Kala,Male,18,Government,2021-12-03,Indore,Madhya Pradesh,Central
CUST05004,Damini Lata,Male,62,Education,2023-08-24,New Delhi,Delhi,North
CUST05005,Indali Gill,Female,43,Retail,2026-06-16,Bengaluru,Karnataka,South
CUST05006,Janya Shetty,Male,55,SME,2022-10-24,Pune,Maharashtra,West
CUST05007,Orinder Loke,Male,22,Education,2022-09-05,New Delhi,Delhi,North
CUST05008,Pavani Nori,Male,19,Corporate,2025-10-03,Nagpur,Maharashtra,West
CUST05009,Vidhi Yohannan,Male,65,Retail,2025-02-03,Indore,Madhya Pradesh,Central
CUST05010,Turvi Jaggi,Male,41,Corporate,2025-06-12,Indore,Madhya Pradesh,Central
CUST05011,Thomas Apte,Male,28,SME,2021-12-17,Kolkata,West Bengal,East
CUST05012,Charles Barad,Male,55,Corporate,2025-01-19,Ludhiana,Punjab,North
CUST05013,Panini Das,Male,44,Retail,2024-02-09,New Delhi,Delhi,North
CUST05014,Eesha Mallick,Female,49,Retail,2026-01-22,Kolkata,West Bengal,East
CUST05015,Neelima Sarna,Female,43,Retail,2021-10-16,Surat,Gujarat,West
CUST05016,Udarsh Ramakrishnan,Female,45,Corporate,2023-06-24,New Delhi,Delhi,North
CUST05017,Nicholas Shan,Male,63,Government,2024-06-08,New Delhi,Delhi,North
CUST05018,Turvi Dora,Male,54,SME,2024-12-10,Ahmedabad,Gujarat,West
CUST05019,Kai Sachdev,Male,30,SME,2026-05-11,Thiruvananthapuram,Kerala,South
CUST05020,Peter Yogi,Female,45,Corporate,2024-01-23,New Delhi,Delhi,North
CUST05021,Pranav Sankar,Male,31,Corporate,2023-11-06,Kozhikode,Kerala,South
CUST05022,Divya Raj,Male,59,Government,2024-05-25,New Delhi,Delhi,North
CUST05023,Baghyawati Mani,Male,45,SME,2024-05-19,Pune,Maharashtra,West
CUST05024,Ethan Sharaf,Male,42,SME,2026-05-29,Hyderabad,Telangana,South
CUST05025,Rajeshri Sahota,Male,65,Corporate,2024-02-02,Pune,Maharashtra,West
CUST05026,Niharika Doctor,Female,48,Education,2024-02-08,Ludhiana,Punjab,North
CUST05027,Harinakshi Gaba,Female,44,Retail,2021-12-12,Siliguri,West Bengal,East
CUST05028,Rushil Gupta,Female,56,SME,2025-10-24,New Delhi,Delhi,North
CUST05029,Vihaan Chandra,Male,35,Education,2025-04-06,Karimnagar,Telangana,South
CUST05030,Amol Kota,Female,39,Retail,2023-03-05,Coimbatore,Tamil Nadu,South
CUST05031,Aradhana Goel,Male,23,Education,2024-08-06,Siliguri,West Bengal,East
CUST05032,Hemang Iyengar,Male,37,Corporate,2024-01-11,Indore,Madhya Pradesh,Central
CUST05033,Gopal Maharaj,Female,53,Corporate,2025-10-01,Bengaluru,Karnataka,South
CUST05034,Bina Anne,Female,35,Retail,2021-11-01,Amritsar,Punjab,North
CUST05035,Zarna Baral,Male,35,SME,2021-08-03,Ludhiana,Punjab,North
CUST05036,Isha Bera,Male,50,Education,2022-01-31,New Delhi,Delhi,North
CUST05037,Vanya Narula,Female,54,Retail,2024-01-31,Bhopal,Madhya Pradesh,Central
CUST05038,Henry Bobal,Female,52,SME,2024-03-20,Warangal,Telangana,South
CUST05039,Aadi Bora,Male,44,Government,2024-05-05,Thiruvananthapuram,Kerala,South
CUST05040,Chaaya Venkatesh,Female,62,Education,2025-12-20,Indore,Madhya Pradesh,Central
CUST05041,Nakul Sodhi,Female,64,SME,2022-12-17,Hyderabad,Telangana,South
CUST05042,Suhani Oommen,Male,18,Government,2023-11-23,Madurai,Tamil Nadu,South
CUST05043,Harshil Verma,Female,58,SME,2021-12-18,Ahmedabad,Gujarat,West
CUST05044,Siddharth Ray,Male,23,Education,2026-01-28,Amritsar,Punjab,North
CUST05045,Forum Soman,Female,55,Government,2022-05-04,Mumbai,Maharashtra,West
CUST05046,Shivani Dutta,Male,48,Government,2026-03-09,Bengaluru,Karnataka,South
CUST05047,Chaman Padmanabhan,Female,21,SME,2024-12-28,Coimbatore,Tamil Nadu,South
CUST05048,Sneha Dave,Male,36,Corporate,2024-12-01,Amritsar,Punjab,North
CUST05049,Krishna Natt,Female,31,Education,2026-06-10,Amritsar,Punjab,North
CUST05050,Harsh Kohli,Female,23,Government,2024-05-10,Mysuru,Karnataka,South
CUST05051,Bimala Chaudhari,Female,34,Education,2025-11-25,Amritsar,Punjab,North
CUST05052,Jasmit Gulati,Female,32,Education,2026-03-23,Ludhiana,Punjab,North
CUST05053,Parth Boase,Female,60,SME,2026-03-22,Kolkata,West Bengal,East
CUST05054,Tamanna Sunder,Female,51,Government,2023-08-14,Madurai,Tamil Nadu,South
CUST05055,Ekani Subramaniam,Male,27,Education,2025-09-06,Indore,Madhya Pradesh,Central
CUST05056,Lajita Tank,Male,18,Government,2023-09-18,Ludhiana,Punjab,North
CUST05057,Zayan Deshpande,Male,62,Education,2022-08-18,Pune,Maharashtra,West
CUST05058,Lekha Chakraborty,Male,36,Corporate,2026-03-23,Siliguri,West Bengal,East
CUST05059,Adya Srinivasan,Female,20,SME,2025-05-21,Surat,Gujarat,West
CUST05060,Advik Ben,Male,46,SME,2023-12-16,Bengaluru,Karnataka,South
CUST05061,Pallavi Dasgupta,Male,19,Education,2024-07-18,New Delhi,Delhi,North
CUST05062,Krishna Mitra,Male,19,Education,2023-03-22,Amritsar,Punjab,North
CUST05063,Saanvi Sandal,Male,29,Corporate,2024-07-18,Ludhiana,Punjab,North
CUST05064,Ishani Lalla,Female,54,SME,2022-11-17,New Delhi,Delhi,North
CUST05065,Nidhi Raman,Male,50,Education,2025-03-15,Madurai,Tamil Nadu,South
CUST05066,Priya Gara,Female,31,Government,2025-09-12,Siliguri,West Bengal,East
CUST05067,Abhiram Kaur,Male,42,Education,2025-06-16,Vadodara,Gujarat,West
CUST05068,Bahadurjit Shan,Female,31,SME,2025-06-21,Kozhikode,Kerala,South
CUST05069,Yashica Bava,Female,43,Retail,2023-01-19,Karimnagar,Telangana,South
CUST05070,Nilima Goyal,Female,19,SME,2026-06-15,Vadodara,Gujarat,West
CUST05071,Balvan Sha,Male,25,Education,2025-10-24,Indore,Madhya Pradesh,Central
CUST05072,Lajita Sagar,Female,62,Retail,2025-06-08,Mysuru,Karnataka,South
CUST05073,Aarush Andra,Female,19,Education,2025-03-02,Siliguri,West Bengal,East
CUST05074,Jeet Chanda,Male,21,Retail,2023-03-13,New Delhi,Delhi,North
CUST05075,Anya Sura,Male,48,Corporate,2024-05-10,New Delhi,Delhi,North
CUST05076,Nathan Bhargava,Male,61,Government,2025-07-06,Indore,Madhya Pradesh,Central
CUST05077,Nitesh Basak,Female,25,Government,2024-05-25,Kolkata,West Bengal,East
CUST05078,Rayaan Magar,Female,31,Corporate,2024-12-14,Warangal,Telangana,South
CUST05079,Mahika Borde,Female,65,Retail,2025-11-16,Ludhiana,Punjab,North
CUST05080,Baljiwan Narayan,Female,57,SME,2022-12-01,Siliguri,West Bengal,East
CUST05081,Samesh Manda,Female,28,Retail,2021-11-04,Warangal,Telangana,South
CUST05082,Rajata Balakrishnan,Male,23,Corporate,2021-09-12,Kozhikode,Kerala,South
CUST05083,Indrajit Sood,Male,25,SME,2023-06-08,Surat,Gujarat,West
CUST05084,Pratyush Bhattacharyya,Female,46,Retail,2022-01-18,Vadodara,Gujarat,West
CUST05085,Dominic Nazareth,Male,57,SME,2024-09-01,New Delhi,Delhi,North
CUST05086,Guneet Peri,Male,18,SME,2025-09-20,Siliguri,West Bengal,East
CUST05087,Upkaar Bansal,Male,35,Corporate,2022-10-16,Nagpur,Maharashtra,West
CUST05088,Arunima Bahl,Male,21,Corporate,2023-06-06,Siliguri,West Bengal,East
CUST05089,Hema Bajwa,Male,44,Education,2022-12-21,Coimbatore,Tamil Nadu,South
CUST05090,Vihaan Narayanan,Female,58,Education,2025-09-06,Kolkata,West Bengal,East
CUST05091,Pooja Singh,Male,61,Retail,2023-07-06,Nagpur,Maharashtra,West
CUST05092,Samar Babu,Male,24,Education,2023-07-24,Vadodara,Gujarat,West
CUST05093,Onveer Munshi,Male,59,Government,2023-10-20,Nagpur,Maharashtra,West
CUST05094,Anirudh Pradhan,Male,30,Education,2024-12-26,Coimbatore,Tamil Nadu,South
CUST05095,Harshil Hora,Female,21,Government,2021-08-21,Bengaluru,Karnataka,South
CUST05096,Bina Solanki,Female,20,Education,2023-04-27,Warangal,Telangana,South
CUST05097,Tanveer Jain,Male,50,Government,2023-07-01,Bengaluru,Karnataka,South
CUST05098,Jalsa Golla,Male,47,Corporate,2022-07-25,Mangaluru,Karnataka,South
CUST05099,William Raval,Male,56,Education,2022-02-28,New Delhi,Delhi,North
CUST05100,Jyoti Saraf,Female,37,Government,2025-02-14,Kolkata,West Bengal,East
CUST05101,Diya Seth,Male,47,Corporate,2025-09-09,Ahmedabad,Gujarat,West
CUST05102,Wazir Sahota,Male,59,Education,2023-02-02,Siliguri,West Bengal,East
CUST05103,Gagan Uppal,Male,44,Government,2024-02-21,Mumbai,Maharashtra,West
CUST05104,Indrajit Sehgal,Male,64,Government,2022-05-24,Mysuru,Karnataka,South
CUST05105,Amara Rao,Male,48,Education,2025-05-24,New Delhi,Delhi,North
CUST05106,Ijaya Grover,Male,53,Retail,2021-11-26,New Delhi,Delhi,North
CUST05107,Balendra Dugal,Male,33,Government,2022-03-17,Kolkata,West Bengal,East
CUST05108,Vedika Sanghvi,Male,58,Corporate,2021-12-11,Coimbatore,Tamil Nadu,South
CUST05109,Atharv Rege,Female,35,SME,2023-03-17,New Delhi,Delhi,North
CUST05110,Faris Parsa,Female,58,Corporate,2022-01-21,Thiruvananthapuram,Kerala,South
CUST05111,Hemangini Varughese,Female,18,Retail,2021-10-11,Pune,Maharashtra,West
CUST05112,Qabil Bhavsar,Female,60,Corporate,2025-08-13,Hyderabad,Telangana,South
CUST05113,Chakradev Swamy,Female,31,Education,2025-03-19,Mumbai,Maharashtra,West
CUST05114,Lila Palla,Male,27,Corporate,2023-12-19,Indore,Madhya Pradesh,Central
CUST05115,Isaac Sachdev,Male,18,Corporate,2023-08-28,Amritsar,Punjab,North
CUST05116,Ryan Bala,Female,43,Retail,2023-05-19,Siliguri,West Bengal,East
CUST05117,Jeet Palla,Female,59,Education,2022-08-19,Kozhikode,Kerala,South
CUST05118,Ryan Pandit,Female,33,Education,2024-07-17,Bengaluru,Karnataka,South
CUST05119,Bhavika Dey,Female,20,SME,2024-08-07,Ahmedabad,Gujarat,West
CUST05120,Yatin Tank,Female,34,Government,2022-09-28,Ahmedabad,Gujarat,West
CUST05121,Simon Lalla,Female,41,SME,2021-07-24,Madurai,Tamil Nadu,South
CUST05122,Mekhala Choudhary,Female,62,SME,2024-12-11,Bengaluru,Karnataka,South
CUST05123,Jackson Raj,Male,40,Government,2023-08-16,Kolkata,West Bengal,East
CUST05124,Oviya Mitter,Male,51,SME,2024-09-13,Amritsar,Punjab,North
CUST05125,Varenya Lata,Female,44,Corporate,2025-06-28,Nagpur,Maharashtra,West
CUST05126,Chakradhar Dara,Male,45,Retail,2023-07-22,Kochi,Kerala,South
CUST05127,Sachi Badami,Female,56,Government,2024-08-06,New Delhi,Delhi,North
CUST05128,Lavanya Narayan,Female,55,Retail,2026-01-02,Siliguri,West Bengal,East
CUST05129,Onkar Ben,Female,54,Education,2023-02-03,Warangal,Telangana,South
CUST05130,Wazir Batta,Male,34,Corporate,2023-09-15,Hyderabad,Telangana,South
CUST05131,Hamsini Zachariah,Male,28,Education,2021-12-08,Bhopal,Madhya Pradesh,Central
CUST05132,Ekiya Viswanathan,Male,42,Education,2025-08-20,Indore,Madhya Pradesh,Central
CUST05133,Onveer Sood,Female,54,Government,2023-10-01,New Delhi,Delhi,North
CUST05134,Lajita Bhalla,Male,40,Education,2024-02-21,New Delhi,Delhi,North
CUST05135,Dipta Chawla,Male,31,SME,2025-06-26,Indore,Madhya Pradesh,Central
CUST05136,Reva Talwar,Female,53,Government,2022-08-04,Siliguri,West Bengal,East
CUST05137,Mekhala Ray,Female,57,Corporate,2022-11-03,Amritsar,Punjab,North
CUST05138,Falan Bajwa,Male,37,Retail,2022-12-08,Surat,Gujarat,West
CUST05139,Jagat Borah,Male,21,Government,2024-12-02,Thiruvananthapuram,Kerala,South
CUST05140,Odika Varma,Male,24,SME,2022-06-07,Nagpur,Maharashtra,West
CUST05141,Ekani Saini,Male,56,Retail,2023-04-20,Kozhikode,Kerala,South
CUST05142,Naveen Mammen,Female,18,Retail,2024-08-16,Hyderabad,Telangana,South
CUST05143,Varenya Raval,Female,37,Retail,2025-12-09,Bengaluru,Karnataka,South
CUST05144,Keya Mander,Male,57,Retail,2024-03-05,Amritsar,Punjab,North
CUST05145,Bishakha Mohanty,Male,20,SME,2024-12-20,Nagpur,Maharashtra,West
CUST05146,Chanchal Chadha,Male,37,Retail,2024-06-04,Indore,Madhya Pradesh,Central
CUST05147,Akshay Setty,Female,38,Corporate,2025-10-01,Bengaluru,Karnataka,South
CUST05148,Zarna Sankaran,Male,20,Government,2025-12-03,Siliguri,West Bengal,East
CUST05149,Falguni Bali,Female,60,Education,2022-04-28,Bhopal,Madhya Pradesh,Central
CUST05150,Tarak Narayan,Male,36,Retail,2025-10-11,Mumbai,Maharashtra,West
CUST05151,Jairaj Bhardwaj,Male,21,Government,2025-08-05,Vadodara,Gujarat,West
CUST05152,Daksh Palan,Female,32,Retail,2025-01-24,Hyderabad,Telangana,South
CUST05153,Unni Gokhale,Female,45,Government,2024-02-16,Bhopal,Madhya Pradesh,Central
CUST05154,Om Natarajan,Female,53,Government,2024-05-26,Madurai,Tamil Nadu,South
CUST05155,Yashvi Basak,Male,59,SME,2026-03-30,New Delhi,Delhi,North
CUST05156,Nathaniel Kaul,Male,23,Education,2024-02-12,New Delhi,Delhi,North
CUST05157,Damyanti Bains,Male,46,Government,2024-02-18,Ahmedabad,Gujarat,West
CUST05158,Onkar Master,Male,51,Education,2026-02-10,New Delhi,Delhi,North
CUST05159,Aarav Saini,Female,27,SME,2021-12-14,Bhopal,Madhya Pradesh,Central
CUST05160,Lakshmi Dave,Male,37,Education,2026-04-02,Mysuru,Karnataka,South
CUST05161,Reyansh Nadig,Male,38,Corporate,2023-05-05,Mumbai,Maharashtra,West
CUST05162,Ganga Atwal,Male,48,Government,2025-12-02,Madurai,Tamil Nadu,South
CUST05163,Nitara Sandhu,Male,18,Retail,2022-06-09,Surat,Gujarat,West
CUST05164,Ria Parmar,Female,30,Corporate,2022-01-22,Amritsar,Punjab,North
CUST05165,Yatin Sibal,Female,21,Corporate,2023-11-30,Coimbatore,Tamil Nadu,South
CUST05166,Arin Mandal,Male,20,Corporate,2026-02-26,New Delhi,Delhi,North
CUST05167,Gaurav Sandal,Male,55,Corporate,2024-03-09,Vadodara,Gujarat,West
CUST05168,Yuvraj Brahmbhatt,Male,31,Education,2026-04-13,Siliguri,West Bengal,East
CUST05169,Aditya Toor,Female,64,Corporate,2022-06-26,Bengaluru,Karnataka,South
CUST05170,Lakshit Kapoor,Female,46,SME,2026-06-21,Pune,Maharashtra,West
CUST05171,Jalsa Sehgal,Female,49,Education,2023-09-10,Kolkata,West Bengal,East
CUST05172,Devika Khanna,Female,26,Corporate,2023-11-23,Mysuru,Karnataka,South
CUST05173,Arjun Dhillon,Male,62,Education,2026-01-12,Ahmedabad,Gujarat,West
CUST05174,Urmi Prabhu,Male,56,Retail,2025-05-20,New Delhi,Delhi,North
CUST05175,Naksh Nagar,Female,23,Education,2021-08-04,Ludhiana,Punjab,North
CUST05176,Adweta Dube,Male,52,Government,2024-03-24,Kozhikode,Kerala,South
CUST05177,Krishna Ghose,Female,40,Education,2024-10-30,Ahmedabad,Gujarat,West
CUST05178,Leela Yogi,Male,56,Retail,2021-10-27,Thiruvananthapuram,Kerala,South
CUST05179,Gagan Badami,Male,40,SME,2023-03-27,Siliguri,West Bengal,East
CUST05180,Bakhshi Gill,Male,38,Education,2023-07-04,Kolkata,West Bengal,East
CUST05181,Nachiket Golla,Female,60,SME,2023-06-03,Pune,Maharashtra,West
CUST05182,Henry Agrawal,Male,43,Retail,2025-07-04,Kozhikode,Kerala,South
CUST05183,Zaid Thaman,Male,21,SME,2021-07-17,Amritsar,Punjab,North
CUST05184,Ati Vala,Male,18,SME,2022-06-22,Mangaluru,Karnataka,South
CUST05185,Jagvi Kothari,Male,52,SME,2021-09-15,Surat,Gujarat,West
CUST05186,Harshil Yadav,Male,29,Retail,2025-04-06,Bengaluru,Karnataka,South
CUST05187,Hiral Sha,Male,55,Education,2026-06-22,Kolkata,West Bengal,East
CUST05188,Upkaar Chana,Male,33,Government,2022-06-04,New Delhi,Delhi,North
CUST05189,Varsha Murty,Female,61,SME,2025-08-22,Vadodara,Gujarat,West
CUST05190,Harshil Virk,Female,52,Government,2025-11-09,Mangaluru,Karnataka,South
CUST05191,Bhavya Acharya,Female,38,Corporate,2023-06-18,Bengaluru,Karnataka,South
CUST05192,Baljiwan Mand,Male,42,SME,2025-08-25,Bhopal,Madhya Pradesh,Central
CUST05193,Leela Sarna,Male,64,Corporate,2022-06-26,New Delhi,Delhi,North
CUST05194,Siddharth Johal,Female,26,Corporate,2023-08-08,Vadodara,Gujarat,West
CUST05195,Adweta Shanker,Female,37,SME,2021-08-07,Bengaluru,Karnataka,South
CUST05196,Chaitanya Babu,Male,45,Education,2025-11-22,Mangaluru,Karnataka,South
CUST05197,Yauvani Choudhry,Female,20,Government,2022-01-23,Mangaluru,Karnataka,South
CUST05198,Bina Sheth,Male,56,Government,2022-11-09,Hyderabad,Telangana,South
CUST05199,Neha Samra,Female,32,Retail,2022-06-21,Madurai,Tamil Nadu,South
CUST05200,Elijah Bhasin,Male,42,Education,2026-05-30,Chennai,Tamil Nadu,South
CUST05201,Max Chakrabarti,Female,52,SME,2023-10-31,Chennai,Tamil Nadu,South
CUST05202,Anusha Khurana,Male,39,Corporate,2024-10-23,Siliguri,West Bengal,East
CUST05203,Ishaan Balakrishnan,Male,60,Retail,2021-12-03,New Delhi,Delhi,North
CUST05204,Manbir Sen,Female,20,SME,2022-09-15,Madurai,Tamil Nadu,South
CUST05205,Chandran Joshi,Male,19,SME,2021-09-02,Ludhiana,Punjab,North
CUST05206,Dhriti Ray,Female,61,Retail,2022-12-11,Kozhikode,Kerala,South
CUST05207,Harshil Lala,Female,41,SME,2022-02-04,Amritsar,Punjab,North
CUST05208,Urmi Grover,Male,52,Corporate,2021-10-23,Pune,Maharashtra,West
CUST05209,Aarna Sankar,Female,22,SME,2021-09-22,Kochi,Kerala,South
CUST05210,Ethan Pillai,Female,64,Corporate,2025-08-08,New Delhi,Delhi,North
CUST05211,Tanmayi Bail,Female,49,Education,2021-12-21,Bhopal,Madhya Pradesh,Central
CUST05212,Madhavi Issac,Female,29,Corporate,2022-06-28,New Delhi,Delhi,North
CUST05213,Kala Mahal,Female,18,SME,2023-09-03,Vadodara,Gujarat,West
CUST05214,Vasana Ganesan,Male,65,Education,2024-05-06,Kochi,Kerala,South
CUST05215,Mugdha Iyer,Female,19,Corporate,2023-10-08,Madurai,Tamil Nadu,South
CUST05216,Rohan Bhavsar,Female,18,Corporate,2025-09-03,Surat,Gujarat,West
CUST05217,Charan Borde,Male,39,Retail,2023-04-14,New Delhi,Delhi,North
CUST05218,Lavanya Tiwari,Male,43,Education,2022-11-18,New Delhi,Delhi,North
CUST05219,Chaaya Bakshi,Male,41,Retail,2024-06-23,Thiruvananthapuram,Kerala,South
CUST05220,Kabir Pal,Male,59,Education,2022-06-04,Karimnagar,Telangana,South
CUST05221,Kashish Gera,Male,18,Corporate,2024-10-15,Mumbai,Maharashtra,West
CUST05222,Dhriti Pillay,Male,28,Retail,2026-03-13,Indore,Madhya Pradesh,Central
CUST05223,Michael Dewan,Male,27,SME,2024-10-15,Kozhikode,Kerala,South
CUST05224,Gaurika Dubey,Female,39,Corporate,2024-04-07,Hyderabad,Telangana,South
CUST05225,Jacob Sagar,Female,54,Education,2023-08-03,Thiruvananthapuram,Kerala,South
CUST05226,Tarak Ganesan,Male,25,Government,2023-07-29,Bhopal,Madhya Pradesh,Central
CUST05227,Ria Sastry,Male,21,Government,2022-11-27,Warangal,Telangana,South
CUST05228,Benjamin Pandya,Male,26,Education,2024-05-24,Siliguri,West Bengal,East
CUST05229,Pavani Mann,Female,60,SME,2025-04-29,Surat,Gujarat,West
CUST05230,Ekansh Shah,Male,20,SME,2024-04-06,Pune,Maharashtra,West
CUST05231,Harini Hayre,Female,62,SME,2024-04-02,Nagpur,Maharashtra,West
CUST05232,Balendra Upadhyay,Male,25,Government,2022-04-03,Ahmedabad,Gujarat,West
CUST05233,Arya Chakrabarti,Male,63,Government,2025-02-21,Mangaluru,Karnataka,South
CUST05234,Isha Sur,Female,58,SME,2022-12-25,Bhopal,Madhya Pradesh,Central
CUST05235,Ladli Oza,Female,36,SME,2026-03-11,Kolkata,West Bengal,East
CUST05236,Atharv Som,Male,28,Government,2024-12-09,New Delhi,Delhi,North
CUST05237,Lopa Batta,Male,49,Government,2022-11-03,Ahmedabad,Gujarat,West
CUST05238,Odika Sami,Female,62,Education,2026-05-12,Ludhiana,Punjab,North
CUST05239,Ryan Sawhney,Male,44,Retail,2021-12-21,New Delhi,Delhi,North
CUST05240,Tanvi Soni,Female,52,Education,2025-03-14,New Delhi,Delhi,North
CUST05241,Peter Pathak,Male,36,Education,2025-12-14,Mysuru,Karnataka,South
CUST05242,Ekapad Pandya,Female,19,Corporate,2022-06-25,Warangal,Telangana,South
CUST05243,Shaurya Yohannan,Male,41,Government,2024-09-12,Thiruvananthapuram,Kerala,South
CUST05244,Nimrat Jha,Male,41,Corporate,2022-01-17,Ahmedabad,Gujarat,West
CUST05245,Jyoti Naik,Female,32,Retail,2021-08-05,Bengaluru,Karnataka,South
CUST05246,Sneha Korpal,Male,38,Education,2026-01-01,New Delhi,Delhi,North
CUST05247,Zarna Bassi,Female,54,Retail,2023-07-01,Mysuru,Karnataka,South
CUST05248,Onkar Dugar,Male,34,SME,2022-03-21,Ahmedabad,Gujarat,West
CUST05249,Sai Suresh,Male,55,SME,2025-08-12,Chennai,Tamil Nadu,South
CUST05250,Faris Bali,Female,21,Education,2022-10-24,Pune,Maharashtra,West
CUST05251,Girish Kibe,Female,31,Retail,2025-01-06,Nagpur,Maharashtra,West
CUST05252,Darpan Ahuja,Female,55,Retail,2025-03-19,Vadodara,Gujarat,West
CUST05253,Siya Yogi,Female,25,Government,2022-03-02,Vadodara,Gujarat,West
CUST05254,Harita Chand,Female,45,SME,2024-10-18,Madurai,Tamil Nadu,South
CUST05255,Ridhi Parmar,Female,39,Education,2025-08-14,New Delhi,Delhi,North
CUST05256,Forum Nayak,Male,30,SME,2023-01-01,Madurai,Tamil Nadu,South
CUST05257,Lekha Vig,Female,58,Government,2022-10-17,Bhopal,Madhya Pradesh,Central
CUST05258,Vasana Trivedi,Male,41,Education,2024-03-24,Amritsar,Punjab,North
CUST05259,Nakul Hans,Male,65,Education,2025-05-05,Bengaluru,Karnataka,South
CUST05260,Panini Srinivas,Female,33,Retail,2025-10-31,Ludhiana,Punjab,North
CUST05261,Gunbir Vaidya,Male,28,Retail,2025-03-03,Madurai,Tamil Nadu,South
CUST05262,Janaki Varughese,Female,49,Corporate,2025-07-13,Bhopal,Madhya Pradesh,Central
CUST05263,Chandran Tella,Male,62,Government,2023-02-20,Kochi,Kerala,South
CUST05264,Chatresh Bhavsar,Male,31,Government,2022-01-17,Ludhiana,Punjab,North
CUST05265,Oviya Mahal,Female,20,Corporate,2024-12-14,New Delhi,Delhi,North
CUST05266,Theodore Shere,Female,33,Corporate,2022-01-21,Kolkata,West Bengal,East
CUST05267,Yagnesh Morar,Female,57,Government,2021-11-08,New Delhi,Delhi,North
CUST05268,Elijah Garg,Male,46,Education,2024-02-23,Warangal,Telangana,South
CUST05269,Aadhya Keer,Male,32,Government,2021-08-17,Kozhikode,Kerala,South
CUST05270,Januja Thakkar,Male,20,Corporate,2022-08-22,Vadodara,Gujarat,West
CUST05271,Warinder Chawla,Male,19,Government,2025-07-24,Kozhikode,Kerala,South
CUST05272,Mekhala Misra,Male,22,Education,2021-09-22,Coimbatore,Tamil Nadu,South
CUST05273,Triveni Kalla,Male,29,Government,2025-10-05,Indore,Madhya Pradesh,Central
CUST05274,Hamsini Desai,Male,31,SME,2023-08-23,Pune,Maharashtra,West
CUST05275,Samarth Nagi,Male,56,Retail,2023-09-19,Ludhiana,Punjab,North
CUST05276,Radhika Kata,Female,23,SME,2025-10-20,Amritsar,Punjab,North
CUST05277,Yatin Samra,Female,26,Education,2021-12-01,Nagpur,Maharashtra,West
CUST05278,Wriddhish Dhillon,Female,45,Government,2021-11-24,Mysuru,Karnataka,South
CUST05279,Yutika Grover,Male,53,Corporate,2025-04-25,Indore,Madhya Pradesh,Central
CUST05280,Darpan Narayanan,Male,63,Education,2024-07-06,Chennai,Tamil Nadu,South
CUST05281,Ira Lala,Male,61,Corporate,2024-08-17,Mumbai,Maharashtra,West
CUST05282,Avi Buch,Male,26,Education,2023-04-05,Warangal,Telangana,South
CUST05283,Rachana Agrawal,Female,31,Corporate,2023-01-24,Amritsar,Punjab,North
CUST05284,Siya Dewan,Male,43,Education,2021-10-21,Coimbatore,Tamil Nadu,South
CUST05285,Saumya Deol,Female,19,Education,2022-06-05,Nagpur,Maharashtra,West
CUST05286,Varenya Chakrabarti,Female,21,Corporate,2022-11-18,Bengaluru,Karnataka,South
CUST05287,Balveer Seth,Female,57,SME,2022-05-18,New Delhi,Delhi,North
CUST05288,Manya Saha,Female,26,SME,2025-08-28,Karimnagar,Telangana,South
CUST05289,Aarav Andra,Male,58,Education,2024-10-10,Madurai,Tamil Nadu,South
CUST05290,Laksh Kapoor,Male,26,Education,2026-04-13,Nagpur,Maharashtra,West
CUST05291,Yashoda Vasa,Female,48,SME,2022-11-03,Mumbai,Maharashtra,West
CUST05292,Kamya Warrior,Female,47,Education,2026-04-06,Kolkata,West Bengal,East
CUST05293,Krishna Dar,Male,45,Corporate,2024-11-17,Warangal,Telangana,South
CUST05294,Anthony Sangha,Male,63,Education,2025-02-09,Bengaluru,Karnataka,South
CUST05295,Bhavna Mitter,Female,58,Education,2022-10-11,Kozhikode,Kerala,South
CUST05296,Aadi Suresh,Male,36,Government,2021-09-23,Pune,Maharashtra,West
CUST05297,Ekansh Banik,Female,56,Education,2022-10-30,Amritsar,Punjab,North
CUST05298,Netra Bose,Male,51,Corporate,2021-07-07,Indore,Madhya Pradesh,Central
CUST05299,Ranbir Sant,Female,56,Retail,2022-02-28,Bhopal,Madhya Pradesh,Central
CUST05300,Indali Ramanathan,Female,20,Government,2023-06-05,Nagpur,Maharashtra,West
CUST05301,Faris Sule,Female,18,SME,2023-01-28,Bhopal,Madhya Pradesh,Central
CUST05302,Harshil Choudhry,Male,44,Education,2026-06-09,Indore,Madhya Pradesh,Central
CUST05303,Anya Apte,Male,26,Corporate,2022-06-04,Mumbai,Maharashtra,West
CUST05304,Indira Jaggi,Female,24,Corporate,2023-03-31,Bhopal,Madhya Pradesh,Central
CUST05305,Naveen Kapur,Male,60,Retail,2023-09-23,Chennai,Tamil Nadu,South
CUST05306,Kalpit Chakrabarti,Female,53,SME,2022-06-28,Vadodara,Gujarat,West
CUST05307,Christopher Bhatia,Male,18,Retail,2024-09-05,Thiruvananthapuram,Kerala,South
CUST05308,Jatin Seshadri,Female,45,Corporate,2023-12-23,Karimnagar,Telangana,South
CUST05309,Jonathan Sani,Female,49,SME,2022-12-30,Hyderabad,Telangana,South
CUST05310,Chatura Kumer,Male,39,Education,2023-11-14,Karimnagar,Telangana,South
CUST05311,Amara Vig,Male,50,Government,2022-04-28,Amritsar,Punjab,North
CUST05312,Sai Swaminathan,Male,31,Education,2025-11-06,Kolkata,West Bengal,East
CUST05313,Yochana Tata,Male,39,Government,2026-01-14,Siliguri,West Bengal,East
CUST05314,Bhavika Koshy,Female,51,Retail,2024-11-15,Mumbai,Maharashtra,West
CUST05315,Yutika Kohli,Male,62,SME,2024-01-23,New Delhi,Delhi,North
CUST05316,Raghav Subramanian,Female,37,Education,2023-07-15,Bhopal,Madhya Pradesh,Central
CUST05317,Aadhya Chacko,Female,19,SME,2025-12-13,Bhopal,Madhya Pradesh,Central
CUST05318,Amara Grewal,Female,57,SME,2024-10-09,Siliguri,West Bengal,East
CUST05319,Laksh Rattan,Male,61,Government,2024-08-24,Bhopal,Madhya Pradesh,Central
CUST05320,Yahvi Ghose,Female,27,Corporate,2024-04-09,Kochi,Kerala,South
CUST05321,Ayaan Swamy,Male,52,Retail,2025-02-13,New Delhi,Delhi,North
CUST05322,Yug Bedi,Female,23,Education,2025-08-17,Indore,Madhya Pradesh,Central
CUST05323,Widisha Tiwari,Male,24,Education,2022-05-22,New Delhi,Delhi,North
CUST05324,Unnati Kunda,Female,64,Education,2026-01-07,Surat,Gujarat,West
CUST05325,Hardik Oak,Female,39,Education,2022-07-29,Siliguri,West Bengal,East
CUST05326,Harinakshi Mane,Female,38,SME,2023-11-15,Siliguri,West Bengal,East
CUST05327,Wyatt Devi,Male,29,SME,2023-09-11,Amritsar,Punjab,North
CUST05328,Hritik Vohra,Female,18,Retail,2022-07-13,Amritsar,Punjab,North
CUST05329,Yagnesh Hayer,Female,39,Government,2025-07-12,Mysuru,Karnataka,South
CUST05330,Krish Sur,Female,61,Retail,2026-04-03,New Delhi,Delhi,North
CUST05331,Ethan Mall,Female,42,SME,2023-05-15,Ahmedabad,Gujarat,West
CUST05332,Yachana Sagar,Male,27,Corporate,2025-04-30,Pune,Maharashtra,West
CUST05333,Tarak Prashad,Female,22,Government,2022-03-21,Pune,Maharashtra,West
CUST05334,Aarush Sastry,Female,18,Corporate,2025-06-27,Bhopal,Madhya Pradesh,Central
CUST05335,Kashish Samra,Female,52,Education,2023-12-14,Kochi,Kerala,South
CUST05336,Peter Sood,Male,38,Education,2024-02-16,Mangaluru,Karnataka,South
CUST05337,Charita Rajagopal,Male,46,Retail,2022-11-19,Mangaluru,Karnataka,South
CUST05338,Robert Dube,Male,20,Government,2021-11-18,Thiruvananthapuram,Kerala,South
CUST05339,Zehaan Balasubramanian,Male,31,Government,2022-05-05,Pune,Maharashtra,West
CUST05340,Manya Dave,Male,20,SME,2021-12-14,New Delhi,Delhi,North
CUST05341,Aarush Sehgal,Male,19,Government,2022-12-28,Mangaluru,Karnataka,South
CUST05342,Rayaan Bobal,Male,31,SME,2021-07-03,Nagpur,Maharashtra,West
CUST05343,Lekha Dhingra,Female,58,Retail,2026-03-15,Indore,Madhya Pradesh,Central
CUST05344,Triveni Yadav,Female,54,Education,2022-10-31,Bhopal,Madhya Pradesh,Central
CUST05345,Onkar Bains,Female,27,Government,2022-05-17,Warangal,Telangana,South
CUST05346,Girindra Goel,Male,41,Education,2024-12-27,Mumbai,Maharashtra,West
CUST05347,Ekantika Upadhyay,Male,37,SME,2025-01-20,Bhopal,Madhya Pradesh,Central
CUST05348,Upkaar Mahal,Male,40,Education,2025-06-02,Mysuru,Karnataka,South
CUST05349,Yoshita Sarin,Male,54,SME,2023-02-25,Amritsar,Punjab,North
CUST05350,Sai More,Female,61,Retail,2021-08-17,Ludhiana,Punjab,North
CUST05351,Kritika Kamdar,Male,26,Education,2025-07-26,Vadodara,Gujarat,West
CUST05352,Anika Buch,Female,35,Corporate,2026-05-11,Bengaluru,Karnataka,South
CUST05353,Vasatika Bera,Male,40,Government,2026-05-09,Bengaluru,Karnataka,South
CUST05354,Urishilla Misra,Female,51,SME,2025-12-29,Indore,Madhya Pradesh,Central
CUST05355,Advik Merchant,Female,30,SME,2026-02-13,Indore,Madhya Pradesh,Central
CUST05356,Gaurangi Lad,Male,24,Government,2025-12-28,Hyderabad,Telangana,South
CUST05357,Arin Bava,Female,36,Government,2022-07-01,Amritsar,Punjab,North
CUST05358,Vamakshi Nair,Female,57,SME,2025-05-26,New Delhi,Delhi,North
CUST05359,Wazir Khanna,Female,22,Government,2026-04-18,Madurai,Tamil Nadu,South
CUST05360,Odika Vasa,Male,30,Retail,2026-05-06,New Delhi,Delhi,North
CUST05361,Aarav Shere,Female,59,Government,2023-09-13,Kolkata,West Bengal,East
CUST05362,Abeer Bora,Male,54,Education,2023-05-23,New Delhi,Delhi,North
CUST05363,Mitesh Golla,Male,28,Education,2023-05-23,Hyderabad,Telangana,South
CUST05364,Hiral Manne,Female,64,Government,2023-12-08,Mangaluru,Karnataka,South
CUST05365,Bahadurjit Luthra,Male,47,Education,2024-11-27,New Delhi,Delhi,North
CUST05366,Darika Rajan,Male,24,Education,2024-06-02,Amritsar,Punjab,North
CUST05367,Isaiah Chaudhary,Male,42,Education,2021-08-11,Kozhikode,Kerala,South
CUST05368,Advika Anand,Male,60,Retail,2024-03-15,Karimnagar,Telangana,South
CUST05369,Ikshita Pall,Male,47,Government,2023-06-17,Ahmedabad,Gujarat,West
CUST05370,Patrick Narang,Female,27,Education,2023-08-02,Kolkata,West Bengal,East
CUST05371,Chandran Dhillon,Female,44,Government,2024-03-10,Surat,Gujarat,West
CUST05372,Jack Sane,Female,27,Corporate,2021-10-29,Kolkata,West Bengal,East
CUST05373,Ridhi Pradhan,Male,32,Education,2022-12-12,Warangal,Telangana,South
CUST05374,Ishaan D’Alia,Male,27,Corporate,2024-07-16,Coimbatore,Tamil Nadu,South
CUST05375,Owen Rai,Male,20,Education,2025-08-12,Thiruvananthapuram,Kerala,South
CUST05376,Ridhi Dhingra,Female,21,Government,2024-04-09,Surat,Gujarat,West
CUST05377,Vivaan Bhargava,Female,55,SME,2025-12-15,Pune,Maharashtra,West
CUST05378,Manthan Bora,Female,44,Education,2022-12-18,Mumbai,Maharashtra,West
CUST05379,Amaira Kohli,Male,55,Government,2022-08-15,Surat,Gujarat,West
CUST05380,Michael Dugal,Male,46,Corporate,2024-06-25,Madurai,Tamil Nadu,South
CUST05381,Advika Panchal,Female,55,Retail,2025-11-11,Ludhiana,Punjab,North
CUST05382,Mitesh Dyal,Male,53,Government,2023-10-09,Surat,Gujarat,West
CUST05383,Divya Peri,Female,28,Education,2024-06-28,Pune,Maharashtra,West
CUST05384,Upasna Singh,Female,53,Government,2025-10-26,Kolkata,West Bengal,East
CUST05385,Ubika Chand,Male,51,Retail,2023-02-17,Amritsar,Punjab,North
CUST05386,Deepa Oza,Female,43,Retail,2024-02-03,Hyderabad,Telangana,South
CUST05387,Omya Soman,Female,61,Retail,2022-05-05,Hyderabad,Telangana,South
CUST05388,Tanvi Biswas,Male,58,SME,2024-04-01,Hyderabad,Telangana,South
CUST05389,Chandran Samra,Male,27,Government,2022-08-20,Madurai,Tamil Nadu,South
CUST05390,Janaki Bains,Male,50,Corporate,2025-06-05,Siliguri,West Bengal,East
CUST05391,Mahika Reddy,Female,18,Education,2026-01-03,Mangaluru,Karnataka,South
CUST05392,Thomas Desai,Male,21,Education,2024-03-02,New Delhi,Delhi,North
CUST05393,Vrinda Lal,Male,48,Corporate,2025-03-10,Indore,Madhya Pradesh,Central
CUST05394,Urvashi Singhal,Female,53,Government,2026-05-18,Indore,Madhya Pradesh,Central
CUST05395,Teerth Palla,Female,63,Government,2026-01-05,Kochi,Kerala,South
CUST05396,Alka Karpe,Female,20,Corporate,2023-01-20,New Delhi,Delhi,North
CUST05397,Yuvraj Sama,Female,49,SME,2021-10-18,Ahmedabad,Gujarat,West
CUST05398,Netra Agate,Male,30,SME,2025-04-09,Amritsar,Punjab,North
CUST05399,Jeevika Jhaveri,Female,18,Education,2024-05-20,Vadodara,Gujarat,West
CUST05400,Kavya Srinivasan,Male,28,Corporate,2023-09-11,Ludhiana,Punjab,North
CUST05401,Eta Shankar,Female,39,Retail,2024-07-24,Coimbatore,Tamil Nadu,South
CUST05402,Balendra Raghavan,Male,40,Corporate,2024-04-12,Surat,Gujarat,West
CUST05403,Reyansh Varughese,Female,57,Government,2025-05-20,Madurai,Tamil Nadu,South
CUST05404,Sanya Bava,Female,63,SME,2021-11-08,Kozhikode,Kerala,South
CUST05405,Gaurangi Maharaj,Female,41,Government,2023-12-13,Mumbai,Maharashtra,West
CUST05406,Hitesh Zachariah,Male,22,SME,2025-09-11,Kolkata,West Bengal,East
CUST05407,Zinal Bhattacharyya,Female,21,Retail,2024-04-25,Coimbatore,Tamil Nadu,South
CUST05408,Orinder Varkey,Female,21,Corporate,2022-06-12,Hyderabad,Telangana,South
CUST05409,Jeevika Pal,Male,38,Education,2025-04-27,New Delhi,Delhi,North
CUST05410,Triveni Subramaniam,Male,55,Education,2024-01-25,Kolkata,West Bengal,East
CUST05411,Radha Tandon,Male,27,Corporate,2022-05-02,Amritsar,Punjab,North
CUST05412,Harish Anne,Female,40,Education,2023-05-15,Nagpur,Maharashtra,West
CUST05413,Tristan Wason,Female,44,Education,2026-06-25,Siliguri,West Bengal,East
CUST05414,Krisha Din,Male,32,Education,2024-08-06,Bhopal,Madhya Pradesh,Central
CUST05415,Wriddhish Nayar,Male,22,Education,2022-12-04,New Delhi,Delhi,North
CUST05416,Rachit Kuruvilla,Female,48,Corporate,2022-12-30,Kochi,Kerala,South
CUST05417,Chanakya Parekh,Male,40,Government,2023-10-15,Ludhiana,Punjab,North
CUST05418,Hardik Ray,Female,63,Corporate,2023-11-06,Amritsar,Punjab,North
CUST05419,Suhani Misra,Female,32,Retail,2022-08-22,Indore,Madhya Pradesh,Central
CUST05420,Janani Virk,Male,63,Retail,2022-03-13,Siliguri,West Bengal,East
CUST05421,Charvi Gade,Male,39,Government,2024-05-15,Karimnagar,Telangana,South
CUST05422,Megha Shetty,Female,59,Corporate,2022-07-13,Vadodara,Gujarat,West
CUST05423,Ojasvi Sarin,Male,37,Retail,2026-02-07,Kochi,Kerala,South
CUST05424,Nilima Rege,Male,53,SME,2022-08-20,New Delhi,Delhi,North
CUST05425,Yahvi Kamdar,Male,55,Education,2022-04-01,Nagpur,Maharashtra,West
CUST05426,Pranit Agate,Female,31,SME,2021-12-21,New Delhi,Delhi,North
CUST05427,Arjun Wable,Female,63,SME,2023-01-18,Pune,Maharashtra,West
CUST05428,Triveni Nadkarni,Male,40,Government,2023-12-30,New Delhi,Delhi,North
CUST05429,Christopher Karnik,Female,59,Retail,2022-03-18,Vadodara,Gujarat,West
CUST05430,Sanya Amble,Male,45,Retail,2025-10-11,Amritsar,Punjab,North
CUST05431,Ekanta Divan,Female,18,Corporate,2024-12-24,Ludhiana,Punjab,North
CUST05432,Vidhi Bala,Male,43,Government,2026-01-17,Hyderabad,Telangana,South
CUST05433,Nitara Batra,Female,24,Corporate,2023-02-08,Kolkata,West Bengal,East
CUST05434,Osha Gala,Female,42,Retail,2023-05-11,Pune,Maharashtra,West
CUST05435,Damini Thaker,Male,62,Education,2023-11-15,Bhopal,Madhya Pradesh,Central
CUST05436,Warda Lanka,Male,65,Corporate,2022-03-19,Amritsar,Punjab,North
CUST05437,Hemani Rege,Female,36,Corporate,2024-03-15,Indore,Madhya Pradesh,Central
CUST05438,Sai Suri,Male,45,SME,2024-01-31,Kochi,Kerala,South
CUST05439,Wriddhish Bumb,Female,63,Corporate,2022-04-20,Mangaluru,Karnataka,South
CUST05440,Jagat Mistry,Male,44,Education,2022-10-01,Madurai,Tamil Nadu,South
CUST05441,Yashawini Toor,Male,56,Education,2021-07-20,Amritsar,Punjab,North
CUST05442,Saanvi Khalsa,Female,22,Retail,2026-02-04,New Delhi,Delhi,North
CUST05443,Lucky Sampath,Female,33,SME,2023-02-28,Warangal,Telangana,South
CUST05444,Madhavi Mann,Male,26,Corporate,2025-08-07,Hyderabad,Telangana,South
CUST05445,Wahab Mitter,Male,22,Corporate,2025-07-19,Thiruvananthapuram,Kerala,South
CUST05446,Vasana Deshpande,Male,44,Education,2022-06-29,Amritsar,Punjab,North
CUST05447,Gayathri Venkatesh,Male,24,Education,2024-02-01,Vadodara,Gujarat,West
CUST05448,Aishani Dave,Female,27,SME,2025-05-25,Ludhiana,Punjab,North
CUST05449,Amara Barad,Male,35,SME,2022-10-05,Pune,Maharashtra,West
CUST05450,Yash Thakur,Male,31,Corporate,2023-09-15,Mangaluru,Karnataka,South
CUST05451,Jairaj Ravel,Female,37,Education,2026-04-27,Ahmedabad,Gujarat,West
CUST05452,Ronith Loyal,Female,26,Education,2026-05-11,Surat,Gujarat,West
CUST05453,Luke Shroff,Female,33,Education,2026-05-22,Bengaluru,Karnataka,South
CUST05454,Chatresh Arora,Male,22,Government,2025-08-08,Warangal,Telangana,South
CUST05455,Rachit Char,Female,57,SME,2022-11-18,Bhopal,Madhya Pradesh,Central
CUST05456,Madhavi Suresh,Male,58,Corporate,2023-07-16,Vadodara,Gujarat,West
CUST05457,Guneet Datta,Female,34,Retail,2022-02-11,Amritsar,Punjab,North
CUST05458,Ishani Mammen,Male,19,Corporate,2022-01-14,Nagpur,Maharashtra,West
CUST05459,Sai Arora,Male,29,SME,2024-03-02,Siliguri,West Bengal,East
CUST05460,Chatresh Bumb,Male,35,SME,2024-03-23,Ahmedabad,Gujarat,West
CUST05461,Girish Edwin,Female,48,Corporate,2022-11-24,Nagpur,Maharashtra,West
CUST05462,Jhalak Sahota,Male,54,Retail,2026-03-04,Karimnagar,Telangana,South
CUST05463,Onveer Manne,Male,32,Retail,2022-01-24,Pune,Maharashtra,West
CUST05464,Logan Batta,Female,42,Retail,2023-04-01,Pune,Maharashtra,West
CUST05465,Lekha Kashyap,Female,36,Government,2022-03-04,Vadodara,Gujarat,West
CUST05466,Gavin Brahmbhatt,Female,23,Retail,2021-12-14,Kochi,Kerala,South
CUST05467,Gaurika Golla,Female,51,Government,2024-07-18,Nagpur,Maharashtra,West
CUST05468,Nidhi Sane,Male,22,Corporate,2024-09-29,Amritsar,Punjab,North
CUST05469,Ladli Kaul,Male,55,SME,2021-08-17,Mysuru,Karnataka,South
CUST05470,Atharv Bhatnagar,Female,49,Education,2022-08-21,Mumbai,Maharashtra,West
CUST05471,Niharika Wagle,Male,21,Government,2022-04-08,New Delhi,Delhi,North
CUST05472,Harsh Sanghvi,Male,21,Retail,2021-09-22,Vadodara,Gujarat,West
CUST05473,Warda Dugar,Male,23,SME,2023-05-23,Siliguri,West Bengal,East
CUST05474,Faras Gaba,Male,38,Retail,2024-01-24,Kozhikode,Kerala,South
CUST05475,Yug Chandra,Male,45,Education,2022-03-28,Coimbatore,Tamil Nadu,South
CUST05476,Ethan Tara,Male,58,Retail,2023-04-22,Siliguri,West Bengal,East
CUST05477,Lakshit Wadhwa,Male,53,Education,2025-04-09,Mysuru,Karnataka,South
CUST05478,Fitan Rama,Female,58,Government,2025-01-28,Chennai,Tamil Nadu,South
CUST05479,Eshana Sani,Female,26,SME,2026-01-30,Surat,Gujarat,West
CUST05480,Anjali Panchal,Female,59,Government,2025-10-16,Ludhiana,Punjab,North
CUST05481,Onkar Dar,Female,55,Corporate,2026-05-20,Bengaluru,Karnataka,South
CUST05482,Ikbal Pai,Male,41,SME,2022-02-05,Kozhikode,Kerala,South
CUST05483,Isaiah Devan,Male,18,Education,2022-10-21,Karimnagar,Telangana,South
CUST05484,Abhimanyu Borah,Male,30,Retail,2022-12-12,Bengaluru,Karnataka,South
CUST05485,Mahika Suri,Female,39,SME,2026-06-20,Karimnagar,Telangana,South
CUST05486,Ekaraj Wali,Female,26,Corporate,2025-04-08,Mangaluru,Karnataka,South
CUST05487,Niharika Ahuja,Male,24,SME,2025-08-26,Nagpur,Maharashtra,West
CUST05488,Amara Gera,Female,44,Education,2022-03-10,Hyderabad,Telangana,South
CUST05489,Imaran Bhakta,Female,22,SME,2024-10-13,Bengaluru,Karnataka,South
CUST05490,Abhimanyu Banerjee,Male,19,Retail,2024-08-26,Vadodara,Gujarat,West
CUST05491,Ishani Sachdeva,Male,31,Government,2022-04-14,New Delhi,Delhi,North
CUST05492,Elijah Tripathi,Male,26,SME,2025-06-13,Hyderabad,Telangana,South
CUST05493,Bachittar Sahota,Female,32,Government,2024-10-26,Bengaluru,Karnataka,South
CUST05494,Yashawini Sanghvi,Male,21,SME,2025-04-09,Hyderabad,Telangana,South
CUST05495,William Chawla,Male,24,Government,2026-03-23,New Delhi,Delhi,North
CUST05496,Chaaya Golla,Male,31,SME,2025-08-31,Bengaluru,Karnataka,South
CUST05497,Gaurav Gala,Male,32,Government,2022-03-07,Siliguri,West Bengal,East
CUST05498,Aarna Sanghvi,Male,59,Corporate,2025-12-25,Chennai,Tamil Nadu,South
CUST05499,Odika Lalla,Female,25,Corporate,2022-12-05,Ahmedabad,Gujarat,West
CUST05500,Janya Wable,Female,39,Education,2024-02-17,Hyderabad,Telangana,South
CUST05501,Chandran Lanka,Male,31,SME,2025-08-15,Pune,Maharashtra,West
CUST05502,Warda Vaidya,Female,37,SME,2024-07-21,Karimnagar,Telangana,South
CUST05503,Henry Gupta,Female,18,Corporate,2023-06-07,Bhopal,Madhya Pradesh,Central
CUST05504,Kamya Chada,Female,45,Corporate,2021-10-16,Nagpur,Maharashtra,West
CUST05505,Raagini Arora,Male,64,Government,2021-10-31,Mumbai,Maharashtra,West
CUST05506,Ekiya Natt,Female,47,Education,2023-02-05,Ahmedabad,Gujarat,West
CUST05507,Unnati Dave,Female,29,Government,2024-02-22,Thiruvananthapuram,Kerala,South
CUST05508,Xiti Mangal,Female,43,Retail,2024-06-25,Ludhiana,Punjab,North
CUST05509,Vidhi Zachariah,Male,42,Education,2025-04-25,Vadodara,Gujarat,West
CUST05510,Bishakha Varty,Male,35,Education,2025-02-07,Surat,Gujarat,West
CUST05511,Darsh Chauhan,Female,33,Government,2022-09-12,New Delhi,Delhi,North
CUST05512,Rajata Kothari,Female,44,SME,2023-12-23,Mangaluru,Karnataka,South
CUST05513,Tanveer Dada,Female,41,Corporate,2024-10-31,Coimbatore,Tamil Nadu,South
CUST05514,Damini Oza,Female,28,SME,2023-09-30,Thiruvananthapuram,Kerala,South
CUST05515,Parth Dewan,Female,45,SME,2023-12-05,Amritsar,Punjab,North
CUST05516,Waida Bera,Male,53,Government,2022-09-28,Thiruvananthapuram,Kerala,South
CUST05517,Ishaan Dube,Female,65,Corporate,2026-06-07,New Delhi,Delhi,North
CUST05518,Hiral Sha,Male,63,Education,2021-10-05,Warangal,Telangana,South
CUST05519,Dakshesh Narula,Female,24,SME,2026-02-06,Ludhiana,Punjab,North
CUST05520,Qarin Sane,Male,59,Education,2023-04-06,Ludhiana,Punjab,North
CUST05521,Samarth Naidu,Male,38,SME,2026-01-03,New Delhi,Delhi,North
CUST05522,Yug Date,Female,44,Government,2025-05-27,Kozhikode,Kerala,South
CUST05523,Advik Prabhu,Female,33,Government,2023-02-28,Vadodara,Gujarat,West
CUST05524,Vrinda Chand,Male,43,Government,2021-11-28,Mysuru,Karnataka,South
CUST05525,Liam Dar,Female,55,Corporate,2022-10-25,Warangal,Telangana,South
CUST05526,Onveer Doshi,Female,24,SME,2022-05-13,Indore,Madhya Pradesh,Central
CUST05527,Unni Behl,Male,24,Education,2022-06-11,Kozhikode,Kerala,South
CUST05528,Yoshita Nair,Female,23,Retail,2025-03-18,Kolkata,West Bengal,East
CUST05529,Vasana Lad,Female,31,Education,2024-01-30,Kochi,Kerala,South
CUST05530,George Madan,Male,48,Corporate,2022-08-28,Warangal,Telangana,South
CUST05531,Teerth Bobal,Female,52,Government,2024-09-28,Bengaluru,Karnataka,South
CUST05532,Frado Mukherjee,Male,53,Corporate,2025-12-25,New Delhi,Delhi,North
CUST05533,Jasmit Mital,Male,25,Corporate,2023-08-02,New Delhi,Delhi,North
CUST05534,Chakradev Rout,Female,30,Government,2025-05-20,Coimbatore,Tamil Nadu,South
CUST05535,Harish Hegde,Female,29,SME,2024-09-12,Pune,Maharashtra,West
CUST05536,Januja Shenoy,Male,42,SME,2025-11-21,Mumbai,Maharashtra,West
CUST05537,Vansha Nagy,Male,30,Government,2023-06-14,Surat,Gujarat,West
CUST05538,Hemal Sarkar,Male,65,Government,2023-10-07,Coimbatore,Tamil Nadu,South
CUST05539,Brijesh Gill,Male,31,Education,2024-05-22,Bhopal,Madhya Pradesh,Central
CUST05540,Widisha Wable,Male,60,Retail,2024-03-20,Bhopal,Madhya Pradesh,Central
CUST05541,Shivani Dewan,Female,62,Education,2026-03-15,Karimnagar,Telangana,South
CUST05542,Janani Modi,Female,23,Government,2026-01-14,Nagpur,Maharashtra,West
CUST05543,Hemang Sachdev,Male,44,Government,2021-08-02,New Delhi,Delhi,North
CUST05544,Aryan Golla,Female,32,Government,2025-05-17,Kochi,Kerala,South
CUST05545,Falak Kalita,Male,42,Retail,2024-08-28,Chennai,Tamil Nadu,South
CUST05546,Devansh Swaminathan,Male,25,Education,2021-07-10,Warangal,Telangana,South
CUST05547,Qabil Ratti,Female,64,Government,2024-04-06,Kozhikode,Kerala,South
CUST05548,Ekbal Cherian,Male,32,Corporate,2025-06-09,Bengaluru,Karnataka,South
CUST05549,Indrajit Ahuja,Male,48,Education,2021-08-16,Pune,Maharashtra,West
CUST05550,Vasana Borah,Female,52,Retail,2024-02-23,Ludhiana,Punjab,North
CUST05551,Arya Hayer,Female,23,Retail,2023-09-10,Mumbai,Maharashtra,West
CUST05552,Saanvi Chana,Female,56,Corporate,2023-08-24,Coimbatore,Tamil Nadu,South
CUST05553,Faris Chaudhry,Female,52,Retail,2022-06-11,Bengaluru,Karnataka,South
CUST05554,Qadim Keer,Male,36,Government,2022-02-13,Coimbatore,Tamil Nadu,South
CUST05555,Nidhi Yohannan,Male,21,SME,2021-11-21,Indore,Madhya Pradesh,Central
CUST05556,Hamsini Dutta,Male,51,Government,2024-08-17,Hyderabad,Telangana,South
CUST05557,Oviya Wason,Male,43,Government,2023-11-16,New Delhi,Delhi,North
CUST05558,Zinal Vasa,Male,57,Government,2025-03-07,Mangaluru,Karnataka,South
CUST05559,Benjamin Bhatnagar,Female,27,Retail,2021-08-08,Bengaluru,Karnataka,South
CUST05560,Tarak Venkataraman,Female,37,Government,2022-06-09,Thiruvananthapuram,Kerala,South
CUST05561,Suhani Zachariah,Male,31,SME,2024-11-28,Mumbai,Maharashtra,West
CUST05562,Faras Peri,Female,21,Education,2023-08-31,Kochi,Kerala,South
CUST05563,Finn Gera,Female,55,Retail,2026-05-13,Indore,Madhya Pradesh,Central
CUST05564,Robert Parikh,Female,21,Retail,2025-12-27,Kozhikode,Kerala,South
CUST05565,Advika Rajan,Male,62,Retail,2023-08-08,Surat,Gujarat,West
CUST05566,Gopal Anand,Male,26,Retail,2022-02-24,Ludhiana,Punjab,North
CUST05567,Riya Rattan,Male,26,SME,2021-07-13,Bhopal,Madhya Pradesh,Central
CUST05568,Kalpit Johal,Male,51,Government,2026-02-05,Ludhiana,Punjab,North
CUST05569,Wazir Nazareth,Male,25,Corporate,2026-02-13,Coimbatore,Tamil Nadu,South
CUST05570,Raksha Jani,Female,38,Corporate,2024-10-25,Siliguri,West Bengal,East
CUST05571,Leena Nagi,Male,45,Education,2024-04-06,Ludhiana,Punjab,North
CUST05572,Jonathan Setty,Female,42,SME,2025-09-27,Siliguri,West Bengal,East
CUST05573,Ekantika Nair,Male,33,Government,2023-11-26,New Delhi,Delhi,North
CUST05574,Meera Maharaj,Female,37,Government,2026-01-14,Chennai,Tamil Nadu,South
CUST05575,Qabil D’Alia,Female,25,Government,2023-01-08,Madurai,Tamil Nadu,South
CUST05576,Bahadurjit Kurian,Male,59,Corporate,2025-08-13,Mumbai,Maharashtra,West
CUST05577,Ekbal Khosla,Female,21,Retail,2025-08-21,Coimbatore,Tamil Nadu,South
CUST05578,Arjun Sahota,Female,31,SME,2021-12-27,Kochi,Kerala,South
CUST05579,Kashvi Bandi,Female,60,Corporate,2022-04-09,Mysuru,Karnataka,South
CUST05580,Girish Ramanathan,Female,53,SME,2023-10-18,New Delhi,Delhi,North
CUST05581,Anirudh Dayal,Male,38,Corporate,2024-12-29,Surat,Gujarat,West
CUST05582,Diya Bal,Male,18,Corporate,2023-06-08,Amritsar,Punjab,North
CUST05583,Jyoti Chacko,Female,64,Retail,2021-11-18,Surat,Gujarat,West
CUST05584,Varenya Sastry,Female,45,Education,2024-09-17,Amritsar,Punjab,North
CUST05585,Varsha Pandit,Male,21,Retail,2021-10-11,Bhopal,Madhya Pradesh,Central
CUST05586,Manbir Saxena,Female,45,Education,2024-04-26,Ahmedabad,Gujarat,West
CUST05587,Logan Tata,Female,31,SME,2021-09-20,Vadodara,Gujarat,West
CUST05588,Viraj Jaggi,Female,27,Corporate,2025-11-15,Vadodara,Gujarat,West
CUST05589,Riya Prakash,Female,27,Education,2024-11-29,Ludhiana,Punjab,North
CUST05590,Ranveer Mangal,Female,43,SME,2026-01-01,New Delhi,Delhi,North
CUST05591,Nakul Rama,Female,18,Education,2022-12-27,Mysuru,Karnataka,South
CUST05592,Vihaan Pai,Male,23,SME,2023-07-13,Mangaluru,Karnataka,South
CUST05593,Jagat Andra,Male,18,Education,2022-07-10,Mumbai,Maharashtra,West
CUST05594,Aarini Naidu,Male,34,Retail,2024-01-20,Siliguri,West Bengal,East
CUST05595,Logan Dugar,Male,18,Retail,2024-07-08,Siliguri,West Bengal,East
CUST05596,Abhimanyu Nagi,Male,61,SME,2024-08-12,New Delhi,Delhi,North
CUST05597,Qabil Sha,Male,52,Corporate,2022-04-09,Coimbatore,Tamil Nadu,South
CUST05598,Teerth Ranganathan,Female,28,Corporate,2024-12-08,Mysuru,Karnataka,South
CUST05599,Balvan Nagar,Male,40,Corporate,2024-11-26,Kolkata,West Bengal,East
CUST05600,Krish Parmar,Male,53,Corporate,2026-02-03,Hyderabad,Telangana,South
CUST05601,Gayathri Setty,Male,36,Retail,2025-04-13,Hyderabad,Telangana,South
CUST05602,Panini More,Female,38,Corporate,2026-04-08,Siliguri,West Bengal,East
CUST05603,Henry Lanka,Female,56,Government,2025-12-22,Kolkata,West Bengal,East
CUST05604,Bhanumati Dass,Male,18,SME,2024-10-11,Bhopal,Madhya Pradesh,Central
CUST05605,Shivani Vig,Female,46,Government,2025-08-10,Chennai,Tamil Nadu,South
CUST05606,Jagdish Arora,Female,24,Retail,2021-09-14,Chennai,Tamil Nadu,South
CUST05607,Mitesh Sachdeva,Male,38,Corporate,2022-07-23,Thiruvananthapuram,Kerala,South
CUST05608,Aarnav Raja,Male,28,Government,2024-01-27,Surat,Gujarat,West
CUST05609,Netra Chaudry,Male,45,SME,2026-05-25,Indore,Madhya Pradesh,Central
CUST05610,Reva Ghose,Female,49,Government,2026-03-16,Madurai,Tamil Nadu,South
CUST05611,Kalpit Bains,Female,51,Corporate,2025-04-25,Mangaluru,Karnataka,South
CUST05612,Vanya Sridhar,Male,22,Retail,2022-08-06,Bengaluru,Karnataka,South
CUST05613,Laksh Soni,Female,63,SME,2021-10-16,Mumbai,Maharashtra,West
CUST05614,Chaaya Bedi,Male,57,SME,2024-09-09,Thiruvananthapuram,Kerala,South
CUST05615,Pahal Sabharwal,Male,59,SME,2023-05-02,Karimnagar,Telangana,South
CUST05616,Ojas Gill,Female,47,SME,2022-04-17,Pune,Maharashtra,West
CUST05617,Nathan Sama,Male,29,Retail,2023-04-04,Karimnagar,Telangana,South
CUST05618,Hredhaan Desai,Male,42,Corporate,2022-03-28,Kolkata,West Bengal,East
CUST05619,Samarth Mahajan,Male,61,Corporate,2025-10-28,Surat,Gujarat,West
CUST05620,Yashvi Sandhu,Male,24,Corporate,2024-07-26,Ludhiana,Punjab,North
CUST05621,Warinder Shanker,Female,33,Education,2021-09-05,Bhopal,Madhya Pradesh,Central
CUST05622,Advik Sura,Female,39,Government,2022-07-18,Indore,Madhya Pradesh,Central
CUST05623,Wriddhish Butala,Female,41,Government,2022-11-25,Surat,Gujarat,West
CUST05624,Rachita Char,Male,52,SME,2024-01-03,Bhopal,Madhya Pradesh,Central
CUST05625,Faraj Mody,Male,44,Government,2025-02-13,Karimnagar,Telangana,South
CUST05626,Nikita Dugar,Female,40,Corporate,2025-01-09,New Delhi,Delhi,North
CUST05627,Yash Tiwari,Male,42,Retail,2022-09-18,Siliguri,West Bengal,East
CUST05628,Darika Agrawal,Female,44,Education,2022-12-25,Mysuru,Karnataka,South
CUST05629,Bimala Trivedi,Female,35,SME,2026-01-14,Kochi,Kerala,South
CUST05630,Mitesh Setty,Male,43,SME,2022-10-20,Ludhiana,Punjab,North
CUST05631,Amruta Balasubramanian,Female,23,Corporate,2021-11-02,Warangal,Telangana,South
CUST05632,Patrick Kaul,Female,55,Government,2021-11-21,New Delhi,Delhi,North
CUST05633,Baljiwan Seshadri,Female,32,Retail,2023-08-30,Bengaluru,Karnataka,South
CUST05634,Aarnav Dada,Male,48,Education,2024-06-08,Siliguri,West Bengal,East
CUST05635,Avi Dass,Female,36,SME,2025-05-10,Indore,Madhya Pradesh,Central
CUST05636,Nisha Thaker,Female,29,SME,2022-09-29,Pune,Maharashtra,West
CUST05637,Kai Kulkarni,Female,61,Corporate,2021-11-17,Mangaluru,Karnataka,South
CUST05638,Mitali Saha,Male,34,Corporate,2024-04-22,Kozhikode,Kerala,South
CUST05639,Lakshit Boase,Male,20,SME,2025-12-15,Thiruvananthapuram,Kerala,South
CUST05640,Nitara Patil,Male,37,Retail,2024-03-16,Coimbatore,Tamil Nadu,South
CUST05641,Orinder Chopra,Male,43,Government,2025-06-01,Surat,Gujarat,West
CUST05642,Bhavani Dhawan,Female,38,Education,2024-05-15,Coimbatore,Tamil Nadu,South
CUST05643,Chandani Panchal,Male,42,Corporate,2025-03-12,Nagpur,Maharashtra,West
CUST05644,Rishi Ramachandran,Male,28,SME,2022-05-19,Amritsar,Punjab,North
CUST05645,Vrinda Murthy,Female,21,Corporate,2023-10-28,Warangal,Telangana,South
CUST05646,Anvi Sunder,Male,57,SME,2024-12-18,Kochi,Kerala,South
CUST05647,Michael Sastry,Female,29,Corporate,2023-08-17,Bhopal,Madhya Pradesh,Central
CUST05648,Naveen Pal,Male,51,Education,2023-06-09,Coimbatore,Tamil Nadu,South
CUST05649,Christopher Kohli,Female,19,Corporate,2023-05-31,Kochi,Kerala,South
CUST05650,Diya Goswami,Female,29,Government,2024-05-04,Bhopal,Madhya Pradesh,Central
CUST05651,Avi Talwar,Female,28,Retail,2022-10-29,Indore,Madhya Pradesh,Central
CUST05652,Nitesh Palla,Male,56,Corporate,2025-10-24,Amritsar,Punjab,North
CUST05653,Anvi Dhar,Female,23,Education,2024-01-21,Hyderabad,Telangana,South
CUST05654,Thomas Pradhan,Male,40,Corporate,2024-04-05,Ludhiana,Punjab,North
CUST05655,Ladli Mistry,Female,42,Government,2021-11-18,Indore,Madhya Pradesh,Central
CUST05656,Yatan Thakkar,Male,43,Corporate,2023-07-11,Thiruvananthapuram,Kerala,South
CUST05657,Ishani Agrawal,Male,31,Retail,2024-10-09,Warangal,Telangana,South
CUST05658,Hardik Dass,Male,50,Retail,2026-01-06,Kozhikode,Kerala,South
CUST05659,Anvi Gole,Female,18,Corporate,2025-03-15,Nagpur,Maharashtra,West
CUST05660,Amol Jaggi,Female,24,Government,2025-09-07,Hyderabad,Telangana,South
CUST05661,Pallavi Saraf,Male,59,Corporate,2025-07-02,Bengaluru,Karnataka,South
CUST05662,Indira Magar,Male,49,Government,2026-01-03,Thiruvananthapuram,Kerala,South
CUST05663,Thomas Minhas,Male,18,Retail,2023-01-29,Ludhiana,Punjab,North
CUST05664,Ethan Lanka,Female,45,Retail,2025-01-30,Bengaluru,Karnataka,South
CUST05665,Tripti Malhotra,Male,39,Education,2021-12-01,New Delhi,Delhi,North
CUST05666,Samarth Shukla,Female,22,Government,2024-04-10,Nagpur,Maharashtra,West
CUST05667,Utkarsh Wali,Female,18,Education,2024-08-28,Surat,Gujarat,West
CUST05668,Jackson Balan,Male,18,SME,2025-06-07,Indore,Madhya Pradesh,Central
CUST05669,Jagat Gade,Male,26,Corporate,2022-05-24,Vadodara,Gujarat,West
CUST05670,Irya Karnik,Female,47,Government,2023-06-13,Coimbatore,Tamil Nadu,South
CUST05671,Reva Madan,Female,42,SME,2024-03-31,Coimbatore,Tamil Nadu,South
CUST05672,Amruta Pradhan,Male,46,Retail,2025-11-18,Amritsar,Punjab,North
CUST05673,Vaishnavi Bhatt,Female,40,Corporate,2025-07-02,Madurai,Tamil Nadu,South
CUST05674,Owen Ratti,Male,60,Education,2021-12-30,Indore,Madhya Pradesh,Central
CUST05675,Odika Chakrabarti,Female,63,Education,2024-09-18,Amritsar,Punjab,North
CUST05676,Gaurang Khosla,Female,29,Education,2024-09-10,Ahmedabad,Gujarat,West
CUST05677,Yoshita Butala,Male,19,Government,2024-04-01,New Delhi,Delhi,North
CUST05678,Urmi Sura,Male,62,SME,2021-12-31,Karimnagar,Telangana,South
CUST05679,Laksh Banerjee,Female,60,Retail,2023-03-14,Ludhiana,Punjab,North
CUST05680,Ekantika Mukherjee,Male,26,Corporate,2026-06-04,Indore,Madhya Pradesh,Central
CUST05681,Varsha Kalla,Male,43,Education,2023-01-10,Madurai,Tamil Nadu,South
CUST05682,Maanav Verma,Male,42,Education,2021-10-02,Siliguri,West Bengal,East
CUST05683,Dipta Kaul,Female,33,Corporate,2023-07-23,New Delhi,Delhi,North
CUST05684,Charita Dar,Female,25,Government,2025-05-05,Hyderabad,Telangana,South
CUST05685,Anthony Kara,Male,22,Corporate,2022-06-26,Vadodara,Gujarat,West
CUST05686,Umang Saraf,Female,44,Corporate,2022-10-03,New Delhi,Delhi,North
CUST05687,Ganga Sur,Male,36,Corporate,2026-05-27,Ludhiana,Punjab,North
CUST05688,Shivani Kala,Male,19,Retail,2023-08-16,Bhopal,Madhya Pradesh,Central
CUST05689,Hemangini Grewal,Male,47,SME,2024-03-17,Mangaluru,Karnataka,South
CUST05690,Kashish Dhaliwal,Male,33,Retail,2025-08-19,Kozhikode,Kerala,South
CUST05691,Madhav Roy,Female,45,SME,2023-03-08,Kochi,Kerala,South
CUST05692,Raksha Pingle,Female,57,Corporate,2024-06-02,Bhopal,Madhya Pradesh,Central
CUST05693,Anita Din,Female,24,Education,2024-02-24,Warangal,Telangana,South
CUST05694,Pavani Koshy,Female,44,SME,2022-08-18,Kolkata,West Bengal,East
CUST05695,Qadim Rajagopal,Female,31,Government,2024-05-20,Indore,Madhya Pradesh,Central
CUST05696,Aashi Merchant,Male,24,SME,2025-11-27,Hyderabad,Telangana,South
CUST05697,Nidhi Peri,Female,28,Education,2022-04-10,Mysuru,Karnataka,South
CUST05698,Kalpit Rout,Male,45,Education,2021-10-24,New Delhi,Delhi,North
CUST05699,Isaac Dayal,Male,27,Education,2023-03-02,Thiruvananthapuram,Kerala,South
CUST05700,Rohan Dash,Female,40,Corporate,2025-10-08,Warangal,Telangana,South
CUST05701,Lavanya Balan,Female,61,Education,2021-10-20,Thiruvananthapuram,Kerala,South
CUST05702,Jairaj Sankaran,Female,44,SME,2025-06-30,Surat,Gujarat,West
CUST05703,Dayamai Chaudhary,Female,55,Education,2022-03-16,Siliguri,West Bengal,East
CUST05704,Rudra Sibal,Female,54,SME,2024-02-13,Hyderabad,Telangana,South
CUST05705,Ladli Gandhi,Male,37,Education,2023-11-18,Ahmedabad,Gujarat,West
CUST05706,Michael Mannan,Male,44,Government,2026-03-13,Warangal,Telangana,South
CUST05707,Unnati Mitter,Female,38,Education,2022-01-30,Karimnagar,Telangana,South
CUST05708,Harshil Saini,Male,27,Retail,2021-07-13,Siliguri,West Bengal,East
CUST05709,Pallavi Yogi,Female,44,Education,2022-12-10,New Delhi,Delhi,North
CUST05710,Qarin Walla,Male,65,SME,2022-04-12,Karimnagar,Telangana,South
CUST05711,Manbir Sengupta,Female,55,Corporate,2022-06-06,Mangaluru,Karnataka,South
CUST05712,Jasmit Chaudhari,Female,26,Retail,2022-12-09,Nagpur,Maharashtra,West
CUST05713,Onkar Saraf,Male,37,Education,2024-07-27,Karimnagar,Telangana,South
CUST05714,Krisha Atwal,Male,27,Corporate,2024-07-17,Ahmedabad,Gujarat,West
CUST05715,Laban Koshy,Female,53,Retail,2022-05-06,Pune,Maharashtra,West
CUST05716,Zashil Bhavsar,Female,64,Government,2022-08-11,Pune,Maharashtra,West
CUST05717,Ikshita Chada,Female,25,Government,2022-07-17,Ludhiana,Punjab,North
CUST05718,Omisha Madan,Male,47,Retail,2022-11-27,Nagpur,Maharashtra,West
CUST05719,Balendra Chandra,Male,23,SME,2023-12-28,Kochi,Kerala,South
CUST05720,Zashil Patla,Male,30,Education,2026-06-21,Ludhiana,Punjab,North
CUST05721,Dhruv Sen,Male,54,SME,2023-09-21,Karimnagar,Telangana,South
CUST05722,Ati Mani,Female,49,Education,2026-02-26,Ahmedabad,Gujarat,West
CUST05723,Sara Tiwari,Female,30,Education,2025-04-22,Ludhiana,Punjab,North
CUST05724,Jeevika Madan,Male,51,Education,2023-11-24,Kozhikode,Kerala,South
CUST05725,Aditya Bora,Male,22,Corporate,2024-11-04,Kochi,Kerala,South
CUST05726,Laban Rana,Male,64,Government,2022-05-22,Hyderabad,Telangana,South
CUST05727,Aarnav Bandi,Female,26,Education,2026-02-08,Nagpur,Maharashtra,West
CUST05728,Mahika Trivedi,Male,31,Corporate,2021-08-21,Nagpur,Maharashtra,West
CUST05729,Siya Rao,Female,19,Government,2025-04-08,New Delhi,Delhi,North
CUST05730,Aadhya Sampath,Female,49,Retail,2025-01-26,Karimnagar,Telangana,South
CUST05731,Bishakha Buch,Male,39,SME,2026-05-20,Thiruvananthapuram,Kerala,South
CUST05732,Damini Krishna,Female,56,Corporate,2024-05-12,Bhopal,Madhya Pradesh,Central
CUST05733,Jyoti Shankar,Female,44,SME,2023-08-14,Mangaluru,Karnataka,South
CUST05734,Chakrika Banik,Male,30,Corporate,2023-02-02,Indore,Madhya Pradesh,Central
CUST05735,Balendra Ratti,Female,23,Government,2024-06-07,Nagpur,Maharashtra,West
CUST05736,Bhavya Karan,Male,59,Retail,2024-12-18,Thiruvananthapuram,Kerala,South
CUST05737,Aradhana Koshy,Female,36,Education,2026-05-30,Chennai,Tamil Nadu,South
CUST05738,Viraj Pandya,Female,51,Retail,2022-03-05,Coimbatore,Tamil Nadu,South
CUST05739,Ladli Varghese,Male,51,Government,2026-05-10,Kolkata,West Bengal,East
CUST05740,Vihaan Loyal,Female,34,Retail,2022-01-13,Indore,Madhya Pradesh,Central
CUST05741,Bhavika Patla,Male,35,Corporate,2021-11-28,Mysuru,Karnataka,South
CUST05742,Neelima Karnik,Female,42,Government,2025-03-20,Coimbatore,Tamil Nadu,South
CUST05743,Kashvi Nagarajan,Male,39,Corporate,2024-03-23,Ahmedabad,Gujarat,West
CUST05744,Vivaan Basak,Female,50,Corporate,2025-10-11,Kolkata,West Bengal,East
CUST05745,Tanish Anne,Female,38,SME,2021-10-26,Amritsar,Punjab,North
CUST05746,Vansha Dalal,Male,20,Government,2023-06-30,Kolkata,West Bengal,East
CUST05747,Dipta Gupta,Female,51,SME,2022-06-06,Bengaluru,Karnataka,South
CUST05748,Tanish Narayan,Female,25,Education,2023-12-13,New Delhi,Delhi,North
CUST05749,Bhavani Bobal,Male,23,Government,2023-12-27,Amritsar,Punjab,North
CUST05750,Harini Randhawa,Female,60,Retail,2022-06-05,Bengaluru,Karnataka,South
CUST05751,Samuel Bir,Female,62,Retail,2025-02-25,New Delhi,Delhi,North
CUST05752,Ishwar Rama,Male,41,Government,2021-09-23,New Delhi,Delhi,North
CUST05753,Bahadurjit Murthy,Female,25,Retail,2023-08-15,New Delhi,Delhi,North
CUST05754,Ganga Thaman,Female,46,SME,2025-12-12,Bhopal,Madhya Pradesh,Central
CUST05755,Indali Virk,Male,28,Education,2021-08-13,Indore,Madhya Pradesh,Central
CUST05756,Priya Sarkar,Male,64,SME,2023-07-11,Coimbatore,Tamil Nadu,South
CUST05757,Aarush Gour,Male,41,Corporate,2024-02-16,Mysuru,Karnataka,South
CUST05758,Kevin Andra,Male,55,SME,2023-05-05,Pune,Maharashtra,West
CUST05759,Parth Wable,Female,63,Corporate,2024-03-08,New Delhi,Delhi,North
CUST05760,Falan Deol,Male,41,Corporate,2026-03-21,Siliguri,West Bengal,East
CUST05761,Ekani Devan,Male,36,Corporate,2022-08-15,Kozhikode,Kerala,South
CUST05762,Jeevika Ghose,Male,24,Education,2023-09-30,New Delhi,Delhi,North
CUST05763,Charan De,Male,22,SME,2022-07-01,Amritsar,Punjab,North
CUST05764,Luke Prakash,Female,45,Government,2022-05-02,Siliguri,West Bengal,East
CUST05765,Faras Deshpande,Male,30,Retail,2023-10-03,Ludhiana,Punjab,North
CUST05766,Arya Bhattacharyya,Female,31,Corporate,2023-11-02,Karimnagar,Telangana,South
CUST05767,Theodore Yadav,Female,42,Education,2023-02-28,Ludhiana,Punjab,North
CUST05768,Hamsini Sengupta,Female,38,Retail,2023-08-01,Indore,Madhya Pradesh,Central
CUST05769,Oviya Sankar,Male,28,SME,2025-11-16,Vadodara,Gujarat,West
CUST05770,Nathaniel Konda,Female,37,Education,2025-09-21,Karimnagar,Telangana,South
CUST05771,Zehaan Pillay,Male,52,Education,2023-10-13,Chennai,Tamil Nadu,South
CUST05772,Shivansh Narayan,Female,26,Retail,2026-02-23,Kochi,Kerala,South
CUST05773,Pooja Roy,Male,48,Education,2022-07-26,Ludhiana,Punjab,North
CUST05774,Tara Dani,Male,25,Government,2022-04-04,Amritsar,Punjab,North
CUST05775,Yamini Lad,Female,26,Education,2022-04-11,Mumbai,Maharashtra,West
CUST05776,Faraj Banik,Male,18,Government,2022-05-05,Siliguri,West Bengal,East
CUST05777,Avi Vasa,Female,23,Corporate,2022-02-17,Bengaluru,Karnataka,South
CUST05778,Madhav Walia,Male,63,SME,2023-02-22,Chennai,Tamil Nadu,South
CUST05779,Bhavna Sidhu,Female,61,SME,2024-01-20,Hyderabad,Telangana,South
CUST05780,Charvi Lad,Male,40,Education,2022-10-01,Ludhiana,Punjab,North
CUST05781,Balvan Koshy,Male,57,Education,2024-08-25,Amritsar,Punjab,North
CUST05782,Triveni Mand,Female,24,Education,2024-09-23,Madurai,Tamil Nadu,South
CUST05783,Chakrika Boase,Female,40,Education,2024-07-18,Vadodara,Gujarat,West
CUST05784,Faras Date,Female,36,Retail,2025-02-05,New Delhi,Delhi,North
CUST05785,David Solanki,Male,30,SME,2022-11-01,Bhopal,Madhya Pradesh,Central
CUST05786,Chaitanya Ratta,Male,57,SME,2022-12-22,Mumbai,Maharashtra,West
CUST05787,Hemang Parmer,Female,26,Education,2023-08-31,Hyderabad,Telangana,South
CUST05788,Aarna Bora,Female,57,Corporate,2023-05-10,Ahmedabad,Gujarat,West
CUST05789,Chasmum Goyal,Male,55,Retail,2023-08-27,Hyderabad,Telangana,South
CUST05790,Lopa Gala,Male,47,Retail,2024-04-22,Mumbai,Maharashtra,West
CUST05791,Isaiah Kota,Female,48,Corporate,2024-02-05,Vadodara,Gujarat,West
CUST05792,Jagvi Dyal,Male,39,Education,2022-05-26,New Delhi,Delhi,North
CUST05793,Aadhya Maharaj,Male,39,Retail,2023-11-29,Indore,Madhya Pradesh,Central
CUST05794,Naksh Dugar,Male,43,Corporate,2026-01-27,Chennai,Tamil Nadu,South
CUST05795,Ekavir Memon,Male,50,Retail,2022-10-01,New Delhi,Delhi,North
CUST05796,Nitesh Hegde,Female,53,Government,2021-07-02,Warangal,Telangana,South
CUST05797,Daniel Dhaliwal,Female,47,SME,2022-04-22,Kozhikode,Kerala,South
CUST05798,Wridesh Kala,Male,32,SME,2026-03-06,Bhopal,Madhya Pradesh,Central
CUST05799,Neelima Ravi,Male,40,Education,2022-02-07,Nagpur,Maharashtra,West
CUST05800,Akshay Hari,Male,24,SME,2025-05-03,Madurai,Tamil Nadu,South
CUST05801,Frado Halder,Female,54,Retail,2021-08-15,Bhopal,Madhya Pradesh,Central
CUST05802,Aradhana Joshi,Male,63,Government,2026-05-25,Pune,Maharashtra,West
CUST05803,Zansi Vig,Female,61,Corporate,2025-09-16,New Delhi,Delhi,North
CUST05804,Barkha Kapadia,Male,23,Education,2022-09-15,Hyderabad,Telangana,South
CUST05805,Nandini Basak,Female,45,SME,2023-05-17,Karimnagar,Telangana,South
CUST05806,Liam Malhotra,Male,37,Education,2022-09-14,Karimnagar,Telangana,South
CUST05807,Jagvi Mani,Female,55,Corporate,2026-04-15,Siliguri,West Bengal,East
CUST05808,Imaran Grewal,Female,18,Retail,2022-06-14,Ludhiana,Punjab,North
CUST05809,Sneha Dhaliwal,Male,19,Government,2024-12-01,Mangaluru,Karnataka,South
CUST05810,Jeet Rau,Male,37,Education,2024-10-03,New Delhi,Delhi,North
CUST05811,Saumya Mitter,Male,55,Retail,2022-12-15,Mysuru,Karnataka,South
CUST05812,Abha Sura,Female,31,Corporate,2023-01-13,Siliguri,West Bengal,East
CUST05813,Lavanya Vaidya,Female,59,Corporate,2026-03-14,Ludhiana,Punjab,North
CUST05814,Vedika Ray,Male,33,SME,2024-06-08,Mangaluru,Karnataka,South
CUST05815,Rehaan Varughese,Female,56,Corporate,2022-08-01,New Delhi,Delhi,North
CUST05816,Rachita Bhagat,Male,21,Retail,2022-09-14,Bengaluru,Karnataka,South
CUST05817,Vanya Vig,Male,22,Government,2024-04-05,Indore,Madhya Pradesh,Central
CUST05818,Shravya Manne,Male,37,Government,2022-10-20,Ludhiana,Punjab,North
CUST05819,Anika Madan,Male,39,SME,2026-04-29,Bengaluru,Karnataka,South
CUST05820,Jacob Mutti,Male,57,Retail,2022-05-27,Coimbatore,Tamil Nadu,South
CUST05821,Qasim Basak,Male,34,Corporate,2024-09-16,Indore,Madhya Pradesh,Central
CUST05822,Faris Mistry,Female,23,Corporate,2025-01-11,Amritsar,Punjab,North
CUST05823,Ishaan Saxena,Male,52,Retail,2022-05-23,New Delhi,Delhi,North
CUST05824,Triya Nanda,Male,26,Education,2024-06-28,Kolkata,West Bengal,East
CUST05825,Sai Roy,Female,54,SME,2024-11-12,Kolkata,West Bengal,East
CUST05826,Aahana Walia,Female,18,SME,2023-06-09,Amritsar,Punjab,North
CUST05827,Ansh Yadav,Male,20,SME,2024-06-24,Kochi,Kerala,South
CUST05828,Aashi Jain,Male,18,Government,2023-06-30,Kolkata,West Bengal,East
CUST05829,Tara Natarajan,Male,56,Education,2024-02-25,New Delhi,Delhi,North
CUST05830,Gunbir Wason,Male,24,Government,2023-11-05,Bhopal,Madhya Pradesh,Central
CUST05831,Ucchal Nagy,Female,26,Education,2024-11-07,Indore,Madhya Pradesh,Central
CUST05832,Hemani Kapadia,Female,44,SME,2025-04-08,Indore,Madhya Pradesh,Central
CUST05833,Radha Nazareth,Male,43,Education,2022-01-11,Mangaluru,Karnataka,South
CUST05834,Adya Kapur,Male,50,Education,2022-02-26,New Delhi,Delhi,North
CUST05835,Eesha Bajwa,Male,60,Government,2023-06-11,Amritsar,Punjab,North
CUST05836,Joshua Ganesan,Female,33,Education,2022-05-16,Kolkata,West Bengal,East
CUST05837,Chaman Ravi,Male,23,Education,2024-11-30,Siliguri,West Bengal,East
CUST05838,Fiyaz Pai,Female,29,Government,2021-09-24,Warangal,Telangana,South
CUST05839,Naksh Bera,Female,45,Education,2023-11-09,Hyderabad,Telangana,South
CUST05840,Jagdish Dugal,Male,46,Education,2025-12-09,Ludhiana,Punjab,North
CUST05841,Bhavini Thakur,Female,28,Corporate,2022-09-09,Coimbatore,Tamil Nadu,South
CUST05842,Tanish Khosla,Female,36,Government,2023-04-28,Kolkata,West Bengal,East
CUST05843,Charles Kant,Female,54,Government,2023-02-20,Indore,Madhya Pradesh,Central
CUST05844,Zinal Dua,Female,39,Government,2025-04-10,Chennai,Tamil Nadu,South
CUST05845,Advay Memon,Female,27,Education,2025-09-10,Amritsar,Punjab,North
CUST05846,Krishna Sheth,Female,42,SME,2024-02-21,Vadodara,Gujarat,West
CUST05847,Ganga Jayaraman,Male,53,SME,2023-05-05,Mangaluru,Karnataka,South
CUST05848,Omisha Raja,Female,19,Retail,2024-10-15,Kolkata,West Bengal,East
CUST05849,Vansha Kumer,Female,24,Education,2024-07-09,Mumbai,Maharashtra,West
CUST05850,Waida Upadhyay,Male,54,Retail,2024-11-14,Surat,Gujarat,West
CUST05851,Bakhshi Lal,Female,43,SME,2023-07-08,Karimnagar,Telangana,South
CUST05852,Chasmum Pillay,Female,23,Retail,2024-09-29,Madurai,Tamil Nadu,South
CUST05853,Oviya Mander,Female,20,Retail,2023-10-26,Nagpur,Maharashtra,West
CUST05854,Amrita Ahuja,Male,63,Government,2022-06-11,Ahmedabad,Gujarat,West
CUST05855,Zansi Ganesh,Female,56,Corporate,2024-07-07,Warangal,Telangana,South
CUST05856,Vritti Goel,Female,40,Education,2026-01-22,Siliguri,West Bengal,East
CUST05857,Eiravati Vig,Male,59,Retail,2024-06-21,Mangaluru,Karnataka,South
CUST05858,Jagvi Pant,Male,19,Retail,2025-07-01,Karimnagar,Telangana,South
CUST05859,Luke Dey,Male,39,Retail,2026-05-10,Madurai,Tamil Nadu,South
CUST05860,George Swaminathan,Female,58,Retail,2023-12-05,Madurai,Tamil Nadu,South
CUST05861,Pavani Patel,Male,54,Retail,2025-03-21,Amritsar,Punjab,North
CUST05862,Nachiket Patla,Male,29,Corporate,2024-03-13,New Delhi,Delhi,North
CUST05863,Rajata Natt,Female,56,Corporate,2025-04-04,Kochi,Kerala,South
CUST05864,Fitan Chakrabarti,Male,42,Corporate,2023-08-19,Madurai,Tamil Nadu,South
CUST05865,Nihal Tak,Female,58,Corporate,2022-02-09,Bengaluru,Karnataka,South
CUST05866,Lipika Kade,Female,29,Education,2021-08-15,Bengaluru,Karnataka,South
CUST05867,Xalak Hayre,Female,62,Government,2026-04-13,New Delhi,Delhi,North
CUST05868,Udant Karpe,Male,48,SME,2023-05-15,Amritsar,Punjab,North
CUST05869,Aarav Dayal,Female,49,Retail,2024-08-02,Mangaluru,Karnataka,South
CUST05870,Girik Krish,Female,60,Government,2022-11-23,Pune,Maharashtra,West
CUST05871,Lopa Mitra,Female,34,Retail,2025-02-10,Surat,Gujarat,West
CUST05872,Aryan Dayal,Male,41,SME,2026-02-19,New Delhi,Delhi,North
CUST05873,Lekha Bawa,Male,34,SME,2022-03-12,Pune,Maharashtra,West
CUST05874,Victor Muni,Female,59,Education,2023-07-19,Coimbatore,Tamil Nadu,South
CUST05875,Nandini Naidu,Female,50,Corporate,2024-06-19,Siliguri,West Bengal,East
CUST05876,Balhaar Mannan,Male,36,Government,2023-12-10,Nagpur,Maharashtra,West
CUST05877,Gaurang Chaudhuri,Female,59,Government,2022-08-01,Kozhikode,Kerala,South
CUST05878,Balendra Subramanian,Female,49,Corporate,2025-07-08,New Delhi,Delhi,North
CUST05879,Pavani Pandya,Female,51,SME,2021-12-15,New Delhi,Delhi,North
CUST05880,Pranit Handa,Male,60,Education,2022-01-19,Kochi,Kerala,South
CUST05881,Veda Sachdev,Female,18,Government,2026-01-14,Amritsar,Punjab,North
CUST05882,Henry Bajaj,Male,28,Education,2024-10-07,Bhopal,Madhya Pradesh,Central
CUST05883,Leena Balan,Female,37,Corporate,2026-05-20,Indore,Madhya Pradesh,Central
CUST05884,Hemal Loke,Male,40,Retail,2024-03-28,New Delhi,Delhi,North
CUST05885,Sai Rege,Male,41,Retail,2025-08-06,Pune,Maharashtra,West
CUST05886,Krish Buch,Female,43,Education,2024-05-18,Indore,Madhya Pradesh,Central
CUST05887,Tanvi Batra,Male,21,Education,2021-08-13,Karimnagar,Telangana,South
CUST05888,Chaaya Zachariah,Male,56,Corporate,2023-07-19,Thiruvananthapuram,Kerala,South
CUST05889,Arjun Vora,Female,46,Corporate,2024-02-26,Indore,Madhya Pradesh,Central
CUST05890,Manan Shere,Female,35,SME,2024-05-05,Ludhiana,Punjab,North
CUST05891,Bhavya Bakshi,Male,22,Education,2025-10-21,Bengaluru,Karnataka,South
CUST05892,Kiaan Sridhar,Female,25,SME,2022-05-29,Warangal,Telangana,South
CUST05893,Bhavna Kar,Male,62,Retail,2025-06-24,Mangaluru,Karnataka,South
CUST05894,Elijah Ratta,Male,60,Corporate,2023-09-08,Pune,Maharashtra,West
CUST05895,Kevin Sura,Female,31,SME,2025-07-29,Kolkata,West Bengal,East
CUST05896,Quincy Bhakta,Male,47,Government,2025-10-08,Kochi,Kerala,South
CUST05897,Vrishti Golla,Male,32,Education,2023-06-03,Nagpur,Maharashtra,West
CUST05898,Arin Mohan,Male,23,Retail,2025-05-17,Bhopal,Madhya Pradesh,Central
CUST05899,Ria Agrawal,Male,60,SME,2022-09-23,Chennai,Tamil Nadu,South
CUST05900,Indrajit Vohra,Female,28,Education,2026-03-12,Indore,Madhya Pradesh,Central
CUST05901,Tanmayi Mohan,Female,34,Corporate,2024-09-03,Ahmedabad,Gujarat,West
CUST05902,Ekiya Mani,Female,29,SME,2021-07-19,Siliguri,West Bengal,East
CUST05903,Kashvi Srivastava,Male,51,SME,2023-11-09,Madurai,Tamil Nadu,South
CUST05904,Isha Patla,Male,53,SME,2025-10-21,Ludhiana,Punjab,North
CUST05905,Wazir Char,Female,23,SME,2023-06-06,Surat,Gujarat,West
CUST05906,Ekavir Mohanty,Male,55,Corporate,2024-01-29,New Delhi,Delhi,North
CUST05907,Isha Oza,Male,48,SME,2026-03-11,Ahmedabad,Gujarat,West
CUST05908,Harita Dass,Female,61,Corporate,2023-01-12,Surat,Gujarat,West
CUST05909,Parth Chatterjee,Female,26,Education,2021-08-07,Ludhiana,Punjab,North
CUST05910,Kala Nori,Male,44,Education,2024-03-05,Karimnagar,Telangana,South
CUST05911,David Bassi,Female,34,Education,2023-05-02,Kochi,Kerala,South
CUST05912,Fitan Raman,Male,60,SME,2025-03-12,Chennai,Tamil Nadu,South
CUST05913,Aryan Sachdev,Female,64,Corporate,2023-10-16,Amritsar,Punjab,North
CUST05914,Forum Solanki,Male,29,Education,2023-03-14,New Delhi,Delhi,North
CUST05915,Tripti Bail,Female,51,Retail,2025-08-13,Mangaluru,Karnataka,South
CUST05916,Ijaya Iyer,Female,28,Retail,2026-01-08,Siliguri,West Bengal,East
CUST05917,Yutika Rao,Female,54,Corporate,2023-07-05,Indore,Madhya Pradesh,Central
CUST05918,Chaaya Bhattacharyya,Female,33,Retail,2025-04-25,Madurai,Tamil Nadu,South
CUST05919,Vedhika Pillay,Female,22,Education,2025-01-20,Kozhikode,Kerala,South
CUST05920,Rajeshri Kunda,Female,39,Retail,2025-12-05,Ludhiana,Punjab,North
CUST05921,Rehaan Dhar,Male,26,Education,2025-10-12,Vadodara,Gujarat,West
CUST05922,Xalak Deep,Male,29,Corporate,2023-02-09,Ludhiana,Punjab,North
CUST05923,Michael Chaudhari,Male,37,Government,2025-05-19,Mumbai,Maharashtra,West
CUST05924,Widisha Dey,Female,59,Corporate,2025-05-25,Ahmedabad,Gujarat,West
CUST05925,Nathaniel Nath,Female,56,Corporate,2025-04-20,Bengaluru,Karnataka,South
CUST05926,Falan Krishna,Female,20,Corporate,2026-06-30,New Delhi,Delhi,North
CUST05927,Pavani Nori,Male,24,Corporate,2021-09-28,Kolkata,West Bengal,East
CUST05928,Alexander Lanka,Female,41,SME,2023-09-15,Mumbai,Maharashtra,West
CUST05929,Geetika Warrior,Female,29,Government,2021-07-22,Amritsar,Punjab,North
CUST05930,Vasudha Dhar,Male,63,SME,2024-06-11,Indore,Madhya Pradesh,Central
CUST05931,Upadhriti Magar,Male,65,SME,2023-10-22,Nagpur,Maharashtra,West
CUST05932,Kritika Dada,Male,51,Corporate,2024-05-11,Mumbai,Maharashtra,West
CUST05933,Anusha Rana,Female,57,SME,2022-12-10,Mumbai,Maharashtra,West
CUST05934,Adweta Padmanabhan,Male,61,Corporate,2024-03-08,Kochi,Kerala,South
CUST05935,Yatan Deshpande,Female,25,Retail,2022-11-02,Bhopal,Madhya Pradesh,Central
CUST05936,Keya Narayanan,Female,27,Government,2022-05-04,Ahmedabad,Gujarat,West
CUST05937,Lipika Chadha,Female,56,Corporate,2023-10-28,Madurai,Tamil Nadu,South
CUST05938,Sathvik Som,Male,46,Corporate,2025-12-22,New Delhi,Delhi,North
CUST05939,Victor Lanka,Male,45,Corporate,2022-06-10,Karimnagar,Telangana,South
CUST05940,Udant Mukherjee,Male,64,Government,2023-01-07,Indore,Madhya Pradesh,Central
CUST05941,Ucchal Nayak,Male,28,Retail,2026-02-13,Ludhiana,Punjab,North
CUST05942,Liam Aurora,Female,54,Retail,2022-11-29,Indore,Madhya Pradesh,Central
CUST05943,Krishna Baria,Male,61,Education,2024-06-10,Surat,Gujarat,West
CUST05944,Bachittar Murthy,Male,19,SME,2024-11-28,New Delhi,Delhi,North
CUST05945,Jagdish Radhakrishnan,Female,49,Retail,2026-05-27,Karimnagar,Telangana,South
CUST05946,Simon Butala,Female,56,Government,2023-07-19,Amritsar,Punjab,North
CUST05947,Mitesh Natarajan,Male,21,SME,2024-09-29,Coimbatore,Tamil Nadu,South
CUST05948,Patrick Sodhi,Male,18,Corporate,2023-11-09,Pune,Maharashtra,West
CUST05949,Priya Brahmbhatt,Female,65,Government,2021-09-08,Bengaluru,Karnataka,South
CUST05950,Kevin Brar,Female,53,Government,2024-08-27,Kozhikode,Kerala,South
CUST05951,Ekani Goda,Female,58,SME,2025-04-05,Bengaluru,Karnataka,South
CUST05952,Rajeshri Sathe,Female,50,Education,2023-08-26,Bengaluru,Karnataka,South
CUST05953,Tanish Gera,Male,33,Retail,2022-06-12,Amritsar,Punjab,North
CUST05954,Yashoda Setty,Male,35,Education,2023-01-12,Mumbai,Maharashtra,West
CUST05955,Madhavi Banik,Female,58,Retail,2022-12-15,Amritsar,Punjab,North
CUST05956,Lohit Ramesh,Male,45,Government,2025-06-23,Kolkata,West Bengal,East
CUST05957,Yashawini Mangat,Male,22,Corporate,2024-12-23,Kolkata,West Bengal,East
CUST05958,Chakrika Contractor,Female,29,Retail,2024-06-25,Kolkata,West Bengal,East
CUST05959,Aarna Rajagopal,Male,33,Corporate,2025-09-17,Mysuru,Karnataka,South
CUST05960,Garima Walla,Male,24,Government,2026-01-31,Pune,Maharashtra,West
CUST05961,Faris Kurian,Male,18,Retail,2024-08-30,Mumbai,Maharashtra,West
CUST05962,Leena Som,Male,41,Corporate,2026-02-22,Kozhikode,Kerala,South
CUST05963,Ekani Chakrabarti,Male,61,Retail,2023-01-11,Hyderabad,Telangana,South
CUST05964,Dominic Panchal,Female,32,Education,2024-07-31,New Delhi,Delhi,North
CUST05965,Shaurya Saini,Male,59,Education,2022-12-20,Bengaluru,Karnataka,South
CUST05966,Oscar Chakrabarti,Female,56,Retail,2023-02-01,Kozhikode,Kerala,South
CUST05967,Falak Anne,Female,45,Education,2023-06-28,Amritsar,Punjab,North
CUST05968,Sanaya Kala,Male,19,SME,2024-10-30,Hyderabad,Telangana,South
CUST05969,Hitesh Gaba,Female,62,Retail,2025-12-21,Hyderabad,Telangana,South
CUST05970,Frado Wali,Male,47,Retail,2021-12-13,Mysuru,Karnataka,South
CUST05971,Udant Shetty,Female,53,SME,2026-04-07,New Delhi,Delhi,North
CUST05972,Indrajit Buch,Female,24,Corporate,2022-06-14,Mangaluru,Karnataka,South
CUST05973,Zinal Patla,Male,51,SME,2025-05-24,Thiruvananthapuram,Kerala,South
CUST05974,Aayush Dubey,Male,57,SME,2022-03-23,Chennai,Tamil Nadu,South
CUST05975,Benjamin Samra,Female,41,Education,2022-03-11,Pune,Maharashtra,West
CUST05976,Diya Naidu,Male,57,Education,2026-02-28,Bhopal,Madhya Pradesh,Central
CUST05977,Nihal Parmer,Female,25,Government,2024-01-29,Surat,Gujarat,West
CUST05978,Faqid Arora,Female,49,Retail,2023-02-16,Warangal,Telangana,South
CUST05979,Ekanta Saha,Female,64,Retail,2025-03-02,Thiruvananthapuram,Kerala,South
CUST05980,Vidhi Singhal,Male,45,Corporate,2024-03-28,Siliguri,West Bengal,East
CUST05981,Jyoti Rana,Female,24,Corporate,2022-09-26,Bhopal,Madhya Pradesh,Central
CUST05982,Fitan Yadav,Female,52,Corporate,2024-11-18,New Delhi,Delhi,North
CUST05983,Aarini Ratta,Female,49,Corporate,2022-01-27,Mysuru,Karnataka,South
CUST05984,Pranit Rajan,Male,52,Government,2023-02-14,Ludhiana,Punjab,North
CUST05985,Ayush Bajwa,Male,28,Corporate,2022-03-30,Amritsar,Punjab,North
CUST05986,Devansh Rajan,Female,60,Education,2026-01-16,Kozhikode,Kerala,South
CUST05987,Chaitanya Arya,Female,43,Education,2024-05-14,Coimbatore,Tamil Nadu,South
CUST05988,Lavanya Bahl,Female,31,Corporate,2022-11-20,Warangal,Telangana,South
CUST05989,Priya Som,Male,22,Education,2022-09-11,Mysuru,Karnataka,South
CUST05990,Janya Dua,Female,29,Retail,2024-10-03,New Delhi,Delhi,North
CUST05991,Dhriti Lad,Female,50,Corporate,2022-04-01,Ahmedabad,Gujarat,West
CUST05992,Tarak Varghese,Female,52,Education,2025-11-01,Madurai,Tamil Nadu,South
CUST05993,Turvi Date,Female,48,Retail,2026-01-20,Thiruvananthapuram,Kerala,South
CUST05994,Arjun Kothari,Female,42,Government,2021-08-06,Pune,Maharashtra,West
CUST05995,Aradhana Vig,Female,19,Corporate,2022-11-16,Bhopal,Madhya Pradesh,Central
CUST05996,Shivani Kant,Male,19,SME,2023-07-06,New Delhi,Delhi,North
CUST05997,Ria Kaul,Female,61,Government,2022-06-30,Kolkata,West Bengal,East
CUST05998,Sudiksha Wason,Male,62,Retail,2022-02-01,Thiruvananthapuram,Kerala,South
CUST05999,Maanas Pandya,Male,65,Corporate,2024-09-30,Vadodara,Gujarat,West
CUST06000,Yauvani Sunder,Male,48,Retail,2023-05-15,Indore,Madhya Pradesh,Central
CUST06001,Banjeet Pillay,Male,35,Retail,2024-09-05,New Delhi,Delhi,North
CUST06002,Aarav Sem,Male,42,Corporate,2025-05-23,Mysuru,Karnataka,South
CUST06003,Faraj Rajagopalan,Male,52,Education,2021-08-27,Indore,Madhya Pradesh,Central
CUST06004,Fiyaz Oak,Male,35,Education,2021-12-13,Hyderabad,Telangana,South
CUST06005,Frederick Ben,Male,19,Retail,2024-11-15,Madurai,Tamil Nadu,South
CUST06006,David Vohra,Female,62,Government,2023-03-15,Kolkata,West Bengal,East
CUST06007,Yashvi Mandal,Female,39,Education,2025-12-28,New Delhi,Delhi,North
CUST06008,Falak Gandhi,Female,36,Government,2023-03-30,Siliguri,West Bengal,East
CUST06009,Quincy Atwal,Male,38,Corporate,2022-07-21,Bhopal,Madhya Pradesh,Central
CUST06010,Girish Sheth,Female,25,Retail,2023-02-19,Hyderabad,Telangana,South
CUST06011,Vritti Sha,Female,39,Education,2025-03-06,Nagpur,Maharashtra,West
CUST06012,Shivansh Lal,Male,53,Government,2023-01-17,Vadodara,Gujarat,West
CUST06013,Om Bansal,Male,45,Retail,2023-04-13,Kolkata,West Bengal,East
CUST06014,Jack Sarkar,Female,44,Corporate,2025-05-26,Ludhiana,Punjab,North
CUST06015,Ryan Parekh,Male,24,Corporate,2023-07-05,Coimbatore,Tamil Nadu,South
CUST06016,Vinaya Patil,Female,40,Education,2025-11-08,Bhopal,Madhya Pradesh,Central
CUST06017,Ira Cheema,Female,24,Education,2023-08-21,Karimnagar,Telangana,South
CUST06018,Manan Chakraborty,Female,31,Education,2022-05-13,Bhopal,Madhya Pradesh,Central
CUST06019,Ati Ganesh,Male,54,Corporate,2025-11-07,Kolkata,West Bengal,East
CUST06020,Alka Misra,Female,51,Corporate,2025-04-14,Kolkata,West Bengal,East
CUST06021,Urmi Mammen,Male,59,Retail,2023-12-19,Bengaluru,Karnataka,South
CUST06022,Kabir Soni,Female,49,SME,2021-11-24,Ludhiana,Punjab,North
CUST06023,Bhanumati Mutti,Male,25,Education,2024-11-18,Kozhikode,Kerala,South
CUST06024,Zansi Brahmbhatt,Male,44,Retail,2025-07-25,Kozhikode,Kerala,South
CUST06025,Pavani Bumb,Female,57,Government,2021-09-14,Kochi,Kerala,South
CUST06026,Ishwar Sathe,Male,20,SME,2023-05-20,Surat,Gujarat,West
CUST06027,Ekanta Chana,Male,48,Corporate,2023-09-27,Indore,Madhya Pradesh,Central
CUST06028,Devika Sankar,Female,41,Government,2024-05-05,Bhopal,Madhya Pradesh,Central
CUST06029,Amaira Ramachandran,Male,39,Education,2023-09-13,Vadodara,Gujarat,West
CUST06030,Netra Kanda,Male,27,Education,2024-12-28,Kozhikode,Kerala,South
CUST06031,Garima Dugar,Male,56,Corporate,2021-08-17,Nagpur,Maharashtra,West
CUST06032,Urvashi Mane,Female,24,Education,2024-02-15,Warangal,Telangana,South
CUST06033,Dhriti Butala,Male,38,Government,2025-11-03,Mumbai,Maharashtra,West
CUST06034,Edhitha Chanda,Female,49,Education,2026-04-18,Madurai,Tamil Nadu,South
CUST06035,Divya Pradhan,Male,63,Corporate,2023-05-13,Hyderabad,Telangana,South
CUST06036,Nandini Anand,Male,62,Government,2022-06-19,New Delhi,Delhi,North
CUST06037,Krishna Wason,Female,40,SME,2022-08-21,New Delhi,Delhi,North
CUST06038,Zinal Parsa,Female,38,Corporate,2023-06-10,Chennai,Tamil Nadu,South
CUST06039,Amruta Sehgal,Female,31,Retail,2021-09-30,Coimbatore,Tamil Nadu,South
CUST06040,Jatin Som,Male,48,Government,2023-03-29,Indore,Madhya Pradesh,Central
CUST06041,Chaman Pandya,Male,59,Government,2021-09-13,New Delhi,Delhi,North
CUST06042,Triya Saxena,Female,55,Government,2025-07-14,New Delhi,Delhi,North
CUST06043,Janani Khurana,Female,64,Retail,2021-12-16,Ludhiana,Punjab,North
CUST06044,Forum Bail,Male,47,Education,2024-05-18,Kolkata,West Bengal,East
CUST06045,Mekhala Bawa,Male,44,Education,2025-04-17,Thiruvananthapuram,Kerala,South
CUST06046,Bahadurjit Krishna,Male,31,Corporate,2021-08-19,Kolkata,West Bengal,East
CUST06047,Jalsa Oza,Male,45,Education,2024-08-11,Bhopal,Madhya Pradesh,Central
CUST06048,Shravya Devi,Male,25,Education,2025-09-04,Mysuru,Karnataka,South
CUST06049,Ekaraj Krishnan,Female,18,Corporate,2025-02-03,Kozhikode,Kerala,South
CUST06050,Vedant Virk,Male,59,Corporate,2024-05-17,Mumbai,Maharashtra,West
CUST06051,Daniel Ravel,Male,21,Education,2023-09-21,Mumbai,Maharashtra,West
CUST06052,Simon De,Male,45,SME,2024-10-06,Kochi,Kerala,South
CUST06053,Balvan Palla,Male,52,Retail,2022-04-25,Mumbai,Maharashtra,West
CUST06054,Neha Badami,Female,28,SME,2023-03-12,Pune,Maharashtra,West
CUST06055,Michael Parmer,Male,60,Retail,2025-04-10,Siliguri,West Bengal,East
CUST06056,Baljiwan Devi,Female,33,SME,2026-01-02,Karimnagar,Telangana,South
CUST06057,Triya Date,Female,46,Education,2026-03-22,Mangaluru,Karnataka,South
CUST06058,George Hayre,Male,25,Government,2022-10-17,Vadodara,Gujarat,West
CUST06059,Max Yohannan,Female,44,SME,2022-06-15,New Delhi,Delhi,North
CUST06060,Sachi Sampath,Female,24,SME,2025-01-25,Mangaluru,Karnataka,South
CUST06061,Simon Natt,Male,57,Government,2024-09-14,Amritsar,Punjab,North
CUST06062,Lopa Bahl,Male,47,Retail,2024-04-18,Indore,Madhya Pradesh,Central
CUST06063,Bina Kara,Male,37,SME,2024-05-06,Surat,Gujarat,West
CUST06064,Faqid Garg,Male,50,Corporate,2023-12-30,Madurai,Tamil Nadu,South
CUST06065,Ayaan Lata,Male,19,Corporate,2023-09-09,New Delhi,Delhi,North
CUST06066,Ikbal Arora,Female,57,SME,2023-11-24,Surat,Gujarat,West
CUST06067,Nakul Trivedi,Male,20,Corporate,2025-04-18,Karimnagar,Telangana,South
CUST06068,Peter Samra,Female,63,Education,2025-10-05,Thiruvananthapuram,Kerala,South
CUST06069,Veer Nagy,Male,28,Government,2026-06-13,New Delhi,Delhi,North
CUST06070,Chaitanya Garde,Male,52,Education,2025-08-08,Ahmedabad,Gujarat,West
CUST06071,Eshana Banerjee,Female,23,Retail,2023-04-01,Madurai,Tamil Nadu,South
CUST06072,Jasmit Buch,Male,57,Corporate,2026-04-28,Kolkata,West Bengal,East
CUST06073,Oscar Kannan,Female,59,Corporate,2022-08-03,Mumbai,Maharashtra,West
CUST06074,Shivani Sarkar,Female,45,Corporate,2022-02-23,Mumbai,Maharashtra,West
CUST06075,Akshay Bhargava,Female,44,Corporate,2026-06-19,Kolkata,West Bengal,East
CUST06076,Wishi Wali,Male,33,SME,2021-12-17,Thiruvananthapuram,Kerala,South
CUST06077,Balendra Pall,Female,24,Government,2023-05-09,Thiruvananthapuram,Kerala,South
CUST06078,Harshil Trivedi,Female,64,Retail,2024-11-28,New Delhi,Delhi,North
CUST06079,Hredhaan Kari,Female,36,Corporate,2024-07-26,Siliguri,West Bengal,East
CUST06080,Ethan Baral,Male,42,Government,2024-06-18,Mumbai,Maharashtra,West
CUST06081,Daksha Garde,Female,39,Retail,2025-03-06,Karimnagar,Telangana,South
CUST06082,Xalak Chada,Male,39,Retail,2021-08-19,Amritsar,Punjab,North
CUST06083,Xavier Joshi,Male,53,Government,2022-12-10,Bhopal,Madhya Pradesh,Central
CUST06084,Advaith Kanda,Female,48,Retail,2021-12-05,Bhopal,Madhya Pradesh,Central
CUST06085,Tristan Mand,Female,56,Education,2024-01-01,Kozhikode,Kerala,South
CUST06086,Alexander Bandi,Male,38,Government,2025-07-17,Pune,Maharashtra,West
CUST06087,Baljiwan Choudhry,Female,39,Retail,2024-10-31,Coimbatore,Tamil Nadu,South
CUST06088,Ishanvi Sachar,Male,53,Government,2021-11-29,Pune,Maharashtra,West
CUST06089,Urishilla Bhat,Male,55,Government,2023-12-10,Kochi,Kerala,South
CUST06090,Gauri Parmer,Male,53,Government,2024-07-10,Surat,Gujarat,West
CUST06091,Faqid Lata,Female,36,Government,2022-02-04,Ludhiana,Punjab,North
CUST06092,Banjeet Taneja,Female,45,Education,2023-04-18,New Delhi,Delhi,North
CUST06093,Sai Thaman,Female,19,Education,2023-01-28,Bhopal,Madhya Pradesh,Central
CUST06094,Anika Uppal,Male,45,Government,2022-05-19,Coimbatore,Tamil Nadu,South
CUST06095,Chandran Memon,Female,57,Education,2023-12-19,Bengaluru,Karnataka,South
CUST06096,Rajeshri Andra,Male,31,Government,2021-08-07,Chennai,Tamil Nadu,South
CUST06097,Ishanvi Saran,Female,24,SME,2024-07-21,Nagpur,Maharashtra,West
CUST06098,Mitesh Agate,Female,44,Education,2024-05-25,New Delhi,Delhi,North
CUST06099,Nikita Desai,Female,22,Government,2022-09-15,Ahmedabad,Gujarat,West
CUST06100,Faraj Mandal,Male,61,Retail,2025-02-27,Siliguri,West Bengal,East
CUST06101,Ronith Wable,Female,34,Government,2025-12-21,New Delhi,Delhi,North
CUST06102,Thomas Garg,Female,62,Corporate,2026-06-04,Hyderabad,Telangana,South
CUST06103,Shravya Karnik,Female,54,Government,2023-03-11,Vadodara,Gujarat,West
CUST06104,Jack Sampath,Female,38,Retail,2024-03-12,Ahmedabad,Gujarat,West
CUST06105,Raksha Peri,Female,63,Government,2023-04-19,Surat,Gujarat,West
CUST06106,Oscar Ganguly,Female,37,Retail,2022-05-17,Thiruvananthapuram,Kerala,South
CUST06107,Kai Shan,Female,29,Government,2025-05-05,Karimnagar,Telangana,South
CUST06108,Rayaan Datta,Female,62,Government,2023-12-25,New Delhi,Delhi,North
CUST06109,Urvi Butala,Female,46,Retail,2024-12-18,Indore,Madhya Pradesh,Central
CUST06110,Amara Chowdhury,Male,39,Retail,2023-01-17,Mumbai,Maharashtra,West
CUST06111,Isaiah Trivedi,Female,63,Education,2024-11-08,Kozhikode,Kerala,South
CUST06112,Balhaar Dube,Female,37,Government,2024-06-24,New Delhi,Delhi,North
CUST06113,Radha Raman,Female,33,Government,2023-04-15,Madurai,Tamil Nadu,South
CUST06114,Nandini Dugar,Male,65,Education,2022-07-07,Nagpur,Maharashtra,West
CUST06115,Chaman Dora,Female,30,SME,2025-07-02,Kolkata,West Bengal,East
CUST06116,Siya Varkey,Male,19,Retail,2025-12-20,Siliguri,West Bengal,East
CUST06117,Ati Lanka,Male,46,Government,2023-01-10,Bengaluru,Karnataka,South
CUST06118,Yauvani Ravel,Female,23,Government,2024-11-14,Bhopal,Madhya Pradesh,Central
CUST06119,Ethan Natt,Female,59,Government,2023-08-02,Kochi,Kerala,South
CUST06120,Onkar Doctor,Female,47,SME,2021-07-21,Ahmedabad,Gujarat,West
CUST06121,Nidra Koshy,Female,21,Corporate,2024-03-09,Siliguri,West Bengal,East
CUST06122,Pavani Wali,Female,27,Retail,2026-06-12,New Delhi,Delhi,North
CUST06123,Nandini Saran,Female,31,SME,2022-02-21,Kozhikode,Kerala,South
CUST06124,Yachana Natt,Female,31,Government,2022-01-19,Nagpur,Maharashtra,West
CUST06125,Nidhi Vala,Female,65,Corporate,2025-10-28,Pune,Maharashtra,West
CUST06126,Netra Merchant,Male,61,Corporate,2024-05-12,Kochi,Kerala,South
CUST06127,Daniel Khalsa,Female,46,Education,2025-09-19,Kochi,Kerala,South
CUST06128,Kalpit Varty,Male,46,Corporate,2022-10-04,Coimbatore,Tamil Nadu,South
CUST06129,Ridhi Dube,Female,35,SME,2022-05-09,Coimbatore,Tamil Nadu,South
CUST06130,Hitesh Shere,Female,29,Education,2022-06-20,Amritsar,Punjab,North
CUST06131,Gautam Comar,Male,43,Education,2025-05-18,Warangal,Telangana,South
CUST06132,Tara Narayanan,Male,50,Government,2025-09-02,Siliguri,West Bengal,East
CUST06133,Daksh Sekhon,Female,34,Education,2022-10-24,Siliguri,West Bengal,East
CUST06134,Upadhriti Ramanathan,Female,61,SME,2022-07-02,Vadodara,Gujarat,West
CUST06135,Aachal Batra,Female,26,Government,2026-06-08,Thiruvananthapuram,Kerala,South
CUST06136,Rachana Chandra,Female,65,Education,2023-11-10,Ahmedabad,Gujarat,West
CUST06137,Pranav Narang,Male,48,Education,2025-10-23,Mumbai,Maharashtra,West
CUST06138,Raghav Yogi,Female,36,Retail,2022-12-20,Amritsar,Punjab,North
CUST06139,Ekiya Madan,Male,48,Education,2024-09-10,Mumbai,Maharashtra,West
CUST06140,Meera Tiwari,Male,37,Government,2023-07-31,Amritsar,Punjab,North
CUST06141,Frederick Mistry,Male,37,Retail,2026-04-25,Amritsar,Punjab,North
CUST06142,Advaith Sahota,Female,31,Corporate,2021-08-18,Coimbatore,Tamil Nadu,South
CUST06143,Amruta Kanda,Male,20,Retail,2025-01-13,Mangaluru,Karnataka,South
CUST06144,Dayita Deol,Male,44,SME,2025-05-30,Bhopal,Madhya Pradesh,Central
CUST06145,Nakul Sawhney,Male,33,SME,2022-12-14,New Delhi,Delhi,North
CUST06146,Aarini Date,Male,51,SME,2021-07-22,Pune,Maharashtra,West
CUST06147,Mitesh Wali,Male,39,Corporate,2022-06-29,New Delhi,Delhi,North
CUST06148,Ganga Sachar,Male,44,Education,2022-06-13,Kozhikode,Kerala,South
CUST06149,Adya Kar,Male,20,SME,2022-11-12,Mangaluru,Karnataka,South
CUST06150,Abeer Sahni,Male,22,Retail,2024-06-22,Ludhiana,Punjab,North
CUST06151,Shivani Chander,Female,44,Retail,2023-12-24,Thiruvananthapuram,Kerala,South
CUST06152,Jagat Hans,Female,38,Retail,2025-10-26,Madurai,Tamil Nadu,South
CUST06153,Radhika Kalla,Male,61,SME,2026-06-17,Madurai,Tamil Nadu,South
CUST06154,Xiti Sem,Female,35,Education,2025-01-05,Kolkata,West Bengal,East
CUST06155,Teerth Brahmbhatt,Female,64,SME,2023-11-03,New Delhi,Delhi,North
CUST06156,Samaksh Bhardwaj,Female,23,Government,2021-08-30,Amritsar,Punjab,North
CUST06157,Xalak Buch,Male,35,Education,2024-07-25,New Delhi,Delhi,North
CUST06158,Xiti Bhasin,Female,60,Education,2024-01-29,Bhopal,Madhya Pradesh,Central
CUST06159,Arin Morar,Male,65,SME,2023-04-09,Kolkata,West Bengal,East
CUST06160,Krish Char,Female,39,Government,2025-08-08,Warangal,Telangana,South
CUST06161,Shivani Rana,Male,51,Government,2025-09-16,Bhopal,Madhya Pradesh,Central
CUST06162,Saanvi Buch,Male,62,Corporate,2025-06-12,Coimbatore,Tamil Nadu,South
CUST06163,Eta Walia,Male,54,Corporate,2021-09-15,Kochi,Kerala,South
CUST06164,Nathan Lal,Female,19,SME,2024-10-12,Amritsar,Punjab,North
CUST06165,Abha Kothari,Male,57,Government,2021-10-16,Pune,Maharashtra,West
CUST06166,Eiravati Acharya,Male,22,SME,2023-11-11,New Delhi,Delhi,North
CUST06167,Vyanjana Sodhi,Male,31,Retail,2024-12-13,Mysuru,Karnataka,South
CUST06168,Sudiksha Koshy,Female,20,SME,2022-06-05,Siliguri,West Bengal,East
CUST06169,Kamala Narasimhan,Female,33,Corporate,2025-01-22,Amritsar,Punjab,North
CUST06170,Andrew Kade,Female,47,Government,2023-01-10,Kolkata,West Bengal,East
CUST06171,Tanvi Kota,Female,47,SME,2022-04-17,Ahmedabad,Gujarat,West
CUST06172,Onveer Buch,Male,30,SME,2022-03-22,Mumbai,Maharashtra,West
CUST06173,Yachana Jaggi,Female,24,Retail,2023-03-23,Bhopal,Madhya Pradesh,Central
CUST06174,Yasti Bhakta,Male,50,Education,2026-03-18,Karimnagar,Telangana,South
CUST06175,Gauri Goda,Male,52,Education,2026-06-27,Thiruvananthapuram,Kerala,South
CUST06176,Advaith Chaudhuri,Female,48,SME,2022-07-10,New Delhi,Delhi,North
CUST06177,Ria Joshi,Male,31,SME,2023-04-16,Chennai,Tamil Nadu,South
CUST06178,Xavier Gara,Male,18,Corporate,2026-01-08,Madurai,Tamil Nadu,South
CUST06179,David Devan,Female,30,SME,2025-03-01,Vadodara,Gujarat,West
CUST06180,Ikbal Mammen,Male,40,Corporate,2026-04-08,New Delhi,Delhi,North
CUST06181,Anita Sama,Male,62,Retail,2024-12-29,Bhopal,Madhya Pradesh,Central
CUST06182,Keya Malhotra,Female,57,Government,2022-12-11,Amritsar,Punjab,North
CUST06183,Triya Panchal,Female,63,Retail,2025-04-05,Mangaluru,Karnataka,South
CUST06184,Nisha Parsa,Female,39,SME,2023-04-21,Karimnagar,Telangana,South
CUST06185,Hredhaan Chatterjee,Female,47,SME,2023-03-01,Kolkata,West Bengal,East
CUST06186,Lila Pandya,Male,52,Corporate,2023-09-03,Indore,Madhya Pradesh,Central
CUST06187,Advika Sood,Male,37,Government,2026-01-08,Madurai,Tamil Nadu,South
CUST06188,Omisha Jaggi,Male,64,Retail,2022-08-23,Indore,Madhya Pradesh,Central
CUST06189,Vidhi Kala,Male,34,Education,2026-04-24,Kozhikode,Kerala,South
CUST06190,Watika Sheth,Male,63,Government,2023-03-23,Thiruvananthapuram,Kerala,South
CUST06191,Shaurya Sharma,Male,24,Government,2025-11-10,Warangal,Telangana,South
CUST06192,Aachal Sood,Female,65,Corporate,2025-02-25,Vadodara,Gujarat,West
CUST06193,Nidhi Rama,Male,29,Retail,2022-05-02,Mangaluru,Karnataka,South
CUST06194,Owen Bhardwaj,Male,48,Corporate,2025-04-24,Siliguri,West Bengal,East
CUST06195,Damini Wadhwa,Male,36,Education,2025-01-24,Mumbai,Maharashtra,West
CUST06196,Laban Dhawan,Male,23,SME,2025-06-02,Chennai,Tamil Nadu,South
CUST06197,Lajita Mody,Male,21,Retail,2026-02-21,Surat,Gujarat,West
CUST06198,Idika Das,Male,30,Retail,2026-01-27,Ahmedabad,Gujarat,West
CUST06199,Matthew Khalsa,Male,46,Education,2026-03-16,Pune,Maharashtra,West
CUST06200,Yasti Subramaniam,Male,21,Government,2025-05-20,Kolkata,West Bengal,East
CUST06201,Anita Setty,Female,60,SME,2022-09-23,New Delhi,Delhi,North
CUST06202,Omya Pall,Female,65,Education,2026-04-09,Surat,Gujarat,West
CUST06203,Nisha Bassi,Female,38,SME,2025-05-14,Kozhikode,Kerala,South
CUST06204,Udyati Tak,Male,56,Government,2024-11-18,Madurai,Tamil Nadu,South
CUST06205,Alka Patla,Female,57,Government,2021-09-27,Chennai,Tamil Nadu,South
CUST06206,Ekta Mandal,Male,21,Education,2026-03-09,Pune,Maharashtra,West
CUST06207,Yachana Parsa,Male,57,Retail,2025-07-16,Nagpur,Maharashtra,West
CUST06208,Qarin Bobal,Male,62,Education,2026-01-20,Mysuru,Karnataka,South
CUST06209,Daksha Trivedi,Male,21,Government,2024-11-14,New Delhi,Delhi,North
CUST06210,Akshay Bal,Female,26,Retail,2024-05-28,Hyderabad,Telangana,South
CUST06211,Advay Bajaj,Female,50,Corporate,2022-06-20,New Delhi,Delhi,North
CUST06212,Chanakya Kata,Male,58,Education,2023-09-15,Karimnagar,Telangana,South
CUST06213,Ishaan Bhakta,Female,28,Education,2021-09-17,Vadodara,Gujarat,West
CUST06214,Azad Bajaj,Male,19,Government,2022-10-02,Bhopal,Madhya Pradesh,Central
CUST06215,Warinder Char,Female,49,Government,2021-10-15,Kozhikode,Kerala,South
CUST06216,Reyansh Modi,Male,18,SME,2025-06-26,Madurai,Tamil Nadu,South
CUST06217,Aashi Sodhi,Male,60,SME,2022-05-28,Indore,Madhya Pradesh,Central
CUST06218,Eesha Wadhwa,Male,53,Education,2026-01-19,Ludhiana,Punjab,North
CUST06219,William Rastogi,Male,28,Corporate,2025-12-17,Mangaluru,Karnataka,South
CUST06220,Nidra Borde,Female,35,Government,2023-09-03,Bengaluru,Karnataka,South
CUST06221,Lavanya Sem,Female,65,Corporate,2023-10-27,Vadodara,Gujarat,West
CUST06222,Frederick Dixit,Female,25,Corporate,2021-11-20,Mumbai,Maharashtra,West
CUST06223,Imaran Talwar,Male,36,SME,2023-04-09,Bhopal,Madhya Pradesh,Central
CUST06224,Champak Din,Male,39,Government,2021-12-29,Karimnagar,Telangana,South
CUST06225,Nikita Saraf,Male,58,Government,2024-03-30,Mangaluru,Karnataka,South
CUST06226,Kabir Wable,Female,20,SME,2025-08-08,New Delhi,Delhi,North
CUST06227,Lekha Mittal,Male,29,SME,2023-01-18,Kolkata,West Bengal,East
CUST06228,Falak Puri,Female,37,Education,2024-09-04,Mysuru,Karnataka,South
CUST06229,Upkaar Natt,Female,62,Government,2022-09-09,Pune,Maharashtra,West
CUST06230,Maya Hayre,Male,34,Retail,2025-02-08,Ahmedabad,Gujarat,West
CUST06231,Aahana Vala,Female,43,SME,2023-03-16,Siliguri,West Bengal,East
CUST06232,Xalak Sethi,Male,42,SME,2022-12-03,Kochi,Kerala,South
CUST06233,Tripti Bhatia,Male,32,Government,2025-04-15,Surat,Gujarat,West
CUST06234,Osha Bandi,Female,64,Education,2024-01-24,Siliguri,West Bengal,East
CUST06235,Viraj Kumar,Male,22,Corporate,2022-02-25,Surat,Gujarat,West
CUST06236,Ikbal Nagarajan,Female,59,Corporate,2022-10-10,New Delhi,Delhi,North
CUST06237,Hredhaan Chaudhary,Male,23,Retail,2024-10-16,Karimnagar,Telangana,South
CUST06238,Inaya Ram,Female,18,SME,2023-07-25,Kozhikode,Kerala,South
CUST06239,Jeremiah Raj,Female,23,Government,2025-10-15,Amritsar,Punjab,North
CUST06240,Harrison Tiwari,Male,50,Retail,2024-09-26,Indore,Madhya Pradesh,Central
CUST06241,Rajeshri Toor,Male,64,SME,2022-09-12,Thiruvananthapuram,Kerala,South
CUST06242,Faras Pradhan,Male,53,Corporate,2024-07-03,Siliguri,West Bengal,East
CUST06243,Abhimanyu Karpe,Female,22,Government,2026-01-09,Bhopal,Madhya Pradesh,Central
CUST06244,Jonathan Sule,Female,54,Retail,2021-12-17,Coimbatore,Tamil Nadu,South
CUST06245,Ria Shankar,Female,46,Corporate,2024-01-17,Ahmedabad,Gujarat,West
CUST06246,Yug Gulati,Female,23,Education,2023-11-27,Kolkata,West Bengal,East
CUST06247,Sara Anand,Male,54,SME,2023-02-23,Ludhiana,Punjab,North
CUST06248,Gunbir Tank,Female,49,Retail,2025-06-11,Kochi,Kerala,South
CUST06249,Arjun Baral,Female,58,Government,2023-12-19,Siliguri,West Bengal,East
CUST06250,Bahadurjit Arora,Female,62,Corporate,2026-06-18,New Delhi,Delhi,North
CUST06251,Yamini Sama,Female,60,Government,2026-01-18,Indore,Madhya Pradesh,Central
CUST06252,Anita Chacko,Male,63,Government,2024-12-11,Hyderabad,Telangana,South
CUST06253,Lopa Som,Male,27,Corporate,2025-02-15,Bengaluru,Karnataka,South
CUST06254,Ira Bala,Male,45,Government,2026-06-24,Ahmedabad,Gujarat,West
CUST06255,Ethan Cherian,Female,52,SME,2021-09-11,Siliguri,West Bengal,East
CUST06256,Adya Krish,Female,58,Education,2022-04-06,New Delhi,Delhi,North
CUST06257,Rudra Sahni,Female,35,SME,2024-07-26,Kolkata,West Bengal,East
CUST06258,Aradhana Dhar,Female,35,SME,2022-10-25,Kolkata,West Bengal,East
CUST06259,Hritik Lata,Female,39,Corporate,2023-03-09,Bhopal,Madhya Pradesh,Central
CUST06260,Saanvi Patil,Female,58,Corporate,2024-07-13,Chennai,Tamil Nadu,South
CUST06261,Janani Dora,Female,40,SME,2022-02-18,Coimbatore,Tamil Nadu,South
CUST06262,Deepa Natt,Female,35,Government,2025-01-30,Indore,Madhya Pradesh,Central
CUST06263,Chavvi Merchant,Male,61,Retail,2024-05-08,Amritsar,Punjab,North
CUST06264,Bimala Vasa,Female,61,Corporate,2023-06-03,Nagpur,Maharashtra,West
CUST06265,Saumya Dasgupta,Female,25,Retail,2026-02-16,New Delhi,Delhi,North
CUST06266,Gunbir Behl,Female,34,SME,2024-04-27,Bhopal,Madhya Pradesh,Central
CUST06267,Yashica Narayan,Female,40,SME,2022-01-06,Thiruvananthapuram,Kerala,South
CUST06268,Yoshita Walla,Female,37,Retail,2024-11-21,Coimbatore,Tamil Nadu,South
CUST06269,Udyati Thakur,Female,51,Government,2025-12-05,Bhopal,Madhya Pradesh,Central
CUST06270,Harish Borra,Male,21,Government,2024-06-14,New Delhi,Delhi,North
CUST06271,Samaksh Apte,Male,21,Retail,2024-03-15,Thiruvananthapuram,Kerala,South
CUST06272,Christopher Sarraf,Male,23,SME,2022-03-23,New Delhi,Delhi,North
CUST06273,Aradhana Lata,Male,29,SME,2023-07-06,Bhopal,Madhya Pradesh,Central
CUST06274,Ishani Gola,Female,52,Corporate,2026-02-25,Hyderabad,Telangana,South
CUST06275,Yashawini Bansal,Male,48,Education,2025-04-24,Nagpur,Maharashtra,West
CUST06276,Aryan Badal,Female,45,Retail,2025-12-22,New Delhi,Delhi,North
CUST06277,Hitesh Lalla,Male,35,Retail,2024-10-25,Madurai,Tamil Nadu,South
CUST06278,Gaurang Hayer,Female,53,Retail,2025-07-23,Kochi,Kerala,South
CUST06279,Nirja Sood,Male,46,Corporate,2022-05-20,Coimbatore,Tamil Nadu,South
CUST06280,Kalpit Bansal,Female,43,Education,2022-04-21,Vadodara,Gujarat,West
CUST06281,Falan Lata,Female,34,SME,2022-03-17,Coimbatore,Tamil Nadu,South
CUST06282,Jonathan Mammen,Female,33,Government,2023-04-09,New Delhi,Delhi,North
CUST06283,Ridhi Bhandari,Male,57,Education,2025-10-13,Warangal,Telangana,South
CUST06284,Dayita Patla,Female,58,Corporate,2022-10-06,Amritsar,Punjab,North
CUST06285,Yagnesh Vasa,Male,58,SME,2023-10-26,Ludhiana,Punjab,North
CUST06286,Girindra Kalita,Female,57,Government,2025-09-24,Thiruvananthapuram,Kerala,South
CUST06287,Hitesh Venkatesh,Male,63,Government,2025-03-11,Chennai,Tamil Nadu,South
CUST06288,Jonathan Pal,Female,65,Corporate,2021-12-08,Surat,Gujarat,West
CUST06289,Krishna Nori,Male,28,Retail,2026-02-07,Siliguri,West Bengal,East
CUST06290,Mitesh Gour,Male,53,Corporate,2024-08-01,Surat,Gujarat,West
CUST06291,Anya Kumar,Female,47,SME,2024-05-17,Mangaluru,Karnataka,South
CUST06292,Lajita Hegde,Male,23,Corporate,2025-04-03,Vadodara,Gujarat,West
CUST06293,Ojasvi Shetty,Female,34,Corporate,2024-12-04,New Delhi,Delhi,North
CUST06294,Saksham Pandya,Female,48,Government,2023-10-10,Bhopal,Madhya Pradesh,Central
CUST06295,Samarth Dutta,Female,18,Education,2023-09-20,Pune,Maharashtra,West
CUST06296,Qushi Amble,Female,39,Retail,2024-04-22,Kolkata,West Bengal,East
CUST06297,Kevin Bajwa,Male,47,Education,2025-07-23,Indore,Madhya Pradesh,Central
CUST06298,Jagvi Sabharwal,Male,27,Government,2022-09-04,Surat,Gujarat,West
CUST06299,Advik Shankar,Male,37,Government,2022-09-28,Pune,Maharashtra,West
CUST06300,Krish Mutti,Male,61,Retail,2025-04-24,Warangal,Telangana,South
CUST06301,Amara Kadakia,Male,51,Corporate,2025-03-16,New Delhi,Delhi,North
CUST06302,Devansh Shetty,Female,35,Education,2023-02-22,Siliguri,West Bengal,East
CUST06303,Oni Shanker,Female,42,SME,2025-10-18,Amritsar,Punjab,North
CUST06304,Upkaar Nair,Female,19,SME,2024-05-10,Indore,Madhya Pradesh,Central
CUST06305,Yatan Dua,Female,59,Corporate,2025-01-28,Surat,Gujarat,West
CUST06306,Megha Kashyap,Female,52,Education,2023-05-14,Mumbai,Maharashtra,West
CUST06307,Jackson Salvi,Female,44,Government,2025-01-18,Ludhiana,Punjab,North
CUST06308,Krishna Shroff,Male,55,SME,2022-11-13,Hyderabad,Telangana,South
CUST06309,Vasana Rao,Female,43,Corporate,2025-09-23,Indore,Madhya Pradesh,Central
CUST06310,Quincy Roy,Female,31,SME,2024-06-02,Mumbai,Maharashtra,West
CUST06311,Oni Soman,Female,25,Retail,2025-06-30,Bhopal,Madhya Pradesh,Central
CUST06312,Zayyan Chacko,Male,39,SME,2024-01-12,Bengaluru,Karnataka,South
CUST06313,Ladli Lad,Male,36,Government,2023-03-18,Amritsar,Punjab,North
CUST06314,Adweta Oza,Male,60,SME,2025-10-23,Mumbai,Maharashtra,West
CUST06315,Fiyaz Shere,Male,29,SME,2023-04-08,Siliguri,West Bengal,East
CUST06316,Ekanta Borah,Female,43,SME,2021-09-08,Surat,Gujarat,West
CUST06317,Nakul Muni,Female,35,Education,2023-09-25,Chennai,Tamil Nadu,South
CUST06318,Samesh Sani,Female,52,SME,2022-01-13,Mumbai,Maharashtra,West
CUST06319,Urvi Chaudhuri,Male,57,SME,2023-08-06,Surat,Gujarat,West
CUST06320,Ladli Kibe,Male,52,SME,2024-04-16,Hyderabad,Telangana,South
CUST06321,Vinaya Yohannan,Male,61,Government,2023-12-06,Surat,Gujarat,West
CUST06322,Zarna Rege,Female,49,SME,2026-02-01,Surat,Gujarat,West
CUST06323,Jagrati Mani,Female,43,Retail,2023-11-13,Kolkata,West Bengal,East
CUST06324,Tamanna Khare,Female,58,Retail,2021-12-18,Karimnagar,Telangana,South
CUST06325,Anay Choudhury,Male,33,Corporate,2023-07-10,Thiruvananthapuram,Kerala,South
CUST06326,David Korpal,Male,37,Retail,2024-11-28,Pune,Maharashtra,West
CUST06327,Widisha Radhakrishnan,Female,43,Government,2022-06-17,Ludhiana,Punjab,North
CUST06328,Kamala Peri,Female,64,Education,2023-04-17,Ludhiana,Punjab,North
CUST06329,Raagini Solanki,Male,36,Retail,2021-07-31,Bhopal,Madhya Pradesh,Central
CUST06330,Tarak Sengupta,Female,54,SME,2026-03-03,Siliguri,West Bengal,East
CUST06331,Chasmum Sathe,Male,49,SME,2021-09-21,Mangaluru,Karnataka,South
CUST06332,Ishita Kibe,Female,20,Retail,2025-01-20,Vadodara,Gujarat,West
CUST06333,Lekha Dar,Male,56,Education,2025-11-25,Ludhiana,Punjab,North
CUST06334,Luke Patla,Male,47,SME,2023-04-11,Chennai,Tamil Nadu,South
CUST06335,Garima Sood,Male,24,Education,2026-01-19,Indore,Madhya Pradesh,Central
CUST06336,Pavani Pradhan,Female,54,SME,2024-04-18,Mysuru,Karnataka,South
CUST06337,Gautami Dube,Female,52,Education,2025-10-30,Indore,Madhya Pradesh,Central
CUST06338,Nathan Jani,Female,38,Retail,2024-02-18,Indore,Madhya Pradesh,Central
CUST06339,Sathvik Contractor,Male,65,SME,2026-05-12,New Delhi,Delhi,North
CUST06340,Watika Dada,Female,46,Education,2025-07-29,Indore,Madhya Pradesh,Central
CUST06341,Samesh Toor,Male,45,Education,2023-01-04,Thiruvananthapuram,Kerala,South
CUST06342,Guneet Rattan,Female,63,Government,2026-01-17,Thiruvananthapuram,Kerala,South
CUST06343,Pahal Sarraf,Male,49,Retail,2024-03-26,Bhopal,Madhya Pradesh,Central
CUST06344,Vinaya Varty,Male,52,Government,2026-01-04,Ludhiana,Punjab,North
CUST06345,Peter Sengupta,Male,31,Corporate,2024-04-25,Thiruvananthapuram,Kerala,South
CUST06346,Hiral Purohit,Male,57,Retail,2025-02-10,Ahmedabad,Gujarat,West
CUST06347,Yash Behl,Male,21,Government,2022-02-26,Coimbatore,Tamil Nadu,South
CUST06348,Ria Baria,Male,49,SME,2024-04-30,Amritsar,Punjab,North
CUST06349,Theodore Chandra,Female,43,Corporate,2026-06-10,Indore,Madhya Pradesh,Central
CUST06350,Saanvi Vohra,Female,46,Retail,2026-02-23,Surat,Gujarat,West
CUST06351,Bakhshi Sama,Male,30,Retail,2023-08-28,Nagpur,Maharashtra,West
CUST06352,Varsha Sampath,Male,41,Education,2023-05-28,Mysuru,Karnataka,South
CUST06353,Yochana Kata,Male,42,Retail,2021-10-06,Vadodara,Gujarat,West
CUST06354,Mitali Devi,Female,29,Education,2024-04-28,Kolkata,West Bengal,East
CUST06355,Azaan Brahmbhatt,Female,55,SME,2025-02-26,Kozhikode,Kerala,South
CUST06356,Ria Kapur,Female,45,Government,2023-09-19,Chennai,Tamil Nadu,South
CUST06357,Michael Sabharwal,Male,61,Corporate,2023-02-26,Chennai,Tamil Nadu,South
CUST06358,Kevin Varma,Male,34,Corporate,2021-10-16,Kochi,Kerala,South
CUST06359,Aradhana Suri,Female,23,Retail,2025-01-07,Ahmedabad,Gujarat,West
CUST06360,Kiaan Raval,Male,39,Government,2025-04-30,Bhopal,Madhya Pradesh,Central
CUST06361,Qabil Panchal,Female,46,SME,2021-11-05,Pune,Maharashtra,West
CUST06362,Teerth Chanda,Female,62,Corporate,2025-06-16,Pune,Maharashtra,West
CUST06363,Vrinda Verma,Female,35,SME,2025-09-26,Warangal,Telangana,South
CUST06364,Urvi Bala,Male,62,Government,2024-12-02,Chennai,Tamil Nadu,South
CUST06365,Balvan Dyal,Male,42,Education,2025-07-07,Ahmedabad,Gujarat,West
CUST06366,Yasti Rajagopal,Male,61,SME,2023-01-06,Kozhikode,Kerala,South
CUST06367,David Bansal,Male,53,Government,2021-12-01,Hyderabad,Telangana,South
CUST06368,Qushi Savant,Male,46,Education,2025-11-18,Madurai,Tamil Nadu,South
CUST06369,Dalbir Kala,Male,52,SME,2025-02-03,Siliguri,West Bengal,East
CUST06370,Ishwar Bedi,Female,42,Corporate,2021-08-01,Ludhiana,Punjab,North
CUST06371,Lucky Soman,Male,34,Government,2024-09-26,Hyderabad,Telangana,South
CUST06372,Chaaya Bains,Male,38,SME,2024-08-06,Kochi,Kerala,South
CUST06373,Nathan Bahri,Male,29,Education,2025-08-09,Bengaluru,Karnataka,South
CUST06374,Forum Keer,Male,42,Retail,2024-12-28,Karimnagar,Telangana,South
CUST06375,Girik Raj,Female,43,SME,2023-02-28,Kochi,Kerala,South
CUST06376,Niharika Morar,Male,64,Government,2025-04-15,Amritsar,Punjab,North
CUST06377,Urmi Sama,Female,45,Retail,2024-06-15,Mysuru,Karnataka,South
CUST06378,Ansh Tandon,Female,42,Corporate,2022-09-01,Kolkata,West Bengal,East
CUST06379,Prisha Borra,Male,48,Education,2026-05-02,Bhopal,Madhya Pradesh,Central
CUST06380,Mitali Patel,Female,29,Retail,2022-01-04,Ludhiana,Punjab,North
CUST06381,Yasti Goyal,Male,36,Government,2021-07-06,Ludhiana,Punjab,North
CUST06382,Nikita Peri,Male,60,SME,2022-10-17,Siliguri,West Bengal,East
CUST06383,Chasmum Wable,Female,54,Corporate,2026-04-08,Madurai,Tamil Nadu,South
CUST06384,Rehaan Bala,Male,42,SME,2024-01-06,Bengaluru,Karnataka,South
CUST06385,Hemal Sarraf,Female,57,Education,2021-08-22,Surat,Gujarat,West
CUST06386,Harshil Venkatesh,Male,55,Government,2025-02-07,Amritsar,Punjab,North
CUST06387,Mitali Raghavan,Male,38,Corporate,2024-02-07,Coimbatore,Tamil Nadu,South
CUST06388,Neelima Walla,Female,34,Government,2023-05-04,Indore,Madhya Pradesh,Central
CUST06389,Gopal Natarajan,Female,59,Retail,2024-10-22,Mangaluru,Karnataka,South
CUST06390,Nicholas Hari,Male,39,Retail,2025-10-10,Thiruvananthapuram,Kerala,South
CUST06391,Ekani Nair,Male,25,Government,2024-03-05,Bhopal,Madhya Pradesh,Central
CUST06392,Siddharth Mukherjee,Female,53,Government,2023-01-24,Madurai,Tamil Nadu,South
CUST06393,Arin Doctor,Female,52,Corporate,2023-09-25,Chennai,Tamil Nadu,South
CUST06394,Keya Contractor,Female,18,Education,2026-04-12,Bhopal,Madhya Pradesh,Central
CUST06395,Nihal Bobal,Male,39,Corporate,2024-04-20,Mumbai,Maharashtra,West
CUST06396,Wishi Wable,Male,58,Education,2026-02-12,Madurai,Tamil Nadu,South
CUST06397,Geetika Rastogi,Male,43,Retail,2024-05-02,Warangal,Telangana,South
CUST06398,Bahadurjit Ramanathan,Male,45,Government,2022-02-27,Hyderabad,Telangana,South
CUST06399,Brinda Kant,Female,41,SME,2022-03-05,Mangaluru,Karnataka,South
CUST06400,Vihaan Bhatnagar,Male,56,Corporate,2025-05-26,Kolkata,West Bengal,East
CUST06401,Warinder Prasad,Male,50,SME,2026-01-09,Thiruvananthapuram,Kerala,South
CUST06402,Vasudha Pathak,Male,18,Education,2024-03-01,Kozhikode,Kerala,South
CUST06403,Saksham Saraf,Male,38,Retail,2021-09-26,Surat,Gujarat,West
CUST06404,Jonathan Som,Female,34,Education,2026-06-09,Amritsar,Punjab,North
CUST06405,Patrick Mand,Female,25,Retail,2023-10-21,Indore,Madhya Pradesh,Central
CUST06406,Dominic Pingle,Male,37,Retail,2023-07-11,Karimnagar,Telangana,South
CUST06407,Patrick Halder,Male,30,Retail,2023-06-02,Chennai,Tamil Nadu,South
CUST06408,Anya Bansal,Female,50,Government,2023-06-16,Bhopal,Madhya Pradesh,Central
CUST06409,Inaya Kata,Male,39,Government,2021-08-09,Ludhiana,Punjab,North
CUST06410,Sara Gola,Female,49,Retail,2025-09-24,Ludhiana,Punjab,North
CUST06411,David Mallick,Male,20,SME,2023-02-28,Ludhiana,Punjab,North
CUST06412,Rachit Seth,Male,54,SME,2024-04-09,New Delhi,Delhi,North
CUST06413,Eta Barman,Female,62,Education,2022-09-23,Chennai,Tamil Nadu,South
CUST06414,Manthan Sarma,Male,43,SME,2023-11-22,Mysuru,Karnataka,South
CUST06415,Kritika Banik,Female,31,Corporate,2024-10-10,Kolkata,West Bengal,East
CUST06416,Ojas Ramaswamy,Female,25,Government,2023-10-20,Amritsar,Punjab,North
CUST06417,Yuvraj Chhabra,Female,47,Education,2021-07-14,Amritsar,Punjab,North
CUST06418,Baghyawati Batta,Female,35,Corporate,2021-07-24,Bengaluru,Karnataka,South
CUST06419,Urishilla Mutti,Female,61,Corporate,2025-09-30,Pune,Maharashtra,West
CUST06420,Harshil Venkatesh,Female,33,Retail,2024-07-10,Madurai,Tamil Nadu,South
CUST06421,Tejas Dar,Male,34,Government,2021-11-02,Kochi,Kerala,South
CUST06422,Udarsh Agrawal,Female,49,SME,2022-07-17,New Delhi,Delhi,North
CUST06423,Bhavya Gopal,Male,37,Government,2023-08-29,Ahmedabad,Gujarat,West
CUST06424,Vanya Choudhury,Male,55,SME,2026-04-28,Nagpur,Maharashtra,West
CUST06425,Lajita Bala,Male,52,Retail,2026-05-07,Ludhiana,Punjab,North
CUST06426,Damini Kohli,Male,39,SME,2025-06-14,Surat,Gujarat,West
CUST06427,Yatan Kadakia,Male,47,Government,2023-02-16,Warangal,Telangana,South
CUST06428,Shivansh Nagar,Female,48,Education,2025-01-11,Bhopal,Madhya Pradesh,Central
CUST06429,Eta Vaidya,Male,21,Education,2022-03-26,Chennai,Tamil Nadu,South
CUST06430,Azaan Singh,Female,37,Education,2025-07-06,Bhopal,Madhya Pradesh,Central
CUST06431,Upkaar Nanda,Female,44,SME,2025-08-06,Surat,Gujarat,West
CUST06432,Vedika Batta,Female,27,Corporate,2024-11-05,Ludhiana,Punjab,North
CUST06433,Onkar Chaudry,Female,50,SME,2022-03-03,New Delhi,Delhi,North
CUST06434,Upma Sami,Male,31,Government,2021-10-20,Nagpur,Maharashtra,West
CUST06435,Sudiksha Butala,Female,61,Education,2022-08-25,Mangaluru,Karnataka,South
CUST06436,Isha Sarna,Female,18,Education,2025-01-07,Siliguri,West Bengal,East
CUST06437,Ekanta Sant,Female,22,Corporate,2023-01-28,New Delhi,Delhi,North
CUST06438,Gauri Upadhyay,Female,53,Education,2024-04-03,Kolkata,West Bengal,East
CUST06439,Radhika Choudhury,Female,46,Education,2025-12-13,Mangaluru,Karnataka,South
CUST06440,Kiaan Prakash,Female,20,Corporate,2025-04-08,Amritsar,Punjab,North
CUST06441,Frederick Mallick,Male,42,Corporate,2025-11-15,Bhopal,Madhya Pradesh,Central
CUST06442,Xiti Ramachandran,Male,65,Education,2023-01-04,Amritsar,Punjab,North
CUST06443,Akshay Walia,Male,21,Education,2025-10-06,Madurai,Tamil Nadu,South
CUST06444,Gauri Nanda,Male,26,Government,2023-04-30,Thiruvananthapuram,Kerala,South
CUST06445,Amrita Krishna,Male,29,Retail,2022-02-28,Bhopal,Madhya Pradesh,Central
CUST06446,Unnati Pingle,Female,30,Corporate,2022-04-30,New Delhi,Delhi,North
CUST06447,Megha Contractor,Male,21,Corporate,2023-04-29,Kochi,Kerala,South
CUST06448,Eshana Pai,Male,34,SME,2023-11-14,Kozhikode,Kerala,South
CUST06449,Siddharth Rout,Female,63,Retail,2024-09-10,New Delhi,Delhi,North
CUST06450,Upadhriti Sabharwal,Male,61,Retail,2022-09-30,New Delhi,Delhi,North
CUST06451,Fiyaz Narayanan,Male,30,SME,2024-08-21,New Delhi,Delhi,North
CUST06452,Aadi Baral,Female,26,Government,2023-08-29,Amritsar,Punjab,North
CUST06453,Suhani Bala,Male,50,SME,2026-04-11,Mumbai,Maharashtra,West
CUST06454,Praneel Swamy,Male,20,Education,2025-12-12,Thiruvananthapuram,Kerala,South
CUST06455,Waida Krishnan,Female,36,Government,2024-12-29,Pune,Maharashtra,West
CUST06456,Vinaya Jani,Male,24,Retail,2024-02-19,Amritsar,Punjab,North
CUST06457,Charan Thakur,Female,28,SME,2022-05-02,Indore,Madhya Pradesh,Central
CUST06458,Rachit Palla,Male,51,Retail,2022-01-15,Surat,Gujarat,West
CUST06459,Upasna Narayan,Female,44,SME,2021-10-12,Ahmedabad,Gujarat,West
CUST06460,Peter Chopra,Female,19,Education,2025-07-05,Warangal,Telangana,South
CUST06461,Maya Sabharwal,Female,52,Education,2021-10-10,Siliguri,West Bengal,East
CUST06462,Deepa Dhingra,Male,20,Corporate,2022-09-26,Mangaluru,Karnataka,South
CUST06463,Tejas Sur,Male,25,Corporate,2023-02-07,Indore,Madhya Pradesh,Central
CUST06464,Tanish Rege,Male,23,Government,2022-12-05,Coimbatore,Tamil Nadu,South
CUST06465,Nirja Sane,Female,44,Corporate,2023-11-21,Vadodara,Gujarat,West
CUST06466,Lakshmi Memon,Female,54,Government,2026-03-22,Indore,Madhya Pradesh,Central
CUST06467,Gaurav Vasa,Female,30,Retail,2025-02-10,Ludhiana,Punjab,North
CUST06468,Nathan Desai,Female,54,SME,2023-06-17,Mumbai,Maharashtra,West
CUST06469,Veda Ratti,Male,48,Government,2026-01-30,New Delhi,Delhi,North
CUST06470,Urishilla Ratta,Female,25,Education,2025-10-07,New Delhi,Delhi,North
CUST06471,Rayaan Wason,Male,29,Government,2025-07-31,Bengaluru,Karnataka,South
CUST06472,Omkaar Roy,Female,18,Retail,2022-06-04,Kolkata,West Bengal,East
CUST06473,Aarav Menon,Male,29,Government,2022-01-10,Ahmedabad,Gujarat,West
CUST06474,Unni Chad,Female,61,Retail,2025-10-04,Amritsar,Punjab,North
CUST06475,Rohan Dhar,Male,61,Corporate,2024-04-01,Hyderabad,Telangana,South
CUST06476,Oliver Nagi,Female,41,SME,2022-01-24,Bengaluru,Karnataka,South
CUST06477,Rehaan Devan,Male,43,SME,2024-04-16,Surat,Gujarat,West
CUST06478,Amruta Nagi,Male,60,Retail,2024-02-25,Siliguri,West Bengal,East
CUST06479,Wishi Acharya,Female,44,Corporate,2024-05-27,Mysuru,Karnataka,South
CUST06480,Zaid Patel,Male,24,SME,2024-06-29,Amritsar,Punjab,North
CUST06481,Lajita Biswas,Female,34,SME,2026-05-10,Warangal,Telangana,South
CUST06482,Faqid Sood,Male,64,Education,2026-05-11,Hyderabad,Telangana,South
CUST06483,Ishita Bedi,Female,36,Government,2024-03-24,Mysuru,Karnataka,South
CUST06484,Eta Dalal,Male,54,SME,2023-02-02,Kochi,Kerala,South
CUST06485,Agastya Dasgupta,Male,33,Government,2023-04-23,Siliguri,West Bengal,East
CUST06486,Ekapad Anne,Male,45,Retail,2026-03-15,Thiruvananthapuram,Kerala,South
CUST06487,Yashodhara Rama,Female,46,Government,2021-12-22,Coimbatore,Tamil Nadu,South
CUST06488,Faris Hayer,Male,43,Education,2023-05-15,Hyderabad,Telangana,South
CUST06489,Darpan Boase,Female,50,Retail,2024-10-29,Coimbatore,Tamil Nadu,South
CUST06490,Jeremiah Dewan,Male,24,SME,2022-12-25,Bhopal,Madhya Pradesh,Central
CUST06491,Ucchal Deshpande,Male,54,Education,2026-02-21,Mangaluru,Karnataka,South
CUST06492,Faqid Gara,Male,19,Government,2022-05-24,Amritsar,Punjab,North
CUST06493,Vasana Varghese,Male,54,Corporate,2023-10-09,Warangal,Telangana,South
CUST06494,Ekta Singh,Male,53,SME,2021-12-05,Bengaluru,Karnataka,South
CUST06495,Nachiket Chand,Male,63,Corporate,2025-03-07,Hyderabad,Telangana,South
CUST06496,Zansi Handa,Male,35,Government,2023-06-23,Bhopal,Madhya Pradesh,Central
CUST06497,Ekaja Minhas,Female,50,Corporate,2026-02-20,Thiruvananthapuram,Kerala,South
CUST06498,Yatin Chandran,Female,52,SME,2021-10-31,Indore,Madhya Pradesh,Central
CUST06499,Aashi Deep,Male,45,Corporate,2025-07-18,Ahmedabad,Gujarat,West
CUST06500,Liam Banerjee,Male,36,Government,2023-05-23,Bhopal,Madhya Pradesh,Central
CUST06501,Neelima Ramachandran,Female,39,Education,2023-06-14,Hyderabad,Telangana,South
CUST06502,Bishakha Basu,Male,37,Corporate,2023-12-18,Nagpur,Maharashtra,West
CUST06503,Triveni Bassi,Female,33,Government,2024-04-25,Nagpur,Maharashtra,West
CUST06504,Meera Munshi,Female,26,SME,2024-01-19,New Delhi,Delhi,North
CUST06505,Darsh Prashad,Male,62,Retail,2026-04-26,Indore,Madhya Pradesh,Central
CUST06506,Sachi Bora,Female,64,Education,2022-10-13,Warangal,Telangana,South
CUST06507,Yashodhara Tara,Female,63,Education,2022-11-20,Kozhikode,Kerala,South
CUST06508,Kiaan Varkey,Female,37,Corporate,2026-01-27,Ludhiana,Punjab,North
CUST06509,Kashish Thakur,Female,37,Government,2025-01-02,Mumbai,Maharashtra,West
CUST06510,Sudiksha Nair,Male,56,Education,2023-08-19,Amritsar,Punjab,North
CUST06511,Harish Chakrabarti,Male,39,Education,2023-06-03,Surat,Gujarat,West
CUST06512,Turvi Chada,Male,28,Government,2021-10-01,Mumbai,Maharashtra,West
CUST06513,Bina Bassi,Male,35,Government,2025-05-08,Indore,Madhya Pradesh,Central
CUST06514,Utkarsh Nagy,Female,26,SME,2024-02-19,Mangaluru,Karnataka,South
CUST06515,Yug Patil,Male,58,Retail,2023-10-02,Amritsar,Punjab,North
CUST06516,Chaitanya Gola,Female,18,Government,2023-09-25,Mangaluru,Karnataka,South
CUST06517,Baljiwan Edwin,Female,48,Corporate,2024-05-28,Coimbatore,Tamil Nadu,South
CUST06518,Vritti Bajaj,Male,36,Corporate,2023-07-21,Amritsar,Punjab,North
CUST06519,Nitara Dhingra,Male,26,SME,2024-09-26,New Delhi,Delhi,North
CUST06520,Aashi Boase,Male,20,Corporate,2022-03-06,Nagpur,Maharashtra,West
CUST06521,Hemang Din,Male,56,Retail,2023-07-15,New Delhi,Delhi,North
CUST06522,Yuvraj Sankar,Male,24,SME,2025-02-20,Nagpur,Maharashtra,West
CUST06523,Jhalak Sundaram,Male,24,Retail,2024-01-24,Warangal,Telangana,South
CUST06524,Prisha Tara,Male,43,SME,2024-10-04,Ludhiana,Punjab,North
CUST06525,Vihaan Walla,Female,39,Education,2024-04-01,Coimbatore,Tamil Nadu,South
CUST06526,Harita Kala,Male,58,Retail,2023-11-07,Indore,Madhya Pradesh,Central
CUST06527,Udarsh Kapur,Male,57,Corporate,2023-05-07,Siliguri,West Bengal,East
CUST06528,Megha Sahota,Female,46,SME,2023-08-31,Thiruvananthapuram,Kerala,South
CUST06529,Wazir Pradhan,Male,59,SME,2026-01-05,Hyderabad,Telangana,South
CUST06530,Yahvi Warrior,Female,62,Education,2022-12-20,Bhopal,Madhya Pradesh,Central
CUST06531,Lohit Gera,Female,33,Government,2024-09-10,Ludhiana,Punjab,North
CUST06532,Upma Wason,Male,45,Corporate,2024-02-05,Bengaluru,Karnataka,South
CUST06533,Daniel Brahmbhatt,Male,43,SME,2025-12-03,Pune,Maharashtra,West
CUST06534,Gauri Chana,Male,27,Government,2024-11-03,Bengaluru,Karnataka,South
CUST06535,Isaiah Gola,Male,63,Retail,2023-04-11,Indore,Madhya Pradesh,Central
CUST06536,Aarav Tata,Female,44,Retail,2023-03-19,New Delhi,Delhi,North
CUST06537,Warjas Trivedi,Male,46,Government,2022-06-27,Pune,Maharashtra,West
CUST06538,Sanya Narain,Female,38,SME,2024-12-12,Ludhiana,Punjab,North
CUST06539,Ayush Keer,Female,29,Corporate,2024-11-30,Mangaluru,Karnataka,South
CUST06540,Leena Zacharia,Female,56,Corporate,2023-02-20,Coimbatore,Tamil Nadu,South
CUST06541,Yatan Misra,Female,46,SME,2023-04-21,Mangaluru,Karnataka,South
CUST06542,Arjun Khanna,Male,57,Corporate,2025-01-02,Nagpur,Maharashtra,West
CUST06543,Vrinda Nagarajan,Female,55,Retail,2026-01-21,Mumbai,Maharashtra,West
CUST06544,Aachal Chand,Male,65,Government,2021-12-31,Pune,Maharashtra,West
CUST06545,Isaac Borde,Female,29,Government,2024-12-22,Karimnagar,Telangana,South
CUST06546,Varsha Tara,Female,47,Corporate,2024-12-13,Ludhiana,Punjab,North
CUST06547,Sai Atwal,Male,32,Corporate,2026-06-10,Kozhikode,Kerala,South
CUST06548,Gaurika Deshmukh,Male,35,SME,2023-01-21,Mysuru,Karnataka,South
CUST06549,Rajata Comar,Male,21,Corporate,2025-11-16,Kozhikode,Kerala,South
CUST06550,Zansi Gandhi,Female,24,Corporate,2024-05-05,Thiruvananthapuram,Kerala,South
CUST06551,Sanaya Goyal,Female,34,Retail,2022-01-01,Warangal,Telangana,South
CUST06552,Kevin Rege,Male,63,Education,2026-03-16,Bhopal,Madhya Pradesh,Central
CUST06553,Praneel Wadhwa,Male,32,SME,2021-07-22,Hyderabad,Telangana,South
CUST06554,Unni Vala,Male,43,Retail,2025-04-02,Mysuru,Karnataka,South
CUST06555,Anita Mukhopadhyay,Male,38,Retail,2021-08-05,Hyderabad,Telangana,South
CUST06556,Gopal Golla,Male,41,SME,2022-01-29,Mysuru,Karnataka,South
CUST06557,Harini Sundaram,Female,21,Government,2025-08-15,Vadodara,Gujarat,West
CUST06558,Guneet Mital,Male,35,Corporate,2022-12-05,Nagpur,Maharashtra,West
CUST06559,Priya Dewan,Female,39,Education,2025-01-15,Karimnagar,Telangana,South
CUST06560,Upadhriti Loyal,Male,55,Government,2023-08-20,Mumbai,Maharashtra,West
CUST06561,Vihaan Jha,Female,23,Corporate,2022-05-20,Warangal,Telangana,South
CUST06562,Gaurika Chander,Male,49,Government,2024-11-15,Ahmedabad,Gujarat,West
CUST06563,Vasatika Bhasin,Male,33,SME,2024-03-31,Madurai,Tamil Nadu,South
CUST06564,Sai Rajagopal,Male,64,SME,2023-10-26,Mysuru,Karnataka,South
CUST06565,Nisha Yadav,Male,57,Education,2022-09-06,Bhopal,Madhya Pradesh,Central
CUST06566,Ekapad Khurana,Female,38,SME,2026-01-11,Coimbatore,Tamil Nadu,South
CUST06567,Riya Uppal,Female,45,Corporate,2024-10-03,Ludhiana,Punjab,North
CUST06568,Xiti More,Male,35,Education,2026-05-12,Karimnagar,Telangana,South
CUST06569,Rehaan Parikh,Female,25,Education,2025-02-27,Kochi,Kerala,South
CUST06570,Charita Shere,Female,63,Education,2022-08-04,Hyderabad,Telangana,South
CUST06571,Liam Pandit,Male,18,Retail,2024-06-08,Thiruvananthapuram,Kerala,South
CUST06572,Forum Balakrishnan,Male,38,Retail,2022-01-24,Amritsar,Punjab,North
CUST06573,Nakul Swamy,Male,38,Government,2022-11-30,Mumbai,Maharashtra,West
CUST06574,Ira Ratta,Female,60,Education,2025-11-30,Siliguri,West Bengal,East
CUST06575,George Shere,Female,22,SME,2023-08-05,Bhopal,Madhya Pradesh,Central
CUST06576,Quincy Ghose,Male,62,Education,2021-07-25,Kozhikode,Kerala,South
CUST06577,Dominic Shetty,Male,65,Government,2022-04-14,Mangaluru,Karnataka,South
CUST06578,Vedant Vala,Male,23,SME,2023-01-08,Bengaluru,Karnataka,South
CUST06579,Siya Banik,Male,64,Corporate,2024-09-02,New Delhi,Delhi,North
CUST06580,Divya Soman,Female,50,Government,2022-07-07,Indore,Madhya Pradesh,Central
CUST06581,Anita Kashyap,Male,20,SME,2022-08-30,Kolkata,West Bengal,East
CUST06582,Watika Das,Female,33,Government,2024-07-13,New Delhi,Delhi,North
CUST06583,Gavin Sandhu,Female,50,Education,2023-12-31,Kolkata,West Bengal,East
CUST06584,Rajata Dhillon,Male,51,SME,2023-01-25,Siliguri,West Bengal,East
CUST06585,Liam Palla,Female,58,Retail,2021-10-08,New Delhi,Delhi,North
CUST06586,Vincent Rattan,Female,43,Government,2023-09-28,Bhopal,Madhya Pradesh,Central
CUST06587,Shaurya Sangha,Female,48,Corporate,2023-01-16,Kolkata,West Bengal,East
CUST06588,Advaith Chandran,Male,48,Corporate,2024-07-21,Kolkata,West Bengal,East
CUST06589,Hemal Bal,Male,64,Government,2023-10-31,Ludhiana,Punjab,North
CUST06590,Qadim Sandal,Female,46,Corporate,2023-10-17,Madurai,Tamil Nadu,South
CUST06591,Ridhi Prabhakar,Male,40,Education,2022-05-21,Thiruvananthapuram,Kerala,South
CUST06592,Chakradhar Varma,Female,51,Corporate,2024-06-12,Mumbai,Maharashtra,West
CUST06593,Saksham Sabharwal,Male,21,Education,2025-03-31,Mangaluru,Karnataka,South
CUST06594,Ishanvi Agate,Female,24,SME,2024-12-06,Bhopal,Madhya Pradesh,Central
CUST06595,Qabil Biswas,Male,44,Education,2022-11-30,Surat,Gujarat,West
CUST06596,Tanish Nori,Female,48,SME,2025-02-18,Coimbatore,Tamil Nadu,South
CUST06597,Jatin Agarwal,Female,42,Government,2024-12-23,Indore,Madhya Pradesh,Central
CUST06598,Aarna Mannan,Female,41,Retail,2024-05-10,Siliguri,West Bengal,East
CUST06599,Tanvi Kala,Female,24,Retail,2022-07-14,Siliguri,West Bengal,East
CUST06600,Gauri Gour,Female,45,Retail,2025-08-30,New Delhi,Delhi,North
CUST06601,Ekansh Dayal,Female,43,Corporate,2025-11-24,Vadodara,Gujarat,West
CUST06602,Orinder Wadhwa,Male,50,Retail,2024-07-15,Mumbai,Maharashtra,West
CUST06603,Ronith Deep,Male,19,Retail,2022-12-06,Ludhiana,Punjab,North
CUST06604,Gauri Seshadri,Female,45,SME,2022-11-02,Warangal,Telangana,South
CUST06605,Riya Barad,Female,63,Education,2026-03-30,Kochi,Kerala,South
CUST06606,Yagnesh Ganguly,Male,61,Corporate,2021-11-09,Ludhiana,Punjab,North
CUST06607,Darika Baral,Female,62,Government,2024-02-19,Coimbatore,Tamil Nadu,South
CUST06608,Rajata Tiwari,Male,44,Retail,2023-12-08,Ludhiana,Punjab,North
CUST06609,Jalsa Kadakia,Female,61,Corporate,2021-10-23,Surat,Gujarat,West
CUST06610,Isha Edwin,Male,34,Retail,2022-07-05,Bengaluru,Karnataka,South
CUST06611,Chakrika Dasgupta,Female,39,SME,2022-05-30,Warangal,Telangana,South
CUST06612,Vivaan Kohli,Male,39,SME,2021-11-06,Mangaluru,Karnataka,South
CUST06613,Isaiah Rajagopal,Male,60,Government,2024-03-21,Indore,Madhya Pradesh,Central
CUST06614,David Kapoor,Female,43,Education,2022-07-10,Indore,Madhya Pradesh,Central
CUST06615,Osha Rana,Female,26,SME,2025-08-23,Kozhikode,Kerala,South
CUST06616,Warjas Hayre,Female,31,Retail,2024-02-09,New Delhi,Delhi,North
CUST06617,Thomas Randhawa,Male,51,Corporate,2025-05-25,Thiruvananthapuram,Kerala,South
CUST06618,Neha Dey,Male,55,Retail,2025-01-01,Bengaluru,Karnataka,South
CUST06619,Ikshita Varkey,Female,28,Government,2025-04-21,Mumbai,Maharashtra,West
CUST06620,Caleb Dhawan,Male,19,Education,2026-04-05,Nagpur,Maharashtra,West
CUST06621,Ekansh Uppal,Female,54,Government,2024-06-03,Mumbai,Maharashtra,West
CUST06622,Omkaar Pant,Female,44,Education,2024-02-06,New Delhi,Delhi,North
CUST06623,Manan Krishna,Female,62,Corporate,2023-11-07,Karimnagar,Telangana,South
CUST06624,Veda Batra,Female,28,Corporate,2021-07-04,Ahmedabad,Gujarat,West
CUST06625,Saksham Zachariah,Female,38,Education,2025-06-17,Ahmedabad,Gujarat,West
CUST06626,Ekavir Grewal,Male,26,Corporate,2022-07-23,Bengaluru,Karnataka,South
CUST06627,Kabir Nagi,Male,36,Retail,2023-03-01,Bengaluru,Karnataka,South
CUST06628,Matthew Vala,Female,46,Retail,2022-01-14,Surat,Gujarat,West
CUST06629,Hemal Bhakta,Male,60,SME,2024-04-15,Warangal,Telangana,South
CUST06630,Hemangini Vyas,Female,24,Government,2026-01-09,Kolkata,West Bengal,East
CUST06631,Aarini Mutti,Male,39,Retail,2023-04-08,Karimnagar,Telangana,South
CUST06632,Netra Varughese,Female,20,Government,2026-05-08,New Delhi,Delhi,North
CUST06633,Warda Agarwal,Male,55,Corporate,2026-01-06,Chennai,Tamil Nadu,South
CUST06634,Ishanvi Barman,Female,49,Government,2025-01-15,Amritsar,Punjab,North
CUST06635,Wahab Chandra,Female,30,Education,2025-01-01,Mangaluru,Karnataka,South
CUST06636,Jai Suri,Male,48,Education,2021-07-29,Coimbatore,Tamil Nadu,South
CUST06637,Gaurav Luthra,Female,37,SME,2025-07-29,Bhopal,Madhya Pradesh,Central
CUST06638,Elijah Sinha,Male,28,SME,2026-01-18,Hyderabad,Telangana,South
CUST06639,Mahika Bora,Female,52,Government,2024-03-06,Kolkata,West Bengal,East
CUST06640,Reyansh Sridhar,Male,33,Education,2026-05-29,New Delhi,Delhi,North
CUST06641,Krisha Pathak,Male,37,SME,2026-05-24,Thiruvananthapuram,Kerala,South
CUST06642,Jai Acharya,Male,25,Government,2026-05-28,Bengaluru,Karnataka,South
CUST06643,Ayaan Bava,Male,42,Education,2022-08-11,Mangaluru,Karnataka,South
CUST06644,Kamala Kar,Female,25,Government,2023-06-04,Indore,Madhya Pradesh,Central
CUST06645,Chaitaly Anand,Female,18,Education,2022-10-08,Kozhikode,Kerala,South
CUST06646,Reyansh Kibe,Female,47,Retail,2023-12-30,Chennai,Tamil Nadu,South
CUST06647,Karan Parekh,Male,55,Government,2026-03-25,Kolkata,West Bengal,East
CUST06648,Qabil Wason,Female,42,Government,2024-07-23,Karimnagar,Telangana,South
CUST06649,Ekbal Chadha,Female,44,Government,2026-05-28,Warangal,Telangana,South
CUST06650,Laban Chand,Female,22,Retail,2022-09-28,Kolkata,West Bengal,East
CUST06651,Arunima Nair,Male,35,Retail,2025-03-01,Thiruvananthapuram,Kerala,South
CUST06652,Vincent Swaminathan,Male,25,Government,2024-06-14,Kochi,Kerala,South
CUST06653,Peter Rajagopalan,Male,39,Retail,2021-08-12,Coimbatore,Tamil Nadu,South
CUST06654,Jyoti Sundaram,Female,58,Retail,2024-10-27,Kochi,Kerala,South
CUST06655,Zehaan Sunder,Female,37,Education,2021-11-18,Ludhiana,Punjab,North
CUST06656,Rajata Merchant,Female,44,Retail,2024-11-18,Mangaluru,Karnataka,South
CUST06657,Megha Borah,Male,42,Education,2025-11-02,Bhopal,Madhya Pradesh,Central
CUST06658,Ronith Narang,Female,51,Corporate,2022-04-12,Coimbatore,Tamil Nadu,South
CUST06659,Chatura Manda,Male,24,SME,2025-03-07,Chennai,Tamil Nadu,South
CUST06660,Gunbir D’Alia,Female,38,Education,2021-07-28,Surat,Gujarat,West
CUST06661,Vedhika Krishnan,Female,38,Education,2025-01-13,Hyderabad,Telangana,South
CUST06662,Champak Chandran,Male,47,SME,2024-08-23,Bhopal,Madhya Pradesh,Central
CUST06663,Laban Gopal,Male,46,SME,2026-03-29,Bengaluru,Karnataka,South
CUST06664,Nathan Patla,Female,18,Government,2026-03-20,Nagpur,Maharashtra,West
CUST06665,Raksha Pathak,Male,63,Corporate,2024-08-12,Kochi,Kerala,South
CUST06666,Hemani Kar,Male,29,Education,2025-06-09,New Delhi,Delhi,North
CUST06667,Rajeshri Kumar,Male,42,Retail,2022-01-10,Mumbai,Maharashtra,West
CUST06668,Udyati Shere,Female,46,SME,2021-10-28,Kochi,Kerala,South
CUST06669,Yashica Subramanian,Male,40,Education,2024-01-21,Kochi,Kerala,South
CUST06670,Hema Kala,Male,61,Retail,2022-09-13,New Delhi,Delhi,North
CUST06671,Adya Ghose,Female,59,SME,2022-11-13,Chennai,Tamil Nadu,South
CUST06672,Yatin Chana,Male,28,SME,2023-10-20,Pune,Maharashtra,West
CUST06673,Vasana More,Male,42,SME,2024-06-19,Thiruvananthapuram,Kerala,South
CUST06674,Sathvik Narula,Female,46,SME,2025-03-29,Bengaluru,Karnataka,South
CUST06675,Ria Chandra,Female,56,SME,2023-01-08,Siliguri,West Bengal,East
CUST06676,Agastya Swaminathan,Female,50,SME,2023-05-18,Siliguri,West Bengal,East
CUST06677,Urvi Vasa,Female,18,Corporate,2021-08-30,Kolkata,West Bengal,East
CUST06678,Wazir Chaudhry,Male,21,Education,2023-08-23,New Delhi,Delhi,North
CUST06679,Ekavir Varkey,Male,46,Education,2022-05-27,Ludhiana,Punjab,North
CUST06680,Yashasvi Lata,Female,38,Government,2024-12-18,Kozhikode,Kerala,South
CUST06681,Libni Ramaswamy,Male,30,Retail,2025-01-31,Nagpur,Maharashtra,West
CUST06682,Varsha Pandya,Male,22,Education,2025-04-21,Ludhiana,Punjab,North
CUST06683,Ekapad Kapoor,Female,21,Retail,2022-12-21,Madurai,Tamil Nadu,South
CUST06684,Rajata Tiwari,Male,28,Retail,2023-12-31,Nagpur,Maharashtra,West
CUST06685,Anya Gade,Female,23,SME,2022-09-05,Pune,Maharashtra,West
CUST06686,Manan Jani,Female,46,SME,2026-05-16,Vadodara,Gujarat,West
CUST06687,Reyansh Bala,Male,60,Government,2022-01-04,Kochi,Kerala,South
CUST06688,Lopa Misra,Female,62,SME,2026-02-18,Nagpur,Maharashtra,West
CUST06689,Omya Toor,Male,54,Retail,2025-11-24,Ahmedabad,Gujarat,West
CUST06690,Benjamin Doctor,Male,64,Corporate,2023-03-11,Ludhiana,Punjab,North
CUST06691,Yauvani Sandal,Male,21,SME,2022-11-10,Ahmedabad,Gujarat,West
CUST06692,Rachita Mammen,Female,58,Education,2023-04-23,Indore,Madhya Pradesh,Central
CUST06693,Samaksh Khanna,Female,63,Retail,2023-04-03,Ahmedabad,Gujarat,West
CUST06694,Viraj Mangat,Female,33,Retail,2025-02-17,Bhopal,Madhya Pradesh,Central
CUST06695,Yamini Jani,Female,45,Corporate,2025-09-05,Ludhiana,Punjab,North
CUST06696,Isaac Dugar,Female,63,Corporate,2026-03-12,Nagpur,Maharashtra,West
CUST06697,Qabil Taneja,Female,51,Education,2022-05-13,Kozhikode,Kerala,South
CUST06698,Veda Kapur,Male,57,Corporate,2021-12-03,Vadodara,Gujarat,West
CUST06699,Kiaan Balay,Female,60,Retail,2021-08-07,Amritsar,Punjab,North
CUST06700,Utkarsh Sahni,Male,33,SME,2026-01-04,Nagpur,Maharashtra,West
CUST06701,Pallavi Agarwal,Male,48,Government,2022-04-28,Indore,Madhya Pradesh,Central
CUST06702,Neelima Sheth,Male,45,Retail,2022-12-30,New Delhi,Delhi,North
CUST06703,Luke Madan,Male,48,Corporate,2021-12-26,Surat,Gujarat,West
CUST06704,Jack Bassi,Male,25,Retail,2025-03-15,Surat,Gujarat,West
CUST06705,Ekavir Kashyap,Female,19,Education,2025-08-26,New Delhi,Delhi,North
CUST06706,Chandresh Dixit,Female,34,Education,2021-07-16,Indore,Madhya Pradesh,Central
CUST06707,Caleb Srinivas,Male,55,Government,2021-08-01,Pune,Maharashtra,West
CUST06708,Ayushman Swamy,Male,24,SME,2024-05-14,Bhopal,Madhya Pradesh,Central
CUST06709,Advik Hayer,Female,18,Corporate,2022-11-11,Surat,Gujarat,West
CUST06710,Robert Ramakrishnan,Female,60,Corporate,2025-11-15,Indore,Madhya Pradesh,Central
CUST06711,Gaurangi Raju,Female,43,Government,2022-11-28,Ludhiana,Punjab,North
CUST06712,Azad Mammen,Female,26,Government,2026-06-02,Warangal,Telangana,South
CUST06713,William Oak,Male,57,Corporate,2022-05-29,Mysuru,Karnataka,South
CUST06714,Gunbir Pathak,Male,21,Retail,2023-05-31,New Delhi,Delhi,North
CUST06715,Anthony Baria,Male,23,SME,2021-07-20,Madurai,Tamil Nadu,South
CUST06716,Jeremiah Nori,Female,22,Government,2024-05-03,New Delhi,Delhi,North
CUST06717,Kashish Kar,Female,34,Government,2023-01-15,Ludhiana,Punjab,North
CUST06718,Yasti Gaba,Male,23,Corporate,2022-04-19,Kolkata,West Bengal,East
CUST06719,Raksha Gopal,Male,59,Corporate,2023-09-02,Bengaluru,Karnataka,South
CUST06720,Jai Majumdar,Female,54,Government,2024-10-23,Siliguri,West Bengal,East
CUST06721,Fariq Bera,Female,48,Corporate,2022-01-21,Mangaluru,Karnataka,South
CUST06722,Vasatika Banerjee,Male,22,Retail,2023-12-27,Kozhikode,Kerala,South
CUST06723,Neelima Chad,Female,51,Retail,2022-04-28,Nagpur,Maharashtra,West
CUST06724,Yug Khalsa,Male,58,Education,2024-06-17,Amritsar,Punjab,North
CUST06725,Suhani Reddy,Female,22,Government,2026-02-26,Surat,Gujarat,West
CUST06726,Dayamai Sankaran,Male,51,Government,2024-05-14,Hyderabad,Telangana,South
CUST06727,Om Kapur,Male,44,Corporate,2026-01-14,Hyderabad,Telangana,South
CUST06728,Vansha Prabhu,Female,36,Retail,2026-06-13,Madurai,Tamil Nadu,South
CUST06729,Fiyaz Sundaram,Male,58,Corporate,2024-12-25,Amritsar,Punjab,North
CUST06730,Falan Bhargava,Male,44,SME,2024-10-07,Bengaluru,Karnataka,South
CUST06731,Max Deshpande,Female,56,Corporate,2025-07-18,Madurai,Tamil Nadu,South
CUST06732,Darpan Raj,Female,58,Government,2025-10-30,New Delhi,Delhi,North
CUST06733,Harshil Kumar,Female,47,Education,2022-09-14,Indore,Madhya Pradesh,Central
CUST06734,Gauri Sandhu,Male,27,Corporate,2022-11-13,Mumbai,Maharashtra,West
CUST06735,Yagnesh Hayre,Male,60,Corporate,2024-01-13,Indore,Madhya Pradesh,Central
CUST06736,Pushti Chaudry,Male,58,Education,2026-02-08,Ahmedabad,Gujarat,West
CUST06737,Quincy Patel,Male,42,Government,2024-12-29,Ludhiana,Punjab,North
CUST06738,Jagat Ganesh,Female,56,Government,2025-01-20,Thiruvananthapuram,Kerala,South
CUST06739,Nicholas Chanda,Male,29,SME,2025-09-22,Bhopal,Madhya Pradesh,Central
CUST06740,Champak Suri,Female,34,SME,2021-07-10,Karimnagar,Telangana,South
CUST06741,Veda Morar,Female,33,Education,2022-01-21,Nagpur,Maharashtra,West
CUST06742,Barkha Keer,Male,25,Retail,2025-05-13,Siliguri,West Bengal,East
CUST06743,Chanakya Dass,Male,20,Education,2025-09-12,Mumbai,Maharashtra,West
CUST06744,Kashvi Vasa,Male,38,Government,2024-06-04,Mumbai,Maharashtra,West
CUST06745,Sai Tiwari,Male,39,SME,2024-11-28,Amritsar,Punjab,North
CUST06746,Abha Saran,Male,58,Education,2021-10-15,Vadodara,Gujarat,West
CUST06747,Yutika Vaidya,Female,57,Retail,2021-11-26,Warangal,Telangana,South
CUST06748,Ekiya Shanker,Male,62,Corporate,2026-06-27,Warangal,Telangana,South
CUST06749,Ubika Divan,Female,42,Corporate,2022-07-15,Mangaluru,Karnataka,South
CUST06750,Inaya Toor,Male,44,Corporate,2025-07-11,Ludhiana,Punjab,North
CUST06751,Ridhi Wagle,Male,31,Corporate,2023-03-30,New Delhi,Delhi,North
CUST06752,Nilima Apte,Female,22,Government,2024-03-27,Thiruvananthapuram,Kerala,South
CUST06753,Yashawini Sundaram,Female,40,Government,2022-01-14,Bengaluru,Karnataka,South
CUST06754,Forum Pant,Female,32,Education,2023-04-26,Bhopal,Madhya Pradesh,Central
CUST06755,Anita Master,Female,49,Government,2023-01-08,Indore,Madhya Pradesh,Central
CUST06756,Abhimanyu Choudhary,Male,54,Corporate,2025-10-10,Surat,Gujarat,West
CUST06757,Bimala Lala,Female,35,Retail,2024-10-05,Nagpur,Maharashtra,West
CUST06758,Rohan Tandon,Female,61,Corporate,2026-04-29,Chennai,Tamil Nadu,South
CUST06759,Nitesh Wadhwa,Male,31,Government,2025-01-28,New Delhi,Delhi,North
CUST06760,Ishaan Seshadri,Female,43,Education,2024-01-01,New Delhi,Delhi,North
CUST06761,Kalpit Mohan,Male,28,SME,2023-10-09,New Delhi,Delhi,North
CUST06762,Tanveer Cherian,Male,31,Corporate,2024-12-13,Siliguri,West Bengal,East
CUST06763,Vasana Chad,Male,41,Education,2026-03-07,Bengaluru,Karnataka,South
CUST06764,Jacob Pradhan,Male,54,Corporate,2025-04-11,Kochi,Kerala,South
CUST06765,Amol Sani,Male,50,Education,2023-04-16,Nagpur,Maharashtra,West
CUST06766,Xiti Nayar,Male,20,Education,2024-10-04,Kochi,Kerala,South
CUST06767,Mohini Mane,Male,28,Education,2023-03-31,Kolkata,West Bengal,East
CUST06768,Gopal Jhaveri,Female,40,SME,2024-06-29,Kozhikode,Kerala,South
CUST06769,Januja Bhatia,Male,29,Retail,2024-09-09,Siliguri,West Bengal,East
CUST06770,Baljiwan Baral,Male,22,Government,2025-01-04,Ludhiana,Punjab,North
CUST06771,Aadi Pandya,Female,26,Government,2021-12-03,Ludhiana,Punjab,North
CUST06772,Akshay Borah,Male,45,Corporate,2022-02-01,Amritsar,Punjab,North
CUST06773,Imaran Sani,Male,58,Education,2026-04-17,Amritsar,Punjab,North
CUST06774,Agastya Merchant,Male,57,SME,2023-09-23,Ahmedabad,Gujarat,West
CUST06775,Ojas Palla,Male,61,Retail,2025-09-18,Surat,Gujarat,West
CUST06776,Upma Balan,Male,20,Government,2023-08-31,Mysuru,Karnataka,South
CUST06777,Charvi Subramanian,Female,62,Government,2025-07-31,Madurai,Tamil Nadu,South
CUST06778,Caleb Lata,Male,26,Education,2023-03-20,Nagpur,Maharashtra,West
CUST06779,Ladli Bali,Male,18,Corporate,2021-12-09,Hyderabad,Telangana,South
CUST06780,Gagan Kale,Female,26,Corporate,2022-05-13,New Delhi,Delhi,North
CUST06781,Shravya Kapoor,Male,27,Government,2024-11-23,Thiruvananthapuram,Kerala,South
CUST06782,Reva Wali,Male,60,SME,2026-02-15,Kochi,Kerala,South
CUST06783,Fitan Goyal,Female,30,Education,2023-09-02,Karimnagar,Telangana,South
CUST06784,Maya Murty,Male,45,Government,2024-09-13,Ahmedabad,Gujarat,West
CUST06785,Gauri Dass,Male,56,Retail,2025-02-20,Karimnagar,Telangana,South
CUST06786,Chavvi Bora,Male,25,Education,2024-06-18,New Delhi,Delhi,North
CUST06787,Robert Purohit,Female,64,SME,2023-07-15,New Delhi,Delhi,North
CUST06788,Victor Wadhwa,Male,18,SME,2022-08-07,Bengaluru,Karnataka,South
CUST06789,Gopal Deshpande,Female,22,Retail,2025-04-23,Surat,Gujarat,West
CUST06790,Viraj Chhabra,Female,43,SME,2025-08-01,New Delhi,Delhi,North
CUST06791,Ayush Pandit,Male,19,Government,2022-12-10,Bhopal,Madhya Pradesh,Central
CUST06792,Ladli Grover,Female,53,Retail,2025-04-14,Pune,Maharashtra,West
CUST06793,Rudra Bumb,Male,49,Education,2022-03-04,Coimbatore,Tamil Nadu,South
CUST06794,Gautam Minhas,Female,62,Corporate,2026-01-29,Mumbai,Maharashtra,West
CUST06795,Kashish Dara,Male,36,Retail,2025-04-09,Kolkata,West Bengal,East
CUST06796,Kabir Magar,Male,38,Retail,2021-09-10,Coimbatore,Tamil Nadu,South
CUST06797,Nihal Nagar,Female,24,Corporate,2022-10-03,Bhopal,Madhya Pradesh,Central
CUST06798,Ekaja Srinivas,Male,63,SME,2023-12-25,Coimbatore,Tamil Nadu,South
CUST06799,Ucchal Sodhi,Male,62,Corporate,2022-01-26,Ahmedabad,Gujarat,West
CUST06800,Chaitanya Agrawal,Male,38,Government,2022-08-06,Karimnagar,Telangana,South
CUST06801,Fitan Varty,Female,59,Education,2023-09-21,Kolkata,West Bengal,East
CUST06802,Lucky Singh,Female,35,Retail,2026-03-29,Mumbai,Maharashtra,West
CUST06803,Parth Naik,Female,29,SME,2022-04-16,Pune,Maharashtra,West
CUST06804,Oni Thaman,Female,20,Retail,2024-11-30,Kozhikode,Kerala,South
CUST06805,Chameli Peri,Female,28,SME,2023-01-11,Chennai,Tamil Nadu,South
CUST06806,Nimrat Solanki,Female,29,Education,2025-05-26,Vadodara,Gujarat,West
CUST06807,Varenya Mistry,Female,20,Corporate,2022-08-10,Ludhiana,Punjab,North
CUST06808,Henry Pradhan,Female,52,Government,2025-09-12,Coimbatore,Tamil Nadu,South
CUST06809,Damini Dani,Male,34,SME,2021-10-27,Bengaluru,Karnataka,South
CUST06810,Gavin Behl,Female,25,Government,2023-12-12,Kolkata,West Bengal,East
CUST06811,Bhavini Bal,Female,26,Corporate,2026-01-19,New Delhi,Delhi,North
CUST06812,Krishna Wable,Female,62,SME,2024-02-18,Indore,Madhya Pradesh,Central
CUST06813,George Ratta,Female,56,Corporate,2023-05-08,Nagpur,Maharashtra,West
CUST06814,Harita Mannan,Female,54,Education,2024-03-03,Mysuru,Karnataka,South
CUST06815,Gaurangi Nayak,Female,49,Government,2022-08-17,Amritsar,Punjab,North
CUST06816,Chavvi Sekhon,Male,61,Corporate,2025-05-22,Indore,Madhya Pradesh,Central
CUST06817,Falak Bahl,Male,63,SME,2024-08-15,Ludhiana,Punjab,North
CUST06818,Onkar Boase,Female,27,Education,2021-12-25,Surat,Gujarat,West
CUST06819,Netra Dayal,Male,23,Education,2023-10-02,Pune,Maharashtra,West
CUST06820,Frado Baral,Female,51,Government,2024-01-17,Mangaluru,Karnataka,South
CUST06821,Om Raj,Male,40,Corporate,2022-07-11,Ludhiana,Punjab,North
CUST06822,Udant Saha,Male,30,Education,2023-04-21,Hyderabad,Telangana,South
CUST06823,Alexander Contractor,Male,18,Government,2026-01-08,Siliguri,West Bengal,East
CUST06824,Wishi Jhaveri,Female,45,Retail,2025-04-14,Thiruvananthapuram,Kerala,South
CUST06825,Advik Hans,Male,18,Education,2024-04-27,Karimnagar,Telangana,South
CUST06826,Ridhi Sur,Male,65,Retail,2022-03-09,Pune,Maharashtra,West
CUST06827,Vaishnavi Ram,Female,54,Government,2022-07-24,Kozhikode,Kerala,South
CUST06828,Mason Sant,Male,58,SME,2023-10-23,Warangal,Telangana,South
CUST06829,Isaac D’Alia,Male,31,Government,2024-04-15,New Delhi,Delhi,North
CUST06830,Jeet Sagar,Male,50,SME,2023-06-12,Amritsar,Punjab,North
CUST06831,Saanvi Thakkar,Male,52,SME,2023-12-01,Siliguri,West Bengal,East
CUST06832,Yasti Nath,Female,43,Corporate,2023-02-11,Kozhikode,Kerala,South
CUST06833,Yashvi Rau,Male,59,Retail,2022-04-01,Mangaluru,Karnataka,South
CUST06834,Jeet Goswami,Female,55,SME,2021-11-04,Ludhiana,Punjab,North
CUST06835,Nitara Dada,Female,38,Education,2024-02-04,Bhopal,Madhya Pradesh,Central
CUST06836,Qushi Sant,Female,25,Retail,2024-05-30,Pune,Maharashtra,West
CUST06837,Rayaan Bhatt,Male,65,Education,2025-07-10,Amritsar,Punjab,North
CUST06838,Lavanya Dhaliwal,Female,36,Corporate,2022-05-15,Warangal,Telangana,South
CUST06839,Kashvi Kata,Female,54,Retail,2025-04-18,Pune,Maharashtra,West
CUST06840,Manya More,Female,33,SME,2026-03-13,New Delhi,Delhi,North
CUST06841,Jyoti Yogi,Female,58,Government,2023-05-18,Indore,Madhya Pradesh,Central
CUST06842,Turvi Chawla,Female,41,Government,2024-08-22,Mysuru,Karnataka,South
CUST06843,Chameli Wali,Male,61,Education,2023-12-12,Surat,Gujarat,West
CUST06844,Aarini Iyer,Male,42,Education,2024-08-17,Surat,Gujarat,West
CUST06845,Vrishti Khosla,Male,37,Retail,2025-12-03,Siliguri,West Bengal,East
CUST06846,Nachiket Dash,Male,46,Retail,2023-07-08,Ludhiana,Punjab,North
CUST06847,Baljiwan Banik,Female,24,Corporate,2024-02-24,Amritsar,Punjab,North
CUST06848,Om Savant,Male,59,Retail,2025-06-15,Vadodara,Gujarat,West
CUST06849,Anvi Dutta,Female,55,Corporate,2022-05-26,Ludhiana,Punjab,North
CUST06850,Frado Arora,Male,63,Government,2022-01-07,Hyderabad,Telangana,South
CUST06851,Jairaj Reddy,Male,33,Corporate,2023-05-20,Surat,Gujarat,West
CUST06852,Ekta Talwar,Male,53,SME,2022-02-24,New Delhi,Delhi,North
CUST06853,Patrick Agarwal,Male,32,Retail,2023-11-30,Mangaluru,Karnataka,South
CUST06854,Rachana Wali,Female,38,Corporate,2023-04-23,Karimnagar,Telangana,South
CUST06855,Urvi Badal,Male,38,SME,2022-11-27,Warangal,Telangana,South
CUST06856,Qarin Prabhakar,Female,27,SME,2026-06-24,Coimbatore,Tamil Nadu,South
CUST06857,Yauvani Choudhry,Male,26,Corporate,2022-05-27,Indore,Madhya Pradesh,Central
CUST06858,Jhalak Ranganathan,Female,49,Retail,2025-04-09,Thiruvananthapuram,Kerala,South
CUST06859,Jhalak Shere,Female,20,Government,2025-11-07,Pune,Maharashtra,West
CUST06860,Anamika Upadhyay,Female,38,SME,2023-05-22,Kozhikode,Kerala,South
CUST06861,Gauri Chaudhari,Female,20,Corporate,2024-10-22,Vadodara,Gujarat,West
CUST06862,Vincent Memon,Female,25,Education,2021-07-04,Bengaluru,Karnataka,South
CUST06863,Vivaan Narayan,Male,44,SME,2022-03-23,Mumbai,Maharashtra,West
CUST06864,Maanav Dhar,Female,48,Education,2023-09-03,Pune,Maharashtra,West
CUST06865,Tanish Dhaliwal,Male,53,Government,2023-03-14,Chennai,Tamil Nadu,South
CUST06866,Henry Vohra,Male,58,Corporate,2024-08-23,Kozhikode,Kerala,South
CUST06867,Lopa Om,Female,38,Retail,2022-05-03,Ludhiana,Punjab,North
CUST06868,Yatin Rai,Male,27,Corporate,2023-04-07,Amritsar,Punjab,North
CUST06869,Aradhana Bhattacharyya,Male,59,Retail,2024-01-18,Karimnagar,Telangana,South
CUST06870,Kamala Narula,Female,36,Education,2022-02-10,Surat,Gujarat,West
CUST06871,Vihaan Balan,Male,60,Retail,2024-03-20,Siliguri,West Bengal,East
CUST06872,Avi Minhas,Female,38,SME,2024-04-01,Pune,Maharashtra,West
CUST06873,Finn Rajagopal,Male,26,Education,2024-07-06,Bhopal,Madhya Pradesh,Central
CUST06874,Samaksh Rastogi,Female,45,Retail,2022-05-22,Kozhikode,Kerala,South
CUST06875,Qarin Radhakrishnan,Female,52,Government,2025-07-06,Amritsar,Punjab,North
CUST06876,Lavanya Bobal,Male,59,Corporate,2024-05-19,Mumbai,Maharashtra,West
CUST06877,Deepa Bal,Male,54,Government,2025-01-07,Amritsar,Punjab,North
CUST06878,Hemani Nagarajan,Female,20,Retail,2024-07-01,Mysuru,Karnataka,South
CUST06879,Indira Sachdev,Male,43,Government,2023-09-27,Kolkata,West Bengal,East
CUST06880,Farhan Kalla,Female,54,Retail,2024-01-23,New Delhi,Delhi,North
CUST06881,Aashi Doshi,Male,27,Retail,2023-02-13,Karimnagar,Telangana,South
CUST06882,Hemang Korpal,Female,39,Retail,2022-06-27,Bhopal,Madhya Pradesh,Central
CUST06883,Jeevika Nayar,Female,56,Retail,2023-10-05,New Delhi,Delhi,North
CUST06884,Yashvi Tara,Male,64,Retail,2021-10-01,New Delhi,Delhi,North
CUST06885,Madhav Gokhale,Male,29,Retail,2024-08-22,Vadodara,Gujarat,West
CUST06886,Veer Gala,Male,34,SME,2024-04-19,Bengaluru,Karnataka,South
CUST06887,Sarthak Basak,Female,45,Government,2025-01-10,Indore,Madhya Pradesh,Central
CUST06888,Vritti Nayar,Male,42,Corporate,2025-12-24,Ludhiana,Punjab,North
CUST06889,Amrita Som,Male,61,Corporate,2024-03-29,Madurai,Tamil Nadu,South
CUST06890,Dhriti Agarwal,Male,65,Government,2025-08-20,Kozhikode,Kerala,South
CUST06891,Chandani Savant,Female,59,Government,2026-06-03,Karimnagar,Telangana,South
CUST06892,Maanas Raman,Male,39,Corporate,2021-08-07,Hyderabad,Telangana,South
CUST06893,Qarin Chopra,Male,28,Corporate,2021-11-10,Mysuru,Karnataka,South
CUST06894,Parth Samra,Male,53,Corporate,2023-09-11,New Delhi,Delhi,North
CUST06895,Imaran Vaidya,Male,59,Education,2023-03-23,Karimnagar,Telangana,South
CUST06896,Damyanti Bal,Male,47,Retail,2026-03-23,Amritsar,Punjab,North
CUST06897,Advaith More,Female,49,Government,2022-11-19,Surat,Gujarat,West
CUST06898,Indira Baria,Male,53,Corporate,2024-04-08,Siliguri,West Bengal,East
CUST06899,Owen Subramaniam,Male,27,Corporate,2022-12-21,Mysuru,Karnataka,South
CUST06900,Falan Prashad,Male,28,Education,2024-03-19,Kolkata,West Bengal,East
CUST06901,Bimala Sarma,Female,34,Education,2025-09-09,Indore,Madhya Pradesh,Central
CUST06902,Neel Gola,Female,26,SME,2023-07-01,New Delhi,Delhi,North
CUST06903,Sarthak Ramesh,Male,54,Education,2024-04-10,Amritsar,Punjab,North
CUST06904,Vinaya Atwal,Female,34,Education,2023-10-25,Mangaluru,Karnataka,South
CUST06905,Rohan Sekhon,Female,39,Corporate,2024-08-06,Karimnagar,Telangana,South
CUST06906,Vaishnavi Date,Male,46,Government,2025-04-20,Surat,Gujarat,West
CUST06907,Bahadurjit Tella,Female,49,Government,2022-12-11,Amritsar,Punjab,North
CUST06908,Gautam Gala,Male,46,Retail,2026-04-26,Siliguri,West Bengal,East
CUST06909,Gautam Ramakrishnan,Female,38,Education,2025-04-22,Bhopal,Madhya Pradesh,Central
CUST06910,Qabil Acharya,Male,45,Retail,2026-05-31,Amritsar,Punjab,North
CUST06911,Vyanjana Sani,Female,27,Government,2025-10-22,Karimnagar,Telangana,South
CUST06912,Jonathan Kannan,Female,51,Retail,2023-11-15,Mumbai,Maharashtra,West
CUST06913,Chakrika Bhandari,Male,43,Retail,2022-02-25,Indore,Madhya Pradesh,Central
CUST06914,Christopher Thakur,Male,46,Retail,2023-07-19,New Delhi,Delhi,North
CUST06915,Gaurang Dutt,Male,49,Retail,2023-02-03,Mysuru,Karnataka,South
CUST06916,Varsha Borra,Male,39,Education,2023-09-22,Siliguri,West Bengal,East
CUST06917,Qushi Goswami,Male,22,Education,2023-06-14,New Delhi,Delhi,North
CUST06918,Avni Vohra,Female,54,SME,2022-02-20,New Delhi,Delhi,North
CUST06919,Lajita Narula,Female,55,Government,2025-04-10,Chennai,Tamil Nadu,South
CUST06920,Triveni Manda,Male,34,Corporate,2025-07-23,Kochi,Kerala,South
CUST06921,Vihaan Dugar,Male,41,SME,2022-09-20,Siliguri,West Bengal,East
CUST06922,Noah Gill,Male,23,Government,2026-06-17,Coimbatore,Tamil Nadu,South
CUST06923,Kevin Kumer,Female,53,Retail,2021-08-18,Indore,Madhya Pradesh,Central
CUST06924,Daksh Kurian,Male,62,Retail,2025-11-11,Siliguri,West Bengal,East
CUST06925,Charles More,Female,49,Retail,2021-11-06,Ludhiana,Punjab,North
CUST06926,Ronith Sha,Male,48,Education,2025-06-12,Ahmedabad,Gujarat,West
CUST06927,Saanvi Butala,Male,48,SME,2023-12-02,Madurai,Tamil Nadu,South
CUST06928,Qabil Palla,Male,32,Education,2026-04-04,Mysuru,Karnataka,South
CUST06929,Oeshi Khurana,Female,56,Education,2025-12-13,Siliguri,West Bengal,East
CUST06930,Hema Narula,Female,44,Retail,2024-11-05,Ludhiana,Punjab,North
CUST06931,Advik Sinha,Male,23,Retail,2021-11-27,Mysuru,Karnataka,South
CUST06932,Owen Kota,Male,61,Education,2025-11-03,Indore,Madhya Pradesh,Central
CUST06933,Anika Agarwal,Female,53,SME,2025-06-03,Bengaluru,Karnataka,South
CUST06934,Nandini Hora,Male,18,SME,2025-06-19,Mangaluru,Karnataka,South
CUST06935,Ryan Kota,Female,60,SME,2021-09-29,Bengaluru,Karnataka,South
CUST06936,Balendra Sundaram,Male,61,Corporate,2022-01-09,Bhopal,Madhya Pradesh,Central
CUST06937,Faras Bali,Male,23,Retail,2025-04-22,Indore,Madhya Pradesh,Central
CUST06938,Darika Pillai,Female,41,Government,2022-07-18,Karimnagar,Telangana,South
CUST06939,Robert Lalla,Female,59,Education,2024-06-08,Bhopal,Madhya Pradesh,Central
CUST06940,Dalbir Pall,Male,56,Education,2023-05-18,Vadodara,Gujarat,West
CUST06941,Daksha Kara,Female,65,SME,2025-07-18,Vadodara,Gujarat,West
CUST06942,Ekta Uppal,Female,27,Education,2022-10-12,Mumbai,Maharashtra,West
CUST06943,Kritika Dass,Male,21,SME,2023-11-17,Bhopal,Madhya Pradesh,Central
CUST06944,Jack Chakraborty,Female,25,SME,2025-11-23,Coimbatore,Tamil Nadu,South
CUST06945,Yashasvi Savant,Female,20,SME,2021-08-08,Thiruvananthapuram,Kerala,South
CUST06946,Matthew Gala,Male,47,Government,2024-07-29,Chennai,Tamil Nadu,South
CUST06947,Lohit Sankar,Female,43,Government,2025-11-11,Thiruvananthapuram,Kerala,South
CUST06948,Logan Prashad,Female,52,Retail,2024-06-03,Bhopal,Madhya Pradesh,Central
CUST06949,Irya Bath,Female,39,Education,2023-06-01,New Delhi,Delhi,North
CUST06950,Chanchal Gokhale,Female,56,Retail,2021-09-14,Coimbatore,Tamil Nadu,South
CUST06951,Ganga Balan,Female,57,Education,2021-08-15,Vadodara,Gujarat,West
CUST06952,Vasudha Kulkarni,Female,35,Government,2025-07-31,Kolkata,West Bengal,East
CUST06953,Manya Basu,Male,31,SME,2022-04-21,Indore,Madhya Pradesh,Central
CUST06954,Daksh Sankaran,Male,36,Retail,2022-01-19,Siliguri,West Bengal,East
CUST06955,Arjun Karnik,Female,34,SME,2024-01-02,Surat,Gujarat,West
CUST06956,Urvashi Palla,Female,31,Corporate,2021-08-29,Mangaluru,Karnataka,South
CUST06957,Vansha Raval,Male,38,Corporate,2024-03-17,Pune,Maharashtra,West
CUST06958,Warhi Anne,Male,25,Retail,2022-01-18,Ludhiana,Punjab,North
CUST06959,Harita Ratta,Female,62,Retail,2022-10-11,Mangaluru,Karnataka,South
CUST06960,Vivaan Mody,Female,61,Education,2025-08-08,Siliguri,West Bengal,East
CUST06961,Yadavi Mahal,Male,28,Retail,2026-03-27,Siliguri,West Bengal,East
CUST06962,Krisha Yogi,Female,25,Government,2024-07-25,Thiruvananthapuram,Kerala,South
CUST06963,Onkar Subramaniam,Female,64,Corporate,2024-03-17,Kochi,Kerala,South
CUST06964,Balendra Vaidya,Male,20,Corporate,2022-03-16,Nagpur,Maharashtra,West
CUST06965,Ekapad Raju,Female,34,Corporate,2024-01-07,Karimnagar,Telangana,South
CUST06966,Akshay Sabharwal,Female,60,Corporate,2022-08-30,Vadodara,Gujarat,West
CUST06967,Jagrati Raja,Female,36,Government,2021-08-20,Mysuru,Karnataka,South
CUST06968,Reva Bhatia,Female,53,Retail,2025-01-08,Karimnagar,Telangana,South
CUST06969,Januja Chaudhuri,Male,36,Education,2021-11-07,Indore,Madhya Pradesh,Central
CUST06970,Charita Sandal,Female,46,SME,2022-05-07,Nagpur,Maharashtra,West
CUST06971,Yamini Konda,Female,29,Government,2022-05-14,New Delhi,Delhi,North
CUST06972,Naveen Hari,Male,48,Government,2026-04-03,Thiruvananthapuram,Kerala,South
CUST06973,Zehaan Gulati,Female,29,Retail,2025-02-08,Nagpur,Maharashtra,West
CUST06974,Ishita Chowdhury,Male,47,Corporate,2024-10-19,Pune,Maharashtra,West
CUST06975,Janani Upadhyay,Male,35,SME,2021-07-15,Amritsar,Punjab,North
CUST06976,Libni Mangal,Male,45,Education,2023-12-06,Karimnagar,Telangana,South
CUST06977,Samar Sarkar,Female,48,SME,2023-10-07,New Delhi,Delhi,North
CUST06978,Ekanta Butala,Female,50,SME,2023-08-12,Pune,Maharashtra,West
CUST06979,Abhiram Ram,Male,33,SME,2025-08-28,Amritsar,Punjab,North
CUST06980,Ishanvi Bhalla,Male,64,Government,2024-12-22,Bengaluru,Karnataka,South
CUST06981,Chaitanya Bhardwaj,Male,62,SME,2026-02-07,Thiruvananthapuram,Kerala,South
CUST06982,Abha Nagy,Male,62,Education,2025-11-20,Bhopal,Madhya Pradesh,Central
CUST06983,Edhitha Raja,Male,62,Government,2022-04-02,Vadodara,Gujarat,West
CUST06984,Kritika Taneja,Female,33,Government,2021-08-23,Thiruvananthapuram,Kerala,South
CUST06985,Harsh Shanker,Male,27,SME,2024-04-24,Indore,Madhya Pradesh,Central
CUST06986,Ayushman Gopal,Female,48,Government,2022-06-27,Siliguri,West Bengal,East
CUST06987,Mohini Pathak,Female,44,Retail,2025-07-24,Thiruvananthapuram,Kerala,South
CUST06988,Aarnav Mannan,Female,53,Education,2022-06-08,Coimbatore,Tamil Nadu,South
CUST06989,Ishanvi Dave,Male,62,Corporate,2021-08-30,Karimnagar,Telangana,South
CUST06990,Viraj Andra,Male,60,Education,2022-02-26,Mysuru,Karnataka,South
CUST06991,Madhavi Setty,Female,51,Retail,2023-12-06,Vadodara,Gujarat,West
CUST06992,Nihal Mishra,Male,42,Retail,2024-12-23,Ahmedabad,Gujarat,West
CUST06993,Kritika Krishna,Male,46,SME,2023-05-30,Karimnagar,Telangana,South
CUST06994,Udant Pillay,Male,31,Education,2022-11-18,Kochi,Kerala,South
CUST06995,Arin Palla,Female,22,Government,2025-02-22,Karimnagar,Telangana,South
CUST06996,Rajata Varma,Female,37,Education,2026-04-28,New Delhi,Delhi,North
CUST06997,Rayaan Sekhon,Male,22,Retail,2023-04-19,Surat,Gujarat,West
CUST06998,Wakeeta Bahl,Male,31,Government,2022-09-03,Karimnagar,Telangana,South
CUST06999,Darika Banik,Male,53,Education,2026-04-09,Mysuru,Karnataka,South
CUST07000,Rajeshri Kalita,Female,44,Retail,2024-07-01,Kolkata,West Bengal,East
CUST07001,Anika Oommen,Female,40,Government,2024-05-31,Vadodara,Gujarat,West
CUST07002,Mason Mammen,Female,42,Corporate,2022-03-18,Siliguri,West Bengal,East
CUST07003,Omisha Edwin,Female,63,SME,2024-01-10,Surat,Gujarat,West
CUST07004,Nikita Wali,Male,28,Government,2024-01-31,Madurai,Tamil Nadu,South
CUST07005,Ekani Deo,Female,26,Retail,2024-02-20,Kolkata,West Bengal,East
CUST07006,Nisha Natarajan,Female,45,Government,2021-10-22,Karimnagar,Telangana,South
CUST07007,Osha Ranganathan,Female,42,Government,2023-12-23,Mysuru,Karnataka,South
CUST07008,Edhitha Bhatt,Male,52,Government,2022-08-27,Bhopal,Madhya Pradesh,Central
CUST07009,Oliver Rege,Female,46,Retail,2023-06-09,Karimnagar,Telangana,South
CUST07010,Urvashi Khatri,Male,33,Retail,2022-02-03,Ahmedabad,Gujarat,West
CUST07011,Zaid Badal,Male,57,Government,2025-03-16,Kozhikode,Kerala,South
CUST07012,Pahal Kara,Male,64,Corporate,2023-03-26,Siliguri,West Bengal,East
CUST07013,Mohini Misra,Male,19,Corporate,2023-09-19,Kozhikode,Kerala,South
CUST07014,Lajita Raghavan,Female,36,Corporate,2022-02-02,New Delhi,Delhi,North
CUST07015,Pushti Koshy,Female,26,Education,2022-04-27,Amritsar,Punjab,North
CUST07016,Jeremiah Konda,Male,48,Corporate,2021-08-25,Siliguri,West Bengal,East
CUST07017,Jackson Wagle,Female,19,Corporate,2024-08-09,Siliguri,West Bengal,East
CUST07018,Bhavani Sagar,Female,46,Government,2022-08-11,Hyderabad,Telangana,South
CUST07019,David Ram,Female,23,Retail,2022-07-04,Thiruvananthapuram,Kerala,South
CUST07020,Shravya Sem,Male,32,SME,2026-01-04,New Delhi,Delhi,North
CUST07021,Jai Kaul,Female,48,Corporate,2025-07-02,Vadodara,Gujarat,West
CUST07022,Ekalinga Sanghvi,Male,30,Corporate,2022-05-02,Surat,Gujarat,West
CUST07023,Aayush Lala,Male,21,SME,2023-04-07,Amritsar,Punjab,North
CUST07024,Xavier Varty,Female,51,SME,2025-08-04,Ahmedabad,Gujarat,West
CUST07025,Bhavika Ramaswamy,Male,21,Corporate,2021-09-02,Bhopal,Madhya Pradesh,Central
CUST07026,Mitali Vasa,Male,28,Government,2022-02-06,Ludhiana,Punjab,North
CUST07027,Reva Bala,Male,37,Corporate,2021-12-07,Surat,Gujarat,West
CUST07028,Inaya Buch,Male,39,SME,2022-07-01,Mumbai,Maharashtra,West
CUST07029,Quincy Vig,Female,51,Government,2026-06-18,Surat,Gujarat,West
CUST07030,Henry Sridhar,Female,47,Retail,2023-12-07,Kozhikode,Kerala,South
CUST07031,Siya Wable,Male,44,Education,2026-06-20,Mumbai,Maharashtra,West
CUST07032,Gaurika Badal,Female,55,Education,2025-11-09,Kolkata,West Bengal,East
CUST07033,Nidhi Nori,Female,32,Government,2022-06-16,Pune,Maharashtra,West
CUST07034,Lavanya Narayanan,Female,56,Retail,2025-06-10,New Delhi,Delhi,North
CUST07035,Ryan Sidhu,Female,65,Education,2022-08-18,Pune,Maharashtra,West
CUST07036,Farhan Kala,Male,29,Corporate,2022-12-30,Ludhiana,Punjab,North
CUST07037,Rachana Ramesh,Male,36,Government,2024-06-13,Indore,Madhya Pradesh,Central
CUST07038,Yutika Kala,Female,52,Education,2023-07-17,Bhopal,Madhya Pradesh,Central
CUST07039,Nitesh Narang,Male,60,Education,2021-11-04,Ludhiana,Punjab,North
CUST07040,Nathan Sandal,Female,38,Government,2023-07-20,Hyderabad,Telangana,South
CUST07041,Gaurav Badami,Male,44,SME,2025-01-07,Bhopal,Madhya Pradesh,Central
CUST07042,Inaya Bahl,Female,19,Government,2026-01-28,Mysuru,Karnataka,South
CUST07043,Harita More,Male,21,Retail,2024-07-31,Bhopal,Madhya Pradesh,Central
CUST07044,Henry Goswami,Male,32,Corporate,2025-01-12,Karimnagar,Telangana,South
CUST07045,Qushi Balasubramanian,Male,33,Government,2024-08-27,Indore,Madhya Pradesh,Central
CUST07046,Balveer Basu,Female,27,Government,2026-05-16,Ludhiana,Punjab,North
CUST07047,Nakul Garde,Female,45,Government,2025-03-31,Kochi,Kerala,South
CUST07048,Max Pathak,Female,53,Retail,2022-01-24,Indore,Madhya Pradesh,Central
CUST07049,Naveen Keer,Male,25,SME,2021-07-14,Mangaluru,Karnataka,South
CUST07050,Priya Boase,Female,35,Corporate,2024-04-11,Kochi,Kerala,South
CUST07051,Yoshita Chaudhari,Female,19,Corporate,2024-12-23,Surat,Gujarat,West
CUST07052,Yashawini Chander,Male,50,Education,2026-06-07,Amritsar,Punjab,North
CUST07053,Kabir Zacharia,Female,41,Government,2024-01-20,Coimbatore,Tamil Nadu,South
CUST07054,Manan Mand,Female,62,Government,2024-06-26,New Delhi,Delhi,North
CUST07055,Jeremiah Suri,Female,39,Government,2022-03-17,Pune,Maharashtra,West
CUST07056,Azad Halder,Female,41,Retail,2026-03-07,Vadodara,Gujarat,West
CUST07057,Isha Prabhakar,Male,62,Education,2024-05-05,Surat,Gujarat,West
CUST07058,Lakshmi Lanka,Male,46,Retail,2022-06-15,Karimnagar,Telangana,South
CUST07059,Nilima Memon,Female,36,Retail,2022-07-01,Nagpur,Maharashtra,West
CUST07060,Jeet Biswas,Female,28,SME,2023-04-10,Kolkata,West Bengal,East
CUST07061,Ishanvi Mane,Female,27,Retail,2022-06-12,Karimnagar,Telangana,South
CUST07062,Indira Jayaraman,Male,43,SME,2022-12-15,Ludhiana,Punjab,North
CUST07063,Farhan Sharaf,Male,23,SME,2025-09-27,Chennai,Tamil Nadu,South
CUST07064,Vivaan Murthy,Female,63,SME,2023-04-27,Surat,Gujarat,West
CUST07065,Ira Prasad,Male,31,Retail,2022-05-12,Ahmedabad,Gujarat,West
CUST07066,Rushil Cheema,Female,57,SME,2026-06-14,Warangal,Telangana,South
CUST07067,Veer Dutt,Male,50,Government,2022-12-23,Ludhiana,Punjab,North
CUST07068,Logan Wable,Male,30,SME,2025-03-15,Warangal,Telangana,South
CUST07069,Kalpit Toor,Male,28,SME,2022-07-02,Kochi,Kerala,South
CUST07070,Charles Rajagopalan,Male,55,Corporate,2023-10-29,Mumbai,Maharashtra,West
CUST07071,Jonathan Krishnan,Female,59,Retail,2021-12-08,New Delhi,Delhi,North
CUST07072,Tripti Sunder,Male,29,Retail,2024-12-20,Bhopal,Madhya Pradesh,Central
CUST07073,Oviya Bose,Female,63,Corporate,2021-12-02,Kolkata,West Bengal,East
CUST07074,Krishna Lal,Female,55,Government,2022-07-16,Surat,Gujarat,West
CUST07075,Advika Nagar,Male,36,Education,2023-01-06,Mangaluru,Karnataka,South
CUST07076,Baljiwan Dugar,Male,26,Corporate,2021-10-25,Bhopal,Madhya Pradesh,Central
CUST07077,Veda Choudhury,Female,44,Retail,2026-05-20,Warangal,Telangana,South
CUST07078,Vritti Saxena,Male,25,Corporate,2022-02-01,Madurai,Tamil Nadu,South
CUST07079,Oscar Bose,Male,34,Government,2025-09-14,Nagpur,Maharashtra,West
CUST07080,Ayushman Walla,Male,30,Corporate,2024-05-07,Surat,Gujarat,West
CUST07081,Jack Bir,Male,47,Education,2024-09-07,Bhopal,Madhya Pradesh,Central
CUST07082,Lavanya Sant,Male,29,Education,2025-03-24,Siliguri,West Bengal,East
CUST07083,Samesh Rai,Male,25,Retail,2022-03-16,Thiruvananthapuram,Kerala,South
CUST07084,Udarsh Minhas,Male,57,Retail,2024-05-08,Hyderabad,Telangana,South
CUST07085,Arin Chopra,Male,32,Retail,2024-07-15,Kozhikode,Kerala,South
CUST07086,Chatura Pal,Female,53,Retail,2024-10-19,Coimbatore,Tamil Nadu,South
CUST07087,Atharv Sen,Male,53,Government,2026-05-25,Karimnagar,Telangana,South
CUST07088,Vinaya Sur,Female,61,Education,2024-08-15,Kolkata,West Bengal,East
CUST07089,Girik Chauhan,Male,30,Retail,2024-08-05,Pune,Maharashtra,West
CUST07090,Avi Buch,Male,50,Corporate,2024-12-29,Indore,Madhya Pradesh,Central
CUST07091,Balvan Kala,Male,30,SME,2025-07-22,Madurai,Tamil Nadu,South
CUST07092,Anya Gopal,Male,46,Corporate,2022-12-12,New Delhi,Delhi,North
CUST07093,Nathaniel Varty,Female,49,Retail,2024-04-15,Thiruvananthapuram,Kerala,South
CUST07094,Anusha Taneja,Male,48,Retail,2025-11-23,Nagpur,Maharashtra,West
CUST07095,Ronith Narula,Male,62,Government,2022-05-05,Mangaluru,Karnataka,South
CUST07096,Wridesh Rai,Male,50,Education,2025-12-12,Indore,Madhya Pradesh,Central
CUST07097,Teerth Sachdeva,Female,19,Retail,2021-10-04,Mumbai,Maharashtra,West
CUST07098,Osha Mitter,Male,28,Retail,2025-08-05,Kozhikode,Kerala,South
CUST07099,Joshua Gokhale,Female,55,SME,2022-08-21,Thiruvananthapuram,Kerala,South
CUST07100,Janya Thaker,Female,22,SME,2022-07-01,New Delhi,Delhi,North
CUST07101,Yashica Jayaraman,Female,40,Retail,2023-10-24,Siliguri,West Bengal,East
CUST07102,Raagini Yadav,Female,63,Corporate,2023-01-02,Amritsar,Punjab,North
CUST07103,Benjamin Chaudhuri,Female,27,Corporate,2024-07-27,Vadodara,Gujarat,West
CUST07104,Utkarsh Barad,Male,25,Education,2024-11-14,Coimbatore,Tamil Nadu,South
CUST07105,Damyanti Varkey,Female,59,Government,2025-02-11,Bengaluru,Karnataka,South
CUST07106,Bhanumati Bala,Male,38,Education,2024-01-23,Chennai,Tamil Nadu,South
CUST07107,Aachal Gara,Female,31,Retail,2022-07-14,Bengaluru,Karnataka,South
CUST07108,Onkar Tandon,Female,19,Retail,2023-08-04,New Delhi,Delhi,North
CUST07109,Laban Atwal,Female,43,Government,2021-08-10,Vadodara,Gujarat,West
CUST07110,Wazir Bansal,Male,63,Corporate,2024-05-16,New Delhi,Delhi,North
CUST07111,Naveen Joshi,Female,21,Retail,2025-12-03,Kochi,Kerala,South
CUST07112,Meera Dhillon,Female,51,Retail,2022-07-10,Ludhiana,Punjab,North
CUST07113,Unnati Yadav,Female,22,SME,2023-05-05,Mangaluru,Karnataka,South
CUST07114,Shivani Rao,Female,30,Corporate,2025-02-13,Mangaluru,Karnataka,South
CUST07115,Chavvi Babu,Female,31,Retail,2024-10-08,Hyderabad,Telangana,South
CUST07116,Aarush Kakar,Female,36,SME,2024-12-14,New Delhi,Delhi,North
CUST07117,Dev Anand,Male,33,Education,2025-03-20,Kolkata,West Bengal,East
CUST07118,Akshay Grover,Male,54,Education,2025-01-09,Vadodara,Gujarat,West
CUST07119,Girindra Palla,Female,52,Corporate,2025-11-25,Hyderabad,Telangana,South
CUST07120,Imaran Talwar,Female,65,SME,2021-12-15,Vadodara,Gujarat,West
CUST07121,Jonathan Bhavsar,Male,31,Government,2022-02-27,Surat,Gujarat,West
CUST07122,Gayathri Tak,Female,19,Corporate,2026-01-09,Madurai,Tamil Nadu,South
CUST07123,Madhav Gupta,Male,33,Education,2021-08-03,Nagpur,Maharashtra,West
CUST07124,Forum Das,Female,30,Education,2021-08-19,Ludhiana,Punjab,North
CUST07125,Arunima Lall,Male,33,Government,2023-06-19,Indore,Madhya Pradesh,Central
CUST07126,Lipika Maharaj,Female,62,Corporate,2026-01-26,Bengaluru,Karnataka,South
CUST07127,Yashica Kapadia,Female,41,Government,2022-01-26,New Delhi,Delhi,North
CUST07128,Vyanjana Rama,Female,35,Government,2023-07-20,Pune,Maharashtra,West
CUST07129,Lucky Dash,Female,24,Education,2023-03-09,New Delhi,Delhi,North
CUST07130,Priya Sekhon,Male,26,Retail,2026-03-29,Thiruvananthapuram,Kerala,South
CUST07131,Owen Chadha,Male,47,SME,2023-05-29,New Delhi,Delhi,North
CUST07132,Manan Mani,Female,48,Education,2025-04-21,Ahmedabad,Gujarat,West
CUST07133,Daksh Mahal,Female,40,Government,2021-07-07,Bengaluru,Karnataka,South
CUST07134,Urmi Tara,Male,25,SME,2024-04-01,Mumbai,Maharashtra,West
CUST07135,Ishaan Kala,Female,46,Corporate,2022-06-25,Mumbai,Maharashtra,West
CUST07136,Veda Dada,Female,63,Corporate,2021-09-04,Kolkata,West Bengal,East
CUST07137,Zilmil Tata,Male,44,Government,2023-03-16,New Delhi,Delhi,North
CUST07138,Geetika Wable,Male,37,Education,2025-09-15,New Delhi,Delhi,North
CUST07139,Lohit D’Alia,Female,22,Retail,2026-05-17,Bengaluru,Karnataka,South
CUST07140,Ekanta Toor,Female,65,Retail,2024-04-26,Kolkata,West Bengal,East
CUST07141,Kashish Mann,Female,63,SME,2024-03-18,Surat,Gujarat,West
CUST07142,Theodore Palla,Female,29,Education,2024-04-27,New Delhi,Delhi,North
CUST07143,Charita Pant,Female,50,SME,2024-01-01,Kolkata,West Bengal,East
CUST07144,Ridhi Kapur,Female,23,SME,2023-11-19,Thiruvananthapuram,Kerala,South
CUST07145,Manbir Sem,Female,61,SME,2024-10-10,Bengaluru,Karnataka,South
CUST07146,Vrinda Kibe,Female,54,SME,2024-11-14,Surat,Gujarat,West
CUST07147,Farhan Kapur,Male,18,Corporate,2024-03-24,New Delhi,Delhi,North
CUST07148,Charan Rout,Male,56,Education,2023-06-17,Bengaluru,Karnataka,South
CUST07149,Lakshmi Rana,Female,27,Corporate,2023-04-03,Hyderabad,Telangana,South
CUST07150,Aryan Dhawan,Female,35,Corporate,2025-03-06,Siliguri,West Bengal,East
CUST07151,Damyanti Bassi,Female,65,Corporate,2026-03-12,Madurai,Tamil Nadu,South
CUST07152,Arunima Chada,Female,60,Retail,2025-11-10,New Delhi,Delhi,North
CUST07153,Tripti Boase,Female,19,Government,2026-06-09,Bhopal,Madhya Pradesh,Central
CUST07154,Rishi Rout,Male,63,Government,2025-06-18,Thiruvananthapuram,Kerala,South
CUST07155,Ijaya Parmer,Female,61,SME,2024-10-23,Indore,Madhya Pradesh,Central
CUST07156,Nakul Cherian,Male,22,Corporate,2025-09-06,Mangaluru,Karnataka,South
CUST07157,Aarush Sibal,Male,33,SME,2022-11-27,New Delhi,Delhi,North
CUST07158,Jatin Chopra,Female,30,Education,2024-08-18,Siliguri,West Bengal,East
CUST07159,Aashi Wable,Male,62,Education,2021-09-03,Ludhiana,Punjab,North
CUST07160,Bahadurjit Aurora,Female,63,Government,2022-02-18,Warangal,Telangana,South
CUST07161,Lucky Mane,Male,37,Corporate,2026-06-14,Vadodara,Gujarat,West
CUST07162,Chanakya Malhotra,Female,36,Government,2022-05-28,Bhopal,Madhya Pradesh,Central
CUST07163,Zilmil Hans,Female,36,Corporate,2021-12-16,New Delhi,Delhi,North
CUST07164,Bachittar Bhattacharyya,Female,62,SME,2025-08-10,Madurai,Tamil Nadu,South
CUST07165,Ria Purohit,Female,39,Corporate,2026-01-08,New Delhi,Delhi,North
CUST07166,Kashvi Toor,Male,25,Education,2021-07-22,Kolkata,West Bengal,East
CUST07167,Henry Sehgal,Female,31,SME,2021-08-27,Madurai,Tamil Nadu,South
CUST07168,Diya Chokshi,Female,62,SME,2021-12-15,Pune,Maharashtra,West
CUST07169,Gunbir Aurora,Male,38,Retail,2023-10-30,Indore,Madhya Pradesh,Central
CUST07170,Siddharth Bhagat,Male,28,Education,2026-06-03,New Delhi,Delhi,North
CUST07171,Indrajit Mody,Female,63,Retail,2024-05-27,Nagpur,Maharashtra,West
CUST07172,Vasana Shroff,Male,46,Retail,2024-06-10,Bengaluru,Karnataka,South
CUST07173,Chaitanya Saxena,Male,61,Government,2024-07-30,Ludhiana,Punjab,North
CUST07174,Bimala Sahni,Female,46,Education,2024-05-29,Nagpur,Maharashtra,West
CUST07175,Zinal Chaudhry,Male,20,SME,2022-07-15,Madurai,Tamil Nadu,South
CUST07176,Samarth Krishna,Female,23,SME,2023-11-11,Bhopal,Madhya Pradesh,Central
CUST07177,Guneet Manne,Male,38,SME,2021-12-21,Karimnagar,Telangana,South
CUST07178,Guneet Kohli,Male,58,Corporate,2022-06-16,Karimnagar,Telangana,South
CUST07179,Peter Dani,Female,63,SME,2025-12-01,Ludhiana,Punjab,North
CUST07180,Amrita Kadakia,Male,60,Corporate,2024-01-31,New Delhi,Delhi,North
CUST07181,Falguni Munshi,Female,38,Education,2022-08-13,Bengaluru,Karnataka,South
CUST07182,Guneet Sood,Female,63,Education,2025-01-21,Nagpur,Maharashtra,West
CUST07183,Janya Muni,Female,51,Government,2022-02-02,Chennai,Tamil Nadu,South
CUST07184,Yoshita Gour,Male,51,Education,2025-12-26,Karimnagar,Telangana,South
CUST07185,Ranveer Deshpande,Female,22,Retail,2024-06-17,Mangaluru,Karnataka,South
CUST07186,Bishakha Mukhopadhyay,Male,44,Retail,2025-09-17,Ludhiana,Punjab,North
CUST07187,Udyati Chhabra,Female,34,SME,2023-09-30,Coimbatore,Tamil Nadu,South
CUST07188,Girish Doshi,Male,55,Government,2024-11-22,New Delhi,Delhi,North
CUST07189,Max Vaidya,Female,41,SME,2022-07-22,Kochi,Kerala,South
CUST07190,Lopa Panchal,Female,49,Corporate,2023-06-12,Karimnagar,Telangana,South
CUST07191,Raghav Singhal,Male,33,Education,2024-04-25,Siliguri,West Bengal,East
CUST07192,Odika Sem,Female,47,Retail,2023-07-20,Amritsar,Punjab,North
CUST07193,Umang Roy,Male,58,Corporate,2026-04-04,Mysuru,Karnataka,South
CUST07194,Arya Vohra,Male,39,Retail,2023-10-20,Ahmedabad,Gujarat,West
CUST07195,Zaid Mahal,Male,53,Corporate,2025-09-01,Hyderabad,Telangana,South
CUST07196,Rachit Mann,Female,54,Government,2025-11-01,Warangal,Telangana,South
CUST07197,Upma Gill,Female,60,Education,2021-07-01,Mangaluru,Karnataka,South
CUST07198,Aarav Dave,Male,52,Education,2023-01-28,New Delhi,Delhi,North
CUST07199,Zinal Kapoor,Male,53,Corporate,2024-07-17,Vadodara,Gujarat,West
CUST07200,Omaja Trivedi,Female,22,Education,2025-09-24,Bhopal,Madhya Pradesh,Central
CUST07201,Ishanvi Radhakrishnan,Male,24,Retail,2024-09-07,Pune,Maharashtra,West
CUST07202,Patrick Kala,Female,18,Government,2022-08-21,Bengaluru,Karnataka,South
CUST07203,Chatura Shroff,Male,33,Education,2022-12-28,Mysuru,Karnataka,South
CUST07204,Chanakya Desai,Female,63,Education,2024-04-17,Kolkata,West Bengal,East
CUST07205,Alka Rastogi,Male,20,Education,2022-10-20,Indore,Madhya Pradesh,Central
CUST07206,Sai Chana,Male,35,Government,2026-04-11,Mangaluru,Karnataka,South
CUST07207,Warjas Trivedi,Male,61,Education,2022-10-28,Nagpur,Maharashtra,West
CUST07208,Gaurangi Morar,Female,44,Corporate,2021-08-17,Amritsar,Punjab,North
CUST07209,Agastya Madan,Female,21,Education,2026-01-24,Bhopal,Madhya Pradesh,Central
CUST07210,Ojas Jhaveri,Female,39,Education,2025-07-05,Nagpur,Maharashtra,West
CUST07211,Thomas Ghosh,Male,45,Education,2021-08-14,Surat,Gujarat,West
CUST07212,Gaurav Korpal,Female,23,Government,2025-03-06,New Delhi,Delhi,North
CUST07213,Kavya Anand,Male,46,Government,2026-04-15,Kolkata,West Bengal,East
CUST07214,Imaran Sheth,Female,54,SME,2023-11-19,Pune,Maharashtra,West
CUST07215,Madhav Sangha,Male,37,SME,2021-12-22,Bengaluru,Karnataka,South
CUST07216,Hiral Taneja,Male,29,Education,2022-11-15,Hyderabad,Telangana,South
CUST07217,Arya Sankaran,Male,21,Corporate,2026-01-22,Warangal,Telangana,South
CUST07218,Bina Chahal,Female,60,SME,2023-11-25,Karimnagar,Telangana,South
CUST07219,Rachana Prasad,Female,46,Corporate,2026-05-04,Ahmedabad,Gujarat,West
CUST07220,Tanvi Nayar,Male,47,SME,2025-04-13,Kochi,Kerala,South
CUST07221,Faraj Vora,Female,32,SME,2023-01-03,Mangaluru,Karnataka,South
CUST07222,Chaitanya Vaidya,Female,27,Corporate,2024-03-29,Coimbatore,Tamil Nadu,South
CUST07223,Diya Kohli,Female,65,Education,2022-03-26,Pune,Maharashtra,West
CUST07224,Ranveer Gola,Male,39,Government,2023-10-04,Ahmedabad,Gujarat,West
CUST07225,Chandran Ahluwalia,Male,21,SME,2023-06-22,Thiruvananthapuram,Kerala,South
CUST07226,Chandresh Jaggi,Female,56,Corporate,2024-04-19,Thiruvananthapuram,Kerala,South
CUST07227,Faris Chokshi,Female,45,Corporate,2022-12-18,Kochi,Kerala,South
CUST07228,Aditya Chacko,Male,27,Government,2025-09-09,Thiruvananthapuram,Kerala,South
CUST07229,Zinal Dass,Female,28,Government,2025-10-30,Vadodara,Gujarat,West
CUST07230,Kai D’Alia,Male,32,Education,2026-04-05,Thiruvananthapuram,Kerala,South
CUST07231,Siya Pradhan,Female,55,Corporate,2025-08-03,Hyderabad,Telangana,South
CUST07232,Owen Pathak,Male,32,Education,2023-08-07,Chennai,Tamil Nadu,South
CUST07233,Pushti Patla,Female,27,Corporate,2025-11-06,Bengaluru,Karnataka,South
CUST07234,Forum Chander,Male,65,Education,2021-08-21,Mumbai,Maharashtra,West
CUST07235,Azad Divan,Male,30,Corporate,2021-07-25,Mysuru,Karnataka,South
CUST07236,Nakul Kohli,Male,58,Government,2025-12-20,Kozhikode,Kerala,South
CUST07237,George Chanda,Female,41,Education,2022-09-05,Kolkata,West Bengal,East
CUST07238,Qasim Chaudhary,Female,59,Education,2024-12-02,Chennai,Tamil Nadu,South
CUST07239,Viraj Loke,Female,47,Corporate,2025-07-23,Kolkata,West Bengal,East
CUST07240,Baljiwan Kuruvilla,Female,61,Retail,2023-11-09,Ludhiana,Punjab,North
CUST07241,Balvan Kata,Female,52,Retail,2025-06-23,Amritsar,Punjab,North
CUST07242,Krishna Vala,Female,63,SME,2024-12-14,New Delhi,Delhi,North
CUST07243,Onkar Kala,Male,24,SME,2025-03-27,Pune,Maharashtra,West
CUST07244,Patrick Savant,Female,57,Corporate,2025-07-08,Ludhiana,Punjab,North
CUST07245,Ekapad Rattan,Male,38,Corporate,2023-07-21,New Delhi,Delhi,North
CUST07246,Vansha Srivastava,Female,30,Government,2023-07-25,Karimnagar,Telangana,South
CUST07247,Anirudh Agate,Male,34,Corporate,2023-09-18,New Delhi,Delhi,North
CUST07248,Ishanvi Agate,Male,32,Government,2024-10-17,Kolkata,West Bengal,East
CUST07249,Triveni Nadkarni,Male,61,Corporate,2023-11-09,Amritsar,Punjab,North
CUST07250,Abdul Wable,Female,19,Corporate,2025-12-13,Madurai,Tamil Nadu,South
CUST07251,Kashish Lala,Female,55,Education,2025-06-08,Hyderabad,Telangana,South
CUST07252,Omaja Issac,Male,61,Retail,2026-04-07,Surat,Gujarat,West
CUST07253,Sai Sampath,Male,43,Education,2021-12-05,Warangal,Telangana,South
CUST07254,Abha Parmer,Male,43,Education,2024-05-05,New Delhi,Delhi,North
CUST07255,Anjali Rajagopal,Female,44,Education,2025-11-12,Thiruvananthapuram,Kerala,South
CUST07256,Forum Dhingra,Female,33,Corporate,2022-11-19,Coimbatore,Tamil Nadu,South
CUST07257,Peter Tella,Male,64,Retail,2024-02-11,Siliguri,West Bengal,East
CUST07258,Aryan Pandit,Female,29,SME,2022-03-30,Kozhikode,Kerala,South
CUST07259,Zansi Bhalla,Female,28,Corporate,2025-06-28,Warangal,Telangana,South
CUST07260,Udyati Tata,Female,54,Education,2025-10-03,Coimbatore,Tamil Nadu,South
CUST07261,Rachana Andra,Female,36,Corporate,2026-05-03,Kozhikode,Kerala,South
CUST07262,Zayan Kumer,Male,56,Government,2023-11-28,Bhopal,Madhya Pradesh,Central
CUST07263,Eesha Goel,Female,56,SME,2024-09-14,Nagpur,Maharashtra,West
CUST07264,Baljiwan Rastogi,Female,38,SME,2024-03-02,Bengaluru,Karnataka,South
CUST07265,Kavya Ramakrishnan,Female,60,SME,2024-07-29,New Delhi,Delhi,North
CUST07266,Orinder Dash,Female,21,Government,2021-09-25,Kochi,Kerala,South
CUST07267,Andrew Sankaran,Male,21,Corporate,2026-05-08,Ludhiana,Punjab,North
CUST07268,Raghav Lata,Male,65,Education,2025-03-08,Chennai,Tamil Nadu,South
CUST07269,Nidra Virk,Female,32,Corporate,2024-05-06,Thiruvananthapuram,Kerala,South
CUST07270,Balendra Bedi,Female,60,Education,2023-07-09,Vadodara,Gujarat,West
CUST07271,Sanaya Mital,Male,28,Corporate,2021-07-08,Kozhikode,Kerala,South
CUST07272,Samuel Kalla,Female,35,Government,2025-02-03,Nagpur,Maharashtra,West
CUST07273,Urvi Prakash,Male,45,Education,2023-07-28,Kozhikode,Kerala,South
CUST07274,Vedant Gala,Male,20,Government,2025-09-24,Bengaluru,Karnataka,South
CUST07275,Nilima Divan,Female,43,Retail,2025-05-20,Mysuru,Karnataka,South
CUST07276,Waida Khanna,Male,44,SME,2025-05-21,Ludhiana,Punjab,North
CUST07277,Wridesh Rege,Male,60,Education,2022-07-21,Pune,Maharashtra,West
CUST07278,Dakshesh Ganesan,Female,58,SME,2024-12-02,Siliguri,West Bengal,East
CUST07279,Netra Chacko,Female,21,Government,2023-08-13,Coimbatore,Tamil Nadu,South
CUST07280,Laksh Dass,Male,49,Retail,2024-06-27,Mangaluru,Karnataka,South
CUST07281,Fariq Kari,Female,58,Government,2025-08-03,New Delhi,Delhi,North
CUST07282,Ridhi Sastry,Female,40,Education,2023-05-21,Chennai,Tamil Nadu,South
CUST07283,Mitali Pillay,Female,44,Education,2021-11-20,Kozhikode,Kerala,South
CUST07284,Krisha Narain,Female,49,Corporate,2025-03-05,Bhopal,Madhya Pradesh,Central
CUST07285,Ira Bawa,Female,53,Retail,2025-01-30,Kozhikode,Kerala,South
CUST07286,Hema Jayaraman,Male,60,SME,2024-08-01,Ahmedabad,Gujarat,West
CUST07287,Tamanna Grover,Female,23,Government,2025-10-10,New Delhi,Delhi,North
CUST07288,Chakradhar Singhal,Female,65,Education,2026-01-10,Thiruvananthapuram,Kerala,South
CUST07289,Upadhriti Chokshi,Male,46,SME,2022-03-12,Ludhiana,Punjab,North
CUST07290,Vyanjana Suri,Female,20,Government,2022-08-27,Thiruvananthapuram,Kerala,South
CUST07291,Falguni Agate,Male,50,Retail,2026-05-05,New Delhi,Delhi,North
CUST07292,Shravya Chowdhury,Female,21,Corporate,2024-11-11,New Delhi,Delhi,North
CUST07293,Farhan Gulati,Female,35,Education,2022-03-20,Kochi,Kerala,South
CUST07294,Barkha Arya,Female,32,SME,2023-12-05,Indore,Madhya Pradesh,Central
CUST07295,Maanas Agate,Female,51,Education,2023-01-13,Thiruvananthapuram,Kerala,South
CUST07296,Adya Vaidya,Male,25,Corporate,2022-07-03,Bhopal,Madhya Pradesh,Central
CUST07297,Prisha Bal,Female,42,Retail,2023-06-01,Madurai,Tamil Nadu,South
CUST07298,Harini Lalla,Female,22,Retail,2025-08-25,Kozhikode,Kerala,South
CUST07299,Ucchal Prabhakar,Male,39,SME,2022-07-01,Kolkata,West Bengal,East
CUST07300,Ekaja Bhandari,Female,45,Retail,2024-04-21,New Delhi,Delhi,North
CUST07301,William Rattan,Male,31,Education,2026-03-20,Nagpur,Maharashtra,West
CUST07302,Zashil Keer,Female,35,Education,2025-06-22,New Delhi,Delhi,North
CUST07303,Kevin Buch,Male,45,Retail,2026-01-12,New Delhi,Delhi,North
CUST07304,Jeevika Talwar,Male,39,Retail,2026-03-30,Hyderabad,Telangana,South
CUST07305,Harini Devi,Female,62,SME,2026-03-18,Kozhikode,Kerala,South
CUST07306,Dominic Suresh,Female,63,Government,2022-07-21,Vadodara,Gujarat,West
CUST07307,Kritika Shere,Male,20,SME,2022-07-13,Madurai,Tamil Nadu,South
CUST07308,Bhavini Ganguly,Male,31,Corporate,2022-11-28,Coimbatore,Tamil Nadu,South
CUST07309,Pranav Sampath,Female,63,Education,2024-06-30,Ahmedabad,Gujarat,West
CUST07310,Yash Kannan,Male,50,SME,2022-12-20,Bengaluru,Karnataka,South
CUST07311,Hemangini De,Male,19,Corporate,2024-06-28,Vadodara,Gujarat,West
CUST07312,Charvi Chahal,Female,30,Government,2024-11-29,Bhopal,Madhya Pradesh,Central
CUST07313,Dhriti Garg,Male,22,Corporate,2025-03-03,Bengaluru,Karnataka,South
CUST07314,Gunbir Dalal,Female,24,Government,2021-10-11,Pune,Maharashtra,West
CUST07315,Shaurya Mangal,Male,42,Retail,2023-10-16,Coimbatore,Tamil Nadu,South
CUST07316,Advay Pingle,Male,30,Education,2025-11-06,Bhopal,Madhya Pradesh,Central
CUST07317,Isha Naidu,Female,39,Retail,2022-11-11,Ahmedabad,Gujarat,West
CUST07318,Bhavya Subramanian,Male,54,Education,2024-07-01,Indore,Madhya Pradesh,Central
CUST07319,Parth Deo,Male,50,Education,2024-04-15,Siliguri,West Bengal,East
CUST07320,Leena Agate,Female,18,Government,2021-10-06,Ludhiana,Punjab,North
CUST07321,Nirja Om,Female,57,Corporate,2023-09-17,Mangaluru,Karnataka,South
CUST07322,Balveer Kunda,Male,53,SME,2022-07-12,Indore,Madhya Pradesh,Central
CUST07323,William Pai,Male,56,Education,2021-09-26,Mysuru,Karnataka,South
CUST07324,Hema Saha,Male,31,Corporate,2025-04-19,Chennai,Tamil Nadu,South
CUST07325,Xiti Lanka,Female,54,SME,2022-06-18,Chennai,Tamil Nadu,South
CUST07326,Benjamin Tak,Male,54,SME,2024-10-28,Hyderabad,Telangana,South
CUST07327,Ubika Sane,Male,31,Education,2025-06-11,Mangaluru,Karnataka,South
CUST07328,Matthew Gandhi,Female,41,Government,2026-06-01,Coimbatore,Tamil Nadu,South
CUST07329,Bachittar Kurian,Female,27,Education,2024-11-03,Siliguri,West Bengal,East
CUST07330,Meera Walia,Male,42,Education,2026-05-01,Nagpur,Maharashtra,West
CUST07331,Bhanumati Memon,Male,44,Corporate,2023-03-09,Chennai,Tamil Nadu,South
CUST07332,Wakeeta Mukherjee,Male,21,Education,2022-03-31,Mangaluru,Karnataka,South
CUST07333,Gaurav Sama,Male,45,SME,2024-01-03,Bhopal,Madhya Pradesh,Central
CUST07334,Luke Mittal,Male,25,Retail,2023-05-21,Ludhiana,Punjab,North
CUST07335,Gautami Bhatia,Male,59,Retail,2025-11-25,Siliguri,West Bengal,East
CUST07336,Jatin Sastry,Male,60,Corporate,2022-06-03,Kolkata,West Bengal,East
CUST07337,Max Kota,Male,30,Retail,2022-04-04,Kozhikode,Kerala,South
CUST07338,Yachana Bhakta,Female,55,Government,2023-05-26,Warangal,Telangana,South
CUST07339,Tejas Balan,Male,45,Corporate,2025-11-02,Ludhiana,Punjab,North
CUST07340,Nikita Warrior,Female,60,SME,2023-11-20,Kochi,Kerala,South
CUST07341,Yug Mall,Male,19,Government,2022-12-24,Bhopal,Madhya Pradesh,Central
CUST07342,Faras Gopal,Female,53,Retail,2021-12-27,New Delhi,Delhi,North
CUST07343,Saksham Dewan,Male,40,Corporate,2025-04-13,Pune,Maharashtra,West
CUST07344,Gaurav Mallick,Male,21,Corporate,2026-01-31,Chennai,Tamil Nadu,South
CUST07345,Januja Chaudhuri,Male,43,SME,2023-02-04,New Delhi,Delhi,North
CUST07346,Yashodhara Karpe,Male,34,SME,2026-03-11,Madurai,Tamil Nadu,South
CUST07347,Yutika Choudhary,Male,62,Government,2025-07-08,New Delhi,Delhi,North
CUST07348,Amruta Nanda,Female,20,Government,2023-01-31,Ludhiana,Punjab,North
CUST07349,Vasana Chaudhry,Female,54,SME,2023-02-26,Thiruvananthapuram,Kerala,South
CUST07350,Guneet Mand,Female,19,Education,2022-10-09,Pune,Maharashtra,West
CUST07351,Tanay Dubey,Female,50,Retail,2024-06-26,Mangaluru,Karnataka,South
CUST07352,Lucky Madan,Female,34,SME,2023-05-02,New Delhi,Delhi,North
CUST07353,Shaurya Bora,Male,61,Government,2023-09-08,New Delhi,Delhi,North
CUST07354,Bishakha Kothari,Male,49,SME,2022-12-01,Siliguri,West Bengal,East
CUST07355,Gabriel Sem,Female,23,SME,2022-01-31,Karimnagar,Telangana,South
CUST07356,Lipika Lad,Male,36,Government,2025-08-03,Karimnagar,Telangana,South
CUST07357,Gayathri Venkataraman,Female,45,Corporate,2025-10-26,Surat,Gujarat,West
CUST07358,Madhavi Dave,Female,47,Education,2023-10-03,Ahmedabad,Gujarat,West
CUST07359,Adweta Bhavsar,Female,30,Retail,2022-02-08,New Delhi,Delhi,North
CUST07360,Kevin Varkey,Female,49,Corporate,2021-11-15,Coimbatore,Tamil Nadu,South
CUST07361,Mohini Doshi,Male,48,SME,2024-03-10,Siliguri,West Bengal,East
CUST07362,Akshay Kuruvilla,Male,26,Education,2023-07-07,New Delhi,Delhi,North
CUST07363,Tamanna Gole,Female,42,Retail,2022-02-13,Karimnagar,Telangana,South
CUST07364,Rachit Karnik,Female,26,Government,2024-03-31,Coimbatore,Tamil Nadu,South
CUST07365,Christopher Shah,Male,30,SME,2022-06-18,New Delhi,Delhi,North
CUST07366,Naveen More,Female,43,Government,2026-02-25,Indore,Madhya Pradesh,Central
CUST07367,Ria Radhakrishnan,Female,59,Retail,2022-09-28,Bhopal,Madhya Pradesh,Central
CUST07368,Tanmayi Deep,Female,42,Corporate,2022-05-11,Coimbatore,Tamil Nadu,South
CUST07369,Jalsa Mammen,Female,20,Corporate,2022-04-04,Amritsar,Punjab,North
CUST07370,Simon Sha,Female,26,Corporate,2022-12-15,Coimbatore,Tamil Nadu,South
CUST07371,Niharika Agarwal,Male,38,Corporate,2024-04-18,Madurai,Tamil Nadu,South
CUST07372,Madhav Choudhry,Male,39,Corporate,2024-09-15,Mumbai,Maharashtra,West
CUST07373,Abdul Gour,Female,20,Retail,2025-08-17,Vadodara,Gujarat,West
CUST07374,Anirudh Balasubramanian,Female,56,Education,2025-11-22,Siliguri,West Bengal,East
CUST07375,Vinaya Thakkar,Male,24,SME,2023-08-14,Coimbatore,Tamil Nadu,South
CUST07376,Chavvi Mani,Male,18,SME,2022-04-13,Mysuru,Karnataka,South
CUST07377,Zilmil Choudhry,Male,23,Corporate,2025-07-30,Thiruvananthapuram,Kerala,South
CUST07378,Chanakya Buch,Female,41,Education,2024-08-01,Madurai,Tamil Nadu,South
CUST07379,Indrajit Shan,Male,36,Corporate,2025-10-28,Mysuru,Karnataka,South
CUST07380,Deepa Shere,Male,64,Retail,2023-10-17,Kochi,Kerala,South
CUST07381,Fitan Shanker,Male,27,Government,2024-01-13,Mangaluru,Karnataka,South
CUST07382,Aadhya Hora,Male,64,Retail,2023-05-01,Pune,Maharashtra,West
CUST07383,Charvi Brar,Male,35,Retail,2022-05-02,Nagpur,Maharashtra,West
CUST07384,Xavier Goda,Male,34,Corporate,2024-11-01,Siliguri,West Bengal,East
CUST07385,Sai Tank,Male,62,SME,2026-02-09,Amritsar,Punjab,North
CUST07386,Bishakha Jani,Male,25,Education,2024-11-17,Bengaluru,Karnataka,South
CUST07387,Rajata Nagi,Male,23,Corporate,2023-12-02,Kolkata,West Bengal,East
CUST07388,Yatan Muni,Male,59,Retail,2024-12-13,Ludhiana,Punjab,North
CUST07389,Michael Dube,Female,27,SME,2023-03-05,Mangaluru,Karnataka,South
CUST07390,Amrita Kadakia,Female,47,Government,2022-10-14,Warangal,Telangana,South
CUST07391,Ryan Chokshi,Male,61,SME,2026-05-05,Bhopal,Madhya Pradesh,Central
CUST07392,Gagan Kale,Female,46,SME,2024-09-12,Vadodara,Gujarat,West
CUST07393,Tejas Dash,Female,31,SME,2022-04-27,Ahmedabad,Gujarat,West
CUST07394,Qarin Bhargava,Male,65,Education,2022-06-04,Kolkata,West Bengal,East
CUST07395,Tanmayi Dugar,Female,36,Corporate,2026-01-14,Warangal,Telangana,South
CUST07396,Kamya Dube,Female,30,SME,2022-07-27,Karimnagar,Telangana,South
CUST07397,Viraj Brar,Female,51,Government,2023-04-21,Chennai,Tamil Nadu,South
CUST07398,Pavani Atwal,Male,39,Retail,2022-07-13,Karimnagar,Telangana,South
CUST07399,Aarna Varkey,Female,41,Corporate,2022-07-08,Thiruvananthapuram,Kerala,South
CUST07400,Harsh Zacharia,Female,28,Retail,2025-03-25,Kolkata,West Bengal,East
CUST07401,Nathan Sami,Female,48,Education,2024-01-09,Pune,Maharashtra,West
CUST07402,Kamala Memon,Male,52,Corporate,2024-10-30,New Delhi,Delhi,North
CUST07403,Kashish Jaggi,Female,38,Government,2023-02-27,Siliguri,West Bengal,East
CUST07404,Harshil Pau,Male,21,Education,2023-05-25,Ludhiana,Punjab,North
CUST07405,Abeer Bail,Male,61,Corporate,2024-06-29,Ahmedabad,Gujarat,West
CUST07406,Nachiket Bhatia,Male,24,SME,2025-01-19,New Delhi,Delhi,North
CUST07407,Manbir Tara,Male,24,Retail,2022-03-02,Warangal,Telangana,South
CUST07408,Parth Desai,Male,34,SME,2021-11-18,Amritsar,Punjab,North
CUST07409,Darpan Lala,Male,18,Education,2021-09-03,Kochi,Kerala,South
CUST07410,Finn Naik,Female,40,Corporate,2025-04-16,Coimbatore,Tamil Nadu,South
CUST07411,Lucky Kala,Female,40,Education,2024-07-03,Bhopal,Madhya Pradesh,Central
CUST07412,Indali Desai,Male,31,Retail,2022-01-23,Pune,Maharashtra,West
CUST07413,Eesha Iyengar,Male,25,SME,2026-01-24,Bhopal,Madhya Pradesh,Central
CUST07414,Leena Sood,Male,35,Government,2024-09-20,Kochi,Kerala,South
CUST07415,Tarak Guha,Female,57,Education,2025-08-13,Ludhiana,Punjab,North
CUST07416,Tanay Sani,Male,20,Corporate,2024-05-16,Bengaluru,Karnataka,South
CUST07417,Lipika Samra,Female,37,Government,2025-09-22,Mumbai,Maharashtra,West
CUST07418,Urishilla Bobal,Female,65,Government,2024-04-21,Bhopal,Madhya Pradesh,Central
CUST07419,Faras Dube,Female,58,Retail,2023-04-20,Vadodara,Gujarat,West
CUST07420,Dakshesh Chacko,Female,50,Education,2024-08-09,Kolkata,West Bengal,East
CUST07421,Kamala Brahmbhatt,Male,25,SME,2025-07-29,Mangaluru,Karnataka,South
CUST07422,Nachiket Mallick,Female,56,SME,2024-08-16,Indore,Madhya Pradesh,Central
CUST07423,Jeremiah Kibe,Female,32,Government,2025-04-12,Thiruvananthapuram,Kerala,South
CUST07424,Eesha Venkatesh,Female,55,Retail,2026-02-03,Warangal,Telangana,South
CUST07425,Saksham Kalla,Male,28,Corporate,2022-10-22,Kochi,Kerala,South
CUST07426,Anusha Wali,Female,34,Government,2025-02-12,Hyderabad,Telangana,South
CUST07427,Yagnesh Dhawan,Male,36,Education,2023-12-27,Mysuru,Karnataka,South
CUST07428,Amara Barman,Male,37,Government,2022-05-11,Kozhikode,Kerala,South
CUST07429,Bimala Kata,Female,37,Education,2023-08-12,Thiruvananthapuram,Kerala,South
CUST07430,Azaan More,Female,18,Education,2023-05-31,Amritsar,Punjab,North
CUST07431,Bhavani Chahal,Female,42,Education,2023-08-31,Bengaluru,Karnataka,South
CUST07432,Hitesh Ravel,Male,18,Education,2025-08-19,Surat,Gujarat,West
CUST07433,Anay Warrior,Male,53,Corporate,2022-04-12,New Delhi,Delhi,North
CUST07434,Viraj Bali,Male,25,Government,2026-03-12,Chennai,Tamil Nadu,South
CUST07435,Osha Bajaj,Female,52,Corporate,2024-08-06,Kozhikode,Kerala,South
CUST07436,Upasna Shah,Female,26,Education,2023-02-19,Amritsar,Punjab,North
CUST07437,Nilima Varughese,Male,56,Corporate,2025-02-02,Nagpur,Maharashtra,West
CUST07438,Sanaya Dutta,Female,64,SME,2025-09-17,Kochi,Kerala,South
CUST07439,Yashawini Chokshi,Male,60,Retail,2024-02-14,Bhopal,Madhya Pradesh,Central
CUST07440,Hiral Bansal,Female,20,SME,2023-09-18,New Delhi,Delhi,North
CUST07441,Vedika Sahota,Male,24,Corporate,2023-05-24,Siliguri,West Bengal,East
CUST07442,Unni Balakrishnan,Female,31,SME,2023-10-06,Thiruvananthapuram,Kerala,South
CUST07443,Tarak Morar,Male,25,Government,2026-04-10,Siliguri,West Bengal,East
CUST07444,Laban Kar,Female,24,Corporate,2023-07-23,Pune,Maharashtra,West
CUST07445,Logan Radhakrishnan,Male,19,Education,2026-06-04,Mumbai,Maharashtra,West
CUST07446,Charan Venkatesh,Male,48,Retail,2021-08-19,Thiruvananthapuram,Kerala,South
CUST07447,Avi Kannan,Male,42,SME,2024-06-13,Nagpur,Maharashtra,West
CUST07448,Siya Kota,Male,62,Education,2024-04-04,Kolkata,West Bengal,East
CUST07449,Upadhriti Shukla,Female,41,Government,2022-04-17,Vadodara,Gujarat,West
CUST07450,Zashil Chaudhari,Female,28,Retail,2022-10-09,Vadodara,Gujarat,West
CUST07451,Shravya Sarna,Female,54,Corporate,2021-09-09,Indore,Madhya Pradesh,Central
CUST07452,Saanvi Sehgal,Female,30,Education,2024-10-10,Chennai,Tamil Nadu,South
CUST07453,Amaira Ramakrishnan,Female,29,Education,2026-01-09,Vadodara,Gujarat,West
CUST07454,Arunima Kala,Female,51,Education,2025-01-04,New Delhi,Delhi,North
CUST07455,Aarini Dhar,Female,54,Corporate,2024-04-03,Amritsar,Punjab,North
CUST07456,Charita Srivastava,Female,22,Corporate,2021-07-19,Vadodara,Gujarat,West
CUST07457,Faris Solanki,Female,34,Government,2022-10-06,Mumbai,Maharashtra,West
CUST07458,Radhika Bora,Female,32,Government,2022-09-15,Madurai,Tamil Nadu,South
CUST07459,Manya Dua,Female,29,Education,2025-10-03,Mangaluru,Karnataka,South
CUST07460,Janani Borra,Male,30,Government,2021-10-29,Ludhiana,Punjab,North
CUST07461,Yutika Sura,Female,43,Retail,2024-07-26,Indore,Madhya Pradesh,Central
CUST07462,Yagnesh Dube,Male,24,Retail,2024-01-01,Ahmedabad,Gujarat,West
CUST07463,Zayyan Morar,Male,39,SME,2025-11-20,Chennai,Tamil Nadu,South
CUST07464,Meghana Sachdev,Female,36,Corporate,2022-09-04,Kolkata,West Bengal,East
CUST07465,Saksham Tata,Female,49,Government,2022-08-27,Thiruvananthapuram,Kerala,South
CUST07466,Garima Oza,Female,55,Government,2026-01-30,Hyderabad,Telangana,South
CUST07467,Vivaan Rao,Male,64,Government,2026-01-06,Bengaluru,Karnataka,South
CUST07468,Aadi Rout,Female,34,Education,2023-08-29,New Delhi,Delhi,North
CUST07469,Samaksh Dua,Female,58,Government,2025-04-25,Indore,Madhya Pradesh,Central
CUST07470,Zayyan Kadakia,Female,48,Corporate,2023-08-03,Indore,Madhya Pradesh,Central
CUST07471,Vasatika Chopra,Female,47,Government,2025-05-06,Kolkata,West Bengal,East
CUST07472,Kalpit Shankar,Female,60,Corporate,2024-04-07,Bhopal,Madhya Pradesh,Central
CUST07473,Suhani Sant,Male,20,Government,2022-09-22,New Delhi,Delhi,North
CUST07474,Falguni Char,Male,29,Corporate,2023-10-24,New Delhi,Delhi,North
CUST07475,Mason Ramanathan,Female,37,Corporate,2021-10-07,Ludhiana,Punjab,North
CUST07476,Sachi Sahni,Female,50,Education,2024-04-01,Hyderabad,Telangana,South
CUST07477,Damini Talwar,Male,35,SME,2023-10-01,Bhopal,Madhya Pradesh,Central
CUST07478,Madhav Palla,Male,60,SME,2024-07-12,Bhopal,Madhya Pradesh,Central
CUST07479,Ekavir Sama,Female,57,Corporate,2023-07-31,Vadodara,Gujarat,West
CUST07480,Meera Brahmbhatt,Female,18,Retail,2022-01-11,Warangal,Telangana,South
CUST07481,Kala Tata,Female,37,Government,2024-01-28,Madurai,Tamil Nadu,South
CUST07482,Hritik Batra,Female,31,Corporate,2023-07-26,Coimbatore,Tamil Nadu,South
CUST07483,Vansha Krishna,Female,50,SME,2022-07-05,New Delhi,Delhi,North
CUST07484,Zarna Murthy,Male,20,Government,2024-05-24,New Delhi,Delhi,North
CUST07485,Sarthak Sethi,Female,30,SME,2023-06-13,Vadodara,Gujarat,West
CUST07486,Dominic Singh,Female,55,SME,2024-03-27,Siliguri,West Bengal,East
CUST07487,Dominic Ghosh,Male,44,SME,2026-03-16,Kozhikode,Kerala,South
CUST07488,Lakshmi Chanda,Male,28,Education,2025-12-08,Pune,Maharashtra,West
CUST07489,Bhavya Oommen,Female,43,Education,2025-03-12,Kochi,Kerala,South
CUST07490,Daksh Banik,Female,34,SME,2026-06-06,New Delhi,Delhi,North
CUST07491,Neha Lalla,Female,42,Government,2023-01-15,Siliguri,West Bengal,East
CUST07492,Saksham Choudhury,Female,46,Retail,2023-05-20,Nagpur,Maharashtra,West
CUST07493,Adweta Karan,Male,35,Education,2021-08-28,Surat,Gujarat,West
CUST07494,Suhani Bali,Male,63,Corporate,2025-08-06,Pune,Maharashtra,West
CUST07495,Bishakha Ben,Female,33,Education,2025-03-30,Mumbai,Maharashtra,West
CUST07496,Vaishnavi Chada,Male,53,SME,2025-08-16,Ludhiana,Punjab,North
CUST07497,Shravya Kar,Female,32,Government,2025-09-21,Siliguri,West Bengal,East
CUST07498,Rishi Banik,Male,33,Education,2023-09-23,Pune,Maharashtra,West
CUST07499,Ubika Tandon,Male,48,Government,2023-02-20,Surat,Gujarat,West
CUST07500,Raksha Sharaf,Male,52,Corporate,2023-01-01,Mysuru,Karnataka,South
CUST07501,Aachal Thakkar,Female,43,Government,2025-09-28,Kozhikode,Kerala,South
CUST07502,Nachiket Lad,Male,33,Education,2026-06-10,Kochi,Kerala,South
CUST07503,Vidhi Mangal,Female,65,Government,2026-04-22,Bhopal,Madhya Pradesh,Central
CUST07504,Geetika Nagarajan,Female,19,Education,2024-05-25,Mangaluru,Karnataka,South
CUST07505,Wakeeta Golla,Male,21,SME,2023-05-01,Thiruvananthapuram,Kerala,South
CUST07506,Nirja Ramachandran,Male,64,Education,2022-07-29,Coimbatore,Tamil Nadu,South
CUST07507,Azaan Bhargava,Female,19,SME,2025-02-13,Kochi,Kerala,South
CUST07508,Eta Baria,Male,44,SME,2025-03-23,Chennai,Tamil Nadu,South
CUST07509,Vedant Gour,Female,58,Government,2022-09-23,Kolkata,West Bengal,East
CUST07510,Jagvi Kalla,Male,36,Education,2022-10-11,New Delhi,Delhi,North
CUST07511,Ria Joshi,Female,35,Education,2021-09-13,Amritsar,Punjab,North
CUST07512,Devansh Comar,Male,31,Corporate,2025-03-30,New Delhi,Delhi,North
CUST07513,Upasna Kade,Female,34,Retail,2022-11-24,Ludhiana,Punjab,North
CUST07514,Aadi Chauhan,Male,21,Government,2025-07-19,Vadodara,Gujarat,West
CUST07515,Qushi Master,Male,23,Retail,2023-06-18,Mumbai,Maharashtra,West
CUST07516,Alexander Basak,Female,45,Retail,2022-05-15,Karimnagar,Telangana,South
CUST07517,Bhanumati Bhardwaj,Female,25,Education,2024-05-27,Ludhiana,Punjab,North
CUST07518,Netra Grewal,Female,55,Education,2023-08-31,Nagpur,Maharashtra,West
CUST07519,Rushil Bhasin,Male,51,Corporate,2021-10-30,Amritsar,Punjab,North
CUST07520,Harini Gill,Female,23,SME,2026-01-10,Kochi,Kerala,South
CUST07521,Owen Borde,Female,46,SME,2021-11-14,Mumbai,Maharashtra,West
CUST07522,Jeet Ghosh,Female,51,Government,2026-01-19,Nagpur,Maharashtra,West
CUST07523,Forum Saxena,Male,40,Corporate,2025-10-26,Thiruvananthapuram,Kerala,South
CUST07524,Ishita Dhar,Male,47,Retail,2021-10-06,New Delhi,Delhi,North
CUST07525,Leela Natarajan,Female,45,Education,2021-07-29,New Delhi,Delhi,North
CUST07526,Peter Raju,Male,58,Government,2023-08-28,Mysuru,Karnataka,South
CUST07527,Logan Chaudry,Male,33,Education,2025-08-31,Chennai,Tamil Nadu,South
CUST07528,Janani Bajwa,Male,26,Corporate,2025-05-12,Chennai,Tamil Nadu,South
CUST07529,Fitan Sandal,Female,41,Government,2021-10-26,Amritsar,Punjab,North
CUST07530,Zinal Rattan,Male,62,Corporate,2025-03-18,Bhopal,Madhya Pradesh,Central
CUST07531,Azad Gandhi,Female,50,Education,2024-06-25,Thiruvananthapuram,Kerala,South
CUST07532,Peter Deol,Male,49,Government,2022-11-30,Mysuru,Karnataka,South
CUST07533,Damini Kannan,Female,59,SME,2025-12-20,Chennai,Tamil Nadu,South
CUST07534,Neha Sandal,Female,35,Retail,2024-09-17,Chennai,Tamil Nadu,South
CUST07535,Ishwar Mane,Female,51,Corporate,2022-08-13,Ludhiana,Punjab,North
CUST07536,Aachal Parsa,Female,51,SME,2021-10-03,Siliguri,West Bengal,East
CUST07537,Arin Sangha,Male,32,SME,2023-09-25,Kolkata,West Bengal,East
CUST07538,Darpan Shere,Female,31,Education,2023-04-25,Siliguri,West Bengal,East
CUST07539,Kamala Dhar,Female,62,Retail,2022-06-17,Vadodara,Gujarat,West
CUST07540,Damini Verma,Male,48,Corporate,2024-01-10,Pune,Maharashtra,West
CUST07541,Tanvi Menon,Male,30,Retail,2025-10-04,Kolkata,West Bengal,East
CUST07542,Warjas Ranganathan,Female,34,Corporate,2025-01-20,Ludhiana,Punjab,North
CUST07543,Nimrat Biswas,Female,65,Government,2022-05-29,Coimbatore,Tamil Nadu,South
CUST07544,Kevin Taneja,Female,34,SME,2023-03-01,Vadodara,Gujarat,West
CUST07545,Brinda Sidhu,Female,65,Government,2025-05-14,Mangaluru,Karnataka,South
CUST07546,Tanish Choudhry,Male,29,Retail,2026-02-24,Kochi,Kerala,South
CUST07547,Girish Parmar,Female,18,SME,2023-02-05,Amritsar,Punjab,North
CUST07548,Qarin Ratti,Male,25,SME,2023-05-21,Warangal,Telangana,South
CUST07549,Kamala Rau,Male,26,Government,2026-01-07,Hyderabad,Telangana,South
CUST07550,Ikbal Tripathi,Female,30,Corporate,2026-03-25,Bhopal,Madhya Pradesh,Central
CUST07551,David Venkatesh,Male,33,SME,2023-09-27,Mangaluru,Karnataka,South
CUST07552,Darsh Chahal,Female,18,Corporate,2025-05-29,New Delhi,Delhi,North
CUST07553,Ekiya Gole,Male,40,SME,2022-10-18,Mysuru,Karnataka,South
CUST07554,Azad Barman,Female,31,Corporate,2022-08-15,Bengaluru,Karnataka,South
CUST07555,Yahvi Natt,Male,58,Government,2023-05-30,Bengaluru,Karnataka,South
CUST07556,Vedika Sood,Male,53,SME,2021-10-05,Ahmedabad,Gujarat,West
CUST07557,Gabriel Agarwal,Female,26,Corporate,2026-05-12,Bengaluru,Karnataka,South
CUST07558,Frado Kulkarni,Male,62,Retail,2022-03-11,Madurai,Tamil Nadu,South
CUST07559,Max Shetty,Male,37,Government,2026-05-11,New Delhi,Delhi,North
CUST07560,Vritti Pillay,Male,54,Corporate,2025-10-03,Madurai,Tamil Nadu,South
CUST07561,Robert Shah,Female,51,SME,2023-05-18,Mysuru,Karnataka,South
CUST07562,Yochana Edwin,Female,46,Education,2025-09-23,Ludhiana,Punjab,North
CUST07563,Nilima Bhagat,Male,55,Government,2021-07-19,Bhopal,Madhya Pradesh,Central
CUST07564,Darsh Mallick,Female,58,SME,2026-06-07,Warangal,Telangana,South
CUST07565,Adya Ramachandran,Male,41,Retail,2022-11-13,Kozhikode,Kerala,South
CUST07566,Wazir Oak,Female,27,Corporate,2024-11-28,Kolkata,West Bengal,East
CUST07567,Faraj Puri,Female,35,Corporate,2025-05-03,Kolkata,West Bengal,East
CUST07568,Harshil Nayar,Male,50,SME,2021-08-06,Bhopal,Madhya Pradesh,Central
CUST07569,Balvan Swamy,Female,59,Education,2025-03-31,Warangal,Telangana,South
CUST07570,Ishanvi Halder,Female,39,Government,2024-08-01,New Delhi,Delhi,North
CUST07571,Kala Shere,Male,50,Retail,2024-10-22,Bengaluru,Karnataka,South
CUST07572,Ryan Vala,Female,37,SME,2026-02-18,Bhopal,Madhya Pradesh,Central
CUST07573,Jalsa Kannan,Female,24,SME,2024-07-07,Siliguri,West Bengal,East
CUST07574,Gagan Nayar,Female,50,Government,2026-01-03,Mangaluru,Karnataka,South
CUST07575,Oliver Srinivas,Male,63,SME,2022-07-22,Nagpur,Maharashtra,West
CUST07576,Upkaar Kar,Male,59,SME,2025-08-07,Mangaluru,Karnataka,South
CUST07577,Arjun Tailor,Female,20,Corporate,2024-08-21,Pune,Maharashtra,West
CUST07578,Krish Warrior,Female,44,Government,2022-10-19,Ahmedabad,Gujarat,West
CUST07579,Ekavir Mani,Female,56,Corporate,2022-10-16,Surat,Gujarat,West
CUST07580,Parth Pant,Male,21,Government,2023-07-07,Surat,Gujarat,West
CUST07581,Aadi Singhal,Male,46,Education,2025-12-29,Karimnagar,Telangana,South
CUST07582,Shivani Sule,Female,46,Education,2026-04-18,Surat,Gujarat,West
CUST07583,Ranbir Kanda,Female,54,Corporate,2022-08-02,Amritsar,Punjab,North
CUST07584,Radhika Boase,Male,26,Corporate,2024-12-22,Surat,Gujarat,West
CUST07585,Yachana Yohannan,Male,36,Government,2023-01-27,Siliguri,West Bengal,East
CUST07586,Yatin Sunder,Female,57,Retail,2025-12-19,Thiruvananthapuram,Kerala,South
CUST07587,Devansh Halder,Male,63,SME,2024-04-08,Mysuru,Karnataka,South
CUST07588,Advaith Wali,Female,53,SME,2025-09-26,Surat,Gujarat,West
CUST07589,Vedant Singhal,Female,34,Retail,2025-10-11,Bhopal,Madhya Pradesh,Central
CUST07590,Hredhaan Mangat,Male,30,Government,2022-04-27,New Delhi,Delhi,North
CUST07591,Urvi Yogi,Female,25,Corporate,2023-11-08,Surat,Gujarat,West
CUST07592,Jagdish Raj,Male,39,Retail,2022-11-08,Surat,Gujarat,West
CUST07593,Vansha Sastry,Female,46,SME,2024-09-08,Warangal,Telangana,South
CUST07594,Ishanvi Mangal,Female,37,Retail,2023-12-23,Indore,Madhya Pradesh,Central
CUST07595,Patrick Bhavsar,Female,27,Education,2022-09-17,Hyderabad,Telangana,South
CUST07596,Jai Jhaveri,Male,22,SME,2025-12-14,New Delhi,Delhi,North
CUST07597,Bina Vig,Male,35,Retail,2024-09-15,Ahmedabad,Gujarat,West
CUST07598,Jack Thakkar,Male,39,SME,2024-01-29,Ludhiana,Punjab,North
CUST07599,Ekaraj Garg,Male,36,SME,2022-02-05,Surat,Gujarat,West
CUST07600,Mohini Chaudhuri,Female,41,Education,2023-05-07,Vadodara,Gujarat,West
CUST07601,Faras Andra,Female,53,Corporate,2022-01-19,Hyderabad,Telangana,South
CUST07602,Oscar Gera,Female,62,Education,2025-10-19,Thiruvananthapuram,Kerala,South
CUST07603,Max Pillai,Female,18,SME,2023-05-14,New Delhi,Delhi,North
CUST07604,Gayathri Bawa,Male,50,Education,2022-12-03,Indore,Madhya Pradesh,Central
CUST07605,Triveni Badal,Male,23,Education,2023-01-20,Mysuru,Karnataka,South
CUST07606,Onveer Andra,Female,61,Education,2024-05-11,Coimbatore,Tamil Nadu,South
CUST07607,Tamanna Kaur,Male,23,Government,2023-07-17,Siliguri,West Bengal,East
CUST07608,Balveer Hegde,Male,43,Government,2024-09-18,Ludhiana,Punjab,North
CUST07609,Priya Sankaran,Male,22,Education,2024-12-19,New Delhi,Delhi,North
CUST07610,Anay Uppal,Female,59,Retail,2021-08-03,Mangaluru,Karnataka,South
CUST07611,Hiral Amble,Female,41,Government,2023-02-02,Chennai,Tamil Nadu,South
CUST07612,Michael Mane,Male,23,Retail,2022-02-07,Kozhikode,Kerala,South
CUST07613,Jonathan Batta,Male,20,Corporate,2024-10-18,Ahmedabad,Gujarat,West
CUST07614,Devansh Chokshi,Male,20,Government,2024-08-14,New Delhi,Delhi,North
CUST07615,Shravya Aggarwal,Male,63,Corporate,2021-07-17,Kozhikode,Kerala,South
CUST07616,Chavvi Mahal,Male,49,Government,2023-07-03,Bhopal,Madhya Pradesh,Central
CUST07617,Dalbir Dara,Male,60,Corporate,2022-01-01,Bengaluru,Karnataka,South
CUST07618,Tanveer Bhatti,Male,59,Retail,2024-03-27,Siliguri,West Bengal,East
CUST07619,Charan Nayak,Female,36,Education,2022-12-09,Kolkata,West Bengal,East
CUST07620,Vedant Narang,Female,46,Education,2025-05-23,Kolkata,West Bengal,East
CUST07621,Raghav Bhakta,Female,26,Retail,2022-04-05,New Delhi,Delhi,North
CUST07622,Om Yadav,Female,50,Retail,2023-01-18,Kolkata,West Bengal,East
CUST07623,George Patla,Male,65,Education,2023-12-13,Warangal,Telangana,South
CUST07624,Alexander Kapoor,Female,35,Corporate,2025-09-30,New Delhi,Delhi,North
CUST07625,Peter Menon,Female,19,SME,2024-02-28,New Delhi,Delhi,North
CUST07626,Rudra Ramachandran,Male,49,Government,2025-02-05,Ludhiana,Punjab,North
CUST07627,Zaid Ravel,Male,46,Government,2025-04-22,New Delhi,Delhi,North
CUST07628,Samarth Srinivasan,Male,61,Government,2022-04-23,Vadodara,Gujarat,West
CUST07629,Falguni Bala,Female,35,Government,2024-04-27,Amritsar,Punjab,North
CUST07630,Yatin Agrawal,Female,42,Government,2022-10-06,Indore,Madhya Pradesh,Central
CUST07631,Jairaj Kapoor,Female,34,Education,2023-01-31,Ludhiana,Punjab,North
CUST07632,Krishna Bassi,Female,33,Retail,2024-12-28,Indore,Madhya Pradesh,Central
CUST07633,Brijesh Deo,Female,43,SME,2025-10-13,Surat,Gujarat,West
CUST07634,Chandresh Pillai,Female,18,Corporate,2025-05-29,Hyderabad,Telangana,South
CUST07635,Isaiah Deo,Female,35,Government,2026-04-09,New Delhi,Delhi,North
CUST07636,Jyoti Dixit,Female,60,Government,2025-03-15,New Delhi,Delhi,North
CUST07637,Panini Dayal,Male,26,Government,2024-09-07,Chennai,Tamil Nadu,South
CUST07638,Quincy Menon,Male,35,Education,2024-05-24,Hyderabad,Telangana,South
CUST07639,Nitesh Nadkarni,Male,29,Retail,2024-11-13,Siliguri,West Bengal,East
CUST07640,Yashica Boase,Male,32,Education,2024-12-21,Thiruvananthapuram,Kerala,South
CUST07641,Kamala Raghavan,Male,42,Retail,2024-01-22,Siliguri,West Bengal,East
CUST07642,Ishani Grover,Female,49,SME,2021-12-02,Kozhikode,Kerala,South
CUST07643,Advik Iyer,Female,50,Corporate,2025-07-31,Siliguri,West Bengal,East
CUST07644,Diya Varghese,Female,38,Government,2025-10-31,Mysuru,Karnataka,South
CUST07645,Falak Bumb,Female,60,Education,2026-01-08,New Delhi,Delhi,North
CUST07646,Faqid Kala,Female,53,Retail,2022-12-14,Surat,Gujarat,West
CUST07647,Pooja Gupta,Female,22,Corporate,2024-11-25,Mysuru,Karnataka,South
CUST07648,Orinder Chanda,Female,34,SME,2023-05-13,New Delhi,Delhi,North
CUST07649,Warda Balakrishnan,Male,44,Corporate,2022-02-24,Bhopal,Madhya Pradesh,Central
CUST07650,Damini Varghese,Male,41,Education,2022-03-03,Warangal,Telangana,South
CUST07651,Rohan Narasimhan,Female,40,Corporate,2024-11-29,Coimbatore,Tamil Nadu,South
CUST07652,Radha Narang,Male,20,Retail,2021-11-02,Pune,Maharashtra,West
CUST07653,Zaid Issac,Male,61,Government,2024-07-30,Mumbai,Maharashtra,West
CUST07654,Oliver Nayar,Female,47,Retail,2024-07-20,New Delhi,Delhi,North
CUST07655,Wridesh Rajagopal,Male,33,SME,2023-07-05,Ahmedabad,Gujarat,West
CUST07656,Manbir Reddy,Male,54,Government,2025-01-15,Madurai,Tamil Nadu,South
CUST07657,Urvashi Sinha,Male,39,Education,2025-10-12,Vadodara,Gujarat,West
CUST07658,Yoshita Jayaraman,Male,33,Corporate,2024-01-25,Vadodara,Gujarat,West
CUST07659,Pavani Nagar,Female,21,Government,2024-02-14,Vadodara,Gujarat,West
CUST07660,Pahal Borah,Female,30,Corporate,2023-11-03,Madurai,Tamil Nadu,South
CUST07661,Ekiya Rai,Female,45,Education,2026-01-06,Karimnagar,Telangana,South
CUST07662,Raagini Bhandari,Female,60,Government,2022-11-27,Kochi,Kerala,South
CUST07663,Eta Kata,Male,31,Corporate,2025-08-15,Mysuru,Karnataka,South
CUST07664,Eiravati Rai,Male,43,Retail,2024-07-06,Kolkata,West Bengal,East
CUST07665,Daksh Tailor,Female,20,Retail,2026-06-02,Kolkata,West Bengal,East
CUST07666,Vrishti Bal,Male,56,Retail,2023-11-06,Ahmedabad,Gujarat,West
CUST07667,Nakul Merchant,Female,47,SME,2023-12-22,Siliguri,West Bengal,East
CUST07668,Umang Dua,Female,57,Government,2025-03-30,Bhopal,Madhya Pradesh,Central
CUST07669,Amruta Lata,Male,48,Retail,2024-07-05,Mysuru,Karnataka,South
CUST07670,Maanas Sarma,Female,24,Retail,2024-02-19,Warangal,Telangana,South
CUST07671,Chaman Lall,Female,50,Corporate,2025-10-03,Mumbai,Maharashtra,West
CUST07672,Geetika Sami,Male,58,Education,2025-01-08,Mysuru,Karnataka,South
CUST07673,Maya Mannan,Male,32,Retail,2025-09-08,Amritsar,Punjab,North
CUST07674,Raghav Dixit,Male,56,Corporate,2022-07-17,New Delhi,Delhi,North
CUST07675,Nilima Khosla,Female,53,Government,2023-09-10,Hyderabad,Telangana,South
CUST07676,Tanveer Hayre,Female,30,Education,2022-03-05,Amritsar,Punjab,North
CUST07677,Niharika Dyal,Female,33,Corporate,2025-11-05,Coimbatore,Tamil Nadu,South
CUST07678,Divya Reddy,Male,23,Government,2023-07-16,Mysuru,Karnataka,South
CUST07679,Jai Borde,Female,33,Retail,2021-11-28,Warangal,Telangana,South
CUST07680,Samaksh Nayak,Female,44,SME,2021-10-20,Warangal,Telangana,South
CUST07681,Qushi Sundaram,Male,32,Corporate,2025-08-24,New Delhi,Delhi,North
CUST07682,Yashoda Chhabra,Female,40,SME,2022-02-19,New Delhi,Delhi,North
CUST07683,Diya Varty,Female,27,SME,2026-04-07,Kolkata,West Bengal,East
CUST07684,Robert Gara,Female,39,Corporate,2021-10-24,Amritsar,Punjab,North
CUST07685,Ansh Guha,Male,21,Corporate,2022-09-30,New Delhi,Delhi,North
CUST07686,Aashi Venkatesh,Male,27,Education,2023-05-08,New Delhi,Delhi,North
CUST07687,Chaitaly Saha,Male,18,SME,2024-08-05,Ahmedabad,Gujarat,West
CUST07688,Lekha Barad,Male,45,Government,2024-03-10,New Delhi,Delhi,North
CUST07689,Radha Kant,Female,22,Retail,2024-07-17,Mysuru,Karnataka,South
CUST07690,Ishwar Wason,Male,42,Education,2023-03-24,Hyderabad,Telangana,South
CUST07691,Ganga Tiwari,Male,33,SME,2025-05-10,Indore,Madhya Pradesh,Central
CUST07692,Orinder Joshi,Male,62,Corporate,2023-06-04,Kozhikode,Kerala,South
CUST07693,Xalak Chanda,Female,35,Government,2022-03-08,Mangaluru,Karnataka,South
CUST07694,George Bhandari,Female,23,Education,2023-03-26,Nagpur,Maharashtra,West
CUST07695,Rachit Mangat,Male,46,Government,2025-02-26,Surat,Gujarat,West
CUST07696,Unnati Bhargava,Male,24,Government,2025-09-29,Mumbai,Maharashtra,West
CUST07697,Pushti Nadig,Male,35,Corporate,2024-10-19,Kochi,Kerala,South
CUST07698,Kritika Devi,Female,65,Government,2024-11-05,New Delhi,Delhi,North
CUST07699,Chakradev Kapur,Female,65,Retail,2025-02-16,Vadodara,Gujarat,West
CUST07700,Yashasvi More,Male,64,Retail,2026-06-14,Indore,Madhya Pradesh,Central
CUST07701,Qasim Warrior,Male,38,SME,2025-07-14,Mumbai,Maharashtra,West
CUST07702,Manan Ram,Female,24,Retail,2022-12-19,Kolkata,West Bengal,East
CUST07703,Chandresh Ahluwalia,Male,36,Education,2025-04-04,Indore,Madhya Pradesh,Central
CUST07704,Zehaan Sani,Male,32,Education,2025-01-19,Vadodara,Gujarat,West
CUST07705,Shravya Barman,Male,38,Education,2024-05-28,Kochi,Kerala,South
CUST07706,Madhav Nagy,Female,30,Education,2025-05-04,Vadodara,Gujarat,West
CUST07707,Aahana Comar,Female,25,Education,2024-06-02,Bengaluru,Karnataka,South
CUST07708,Anirudh Walia,Female,46,Retail,2022-06-01,Mumbai,Maharashtra,West
CUST07709,Vincent Dayal,Female,18,SME,2025-08-03,Hyderabad,Telangana,South
CUST07710,Harshil Vasa,Male,29,SME,2024-04-30,Ludhiana,Punjab,North
CUST07711,George Varma,Male,31,Government,2025-05-31,Indore,Madhya Pradesh,Central
CUST07712,Pahal Bhatia,Female,59,Government,2026-02-10,Ludhiana,Punjab,North
CUST07713,Ladli Nanda,Male,47,Education,2022-03-14,Surat,Gujarat,West
CUST07714,Bhavya Datta,Female,20,SME,2025-03-05,Bhopal,Madhya Pradesh,Central
CUST07715,Fiyaz Viswanathan,Female,65,Corporate,2025-05-04,Indore,Madhya Pradesh,Central
CUST07716,Sachi Thakur,Male,62,Retail,2024-04-09,Indore,Madhya Pradesh,Central
CUST07717,Jagrati Som,Female,64,SME,2026-06-23,Mangaluru,Karnataka,South
CUST07718,Ucchal Baria,Female,56,Government,2022-02-04,Indore,Madhya Pradesh,Central
CUST07719,Siya Naidu,Male,49,Government,2026-05-10,Kochi,Kerala,South
CUST07720,Harini Ahluwalia,Female,59,Education,2024-06-25,Thiruvananthapuram,Kerala,South
CUST07721,Lohit Kapur,Female,64,SME,2022-02-15,Mangaluru,Karnataka,South
CUST07722,Balvan Comar,Female,63,SME,2026-04-20,Mysuru,Karnataka,South
CUST07723,Kamala Kalla,Female,54,Corporate,2021-07-17,Ahmedabad,Gujarat,West
CUST07724,Jagat Divan,Male,60,Education,2022-05-23,Surat,Gujarat,West
CUST07725,Gaurang Agarwal,Male,54,SME,2021-10-25,New Delhi,Delhi,North
CUST07726,Onkar Natarajan,Male,48,Government,2023-02-22,New Delhi,Delhi,North
CUST07727,Vedant Kala,Male,59,Corporate,2024-12-30,Surat,Gujarat,West
CUST07728,Devansh Sur,Male,44,Retail,2023-12-30,Ludhiana,Punjab,North
CUST07729,Peter Ratta,Female,65,Retail,2025-08-22,Karimnagar,Telangana,South
CUST07730,Unnati Wadhwa,Female,50,Retail,2022-03-22,Madurai,Tamil Nadu,South
CUST07731,Lavanya Singhal,Male,45,Retail,2023-08-14,Chennai,Tamil Nadu,South
CUST07732,Riya Contractor,Female,54,Retail,2023-06-12,Indore,Madhya Pradesh,Central
CUST07733,Krisha Kalita,Female,21,Retail,2022-01-02,Kolkata,West Bengal,East
CUST07734,Aayush Goswami,Female,62,Education,2026-01-03,Kochi,Kerala,South
CUST07735,Urishilla Virk,Male,40,Government,2025-08-17,Karimnagar,Telangana,South
CUST07736,Sudiksha Baral,Female,49,Retail,2024-11-30,Amritsar,Punjab,North
CUST07737,Siddharth Kadakia,Female,26,Education,2025-10-16,Coimbatore,Tamil Nadu,South
CUST07738,Victor Karan,Male,24,Government,2026-05-02,Kolkata,West Bengal,East
CUST07739,Madhav Garde,Female,37,Education,2025-06-28,Surat,Gujarat,West
CUST07740,Abha Warrior,Female,30,SME,2021-08-09,Mysuru,Karnataka,South
CUST07741,Hritik Keer,Female,62,Government,2025-01-03,Bhopal,Madhya Pradesh,Central
CUST07742,Lucky Puri,Male,27,Retail,2024-12-24,Madurai,Tamil Nadu,South
CUST07743,Champak Gandhi,Male,41,Education,2024-11-23,Ahmedabad,Gujarat,West
CUST07744,Zehaan Lal,Female,36,Government,2021-09-20,Kozhikode,Kerala,South
CUST07745,Chameli Devan,Female,20,Retail,2023-04-22,Indore,Madhya Pradesh,Central
CUST07746,Riya Singhal,Male,45,Education,2025-08-11,Amritsar,Punjab,North
CUST07747,Isaiah Rana,Female,58,Education,2026-03-30,Nagpur,Maharashtra,West
CUST07748,Osha Chander,Male,53,Corporate,2024-11-14,Thiruvananthapuram,Kerala,South
CUST07749,Lohit Suresh,Female,34,Government,2025-11-15,Coimbatore,Tamil Nadu,South
CUST07750,Aayush Bhavsar,Female,46,Government,2026-05-30,Amritsar,Punjab,North
CUST07751,Triveni Sankar,Female,59,Government,2026-01-24,Thiruvananthapuram,Kerala,South
CUST07752,Simon Nanda,Male,41,Education,2025-11-04,Mumbai,Maharashtra,West
CUST07753,Yatan Venkatesh,Male,29,SME,2022-01-21,Bhopal,Madhya Pradesh,Central
CUST07754,Ayushman Mutti,Male,57,Corporate,2026-03-05,Hyderabad,Telangana,South
CUST07755,Frado Tella,Female,34,Education,2025-02-03,Mangaluru,Karnataka,South
CUST07756,Urmi Tank,Male,42,Education,2026-03-27,Indore,Madhya Pradesh,Central
CUST07757,Frado Cherian,Male,54,Education,2024-10-27,Madurai,Tamil Nadu,South
CUST07758,Omaja Jain,Male,41,Corporate,2022-04-16,Indore,Madhya Pradesh,Central
CUST07759,Vaishnavi Lad,Male,33,Government,2021-09-12,Bengaluru,Karnataka,South
CUST07760,Zaitra Goel,Male,38,Education,2021-12-28,Ludhiana,Punjab,North
CUST07761,Jacob Dey,Female,41,Corporate,2021-09-06,Kolkata,West Bengal,East
CUST07762,Ekiya Loke,Female,29,Education,2024-10-11,Thiruvananthapuram,Kerala,South
CUST07763,Chanchal Hayre,Male,56,SME,2025-11-19,Hyderabad,Telangana,South
CUST07764,Dipta Jayaraman,Female,48,Government,2021-10-06,Siliguri,West Bengal,East
CUST07765,Laksh Ranganathan,Male,53,Corporate,2024-05-09,Chennai,Tamil Nadu,South
CUST07766,Qabil Radhakrishnan,Female,65,SME,2021-12-12,New Delhi,Delhi,North
CUST07767,Yashoda Tailor,Male,54,Corporate,2022-09-23,Coimbatore,Tamil Nadu,South
CUST07768,Xalak Rai,Male,23,Education,2026-02-25,Hyderabad,Telangana,South
CUST07769,Balhaar Kunda,Female,18,Corporate,2023-09-08,Amritsar,Punjab,North
CUST07770,Rachit Luthra,Female,41,Retail,2024-12-07,Bhopal,Madhya Pradesh,Central
CUST07771,Maya Pandya,Female,62,Education,2023-06-06,Surat,Gujarat,West
CUST07772,Oeshi Deo,Female,37,Corporate,2026-04-10,Ludhiana,Punjab,North
CUST07773,Dhruv Lad,Female,31,SME,2025-10-29,Chennai,Tamil Nadu,South
CUST07774,Charles Kara,Female,33,Government,2024-02-06,Ahmedabad,Gujarat,West
CUST07775,Sudiksha Agrawal,Female,49,SME,2023-06-24,Chennai,Tamil Nadu,South
CUST07776,Baljiwan Pant,Male,47,Corporate,2026-04-18,Mangaluru,Karnataka,South
CUST07777,Harsh Morar,Female,50,Retail,2021-11-17,Mangaluru,Karnataka,South
CUST07778,Ayushman Divan,Female,46,SME,2024-08-17,Thiruvananthapuram,Kerala,South
CUST07779,Aishani Karnik,Female,30,Corporate,2022-07-18,New Delhi,Delhi,North
CUST07780,Tamanna Randhawa,Female,52,Education,2021-12-31,Indore,Madhya Pradesh,Central
CUST07781,Pratyush Dhillon,Female,38,Retail,2025-02-28,Ludhiana,Punjab,North
CUST07782,Liam Rana,Male,55,SME,2025-04-01,New Delhi,Delhi,North
CUST07783,Lucky Sidhu,Male,63,Retail,2025-12-03,Mumbai,Maharashtra,West
CUST07784,Brijesh Kale,Male,49,Government,2025-08-07,Mysuru,Karnataka,South
CUST07785,Bhavini Vora,Male,40,SME,2021-08-02,Amritsar,Punjab,North
CUST07786,Michael Naik,Male,18,Retail,2022-10-19,Indore,Madhya Pradesh,Central
CUST07787,Ojas Ben,Female,57,Government,2023-01-19,Kolkata,West Bengal,East
CUST07788,Qabil Hayer,Male,58,Government,2022-03-11,Chennai,Tamil Nadu,South
CUST07789,Isha Bose,Female,38,Corporate,2026-05-03,Thiruvananthapuram,Kerala,South
CUST07790,Nitara Bhatt,Male,24,Retail,2022-05-30,Siliguri,West Bengal,East
CUST07791,Ansh Raval,Female,20,Corporate,2022-11-07,Vadodara,Gujarat,West
CUST07792,Darpan Ranganathan,Female,43,Retail,2024-04-20,Pune,Maharashtra,West
CUST07793,Teerth Ramaswamy,Female,61,Corporate,2021-08-21,Coimbatore,Tamil Nadu,South
CUST07794,Rachana Tata,Female,39,SME,2025-01-07,New Delhi,Delhi,North
CUST07795,Urvashi Kakar,Male,18,Corporate,2021-10-22,Pune,Maharashtra,West
CUST07796,Pranav Nagi,Female,63,SME,2024-09-05,Chennai,Tamil Nadu,South
CUST07797,Leena Das,Male,60,Corporate,2022-09-10,New Delhi,Delhi,North
CUST07798,Tanvi Karpe,Male,49,Retail,2024-02-16,Bhopal,Madhya Pradesh,Central
CUST07799,Upadhriti Krishna,Female,32,SME,2022-09-25,Ludhiana,Punjab,North
CUST07800,Bimala Menon,Male,57,SME,2021-12-20,New Delhi,Delhi,North
CUST07801,Kiaan Sane,Male,64,Retail,2022-06-07,Pune,Maharashtra,West
CUST07802,Mitali Mannan,Male,54,Government,2025-06-20,New Delhi,Delhi,North
CUST07803,Arya Pai,Female,54,SME,2024-09-05,Chennai,Tamil Nadu,South
CUST07804,Devika More,Male,39,Corporate,2021-12-19,Coimbatore,Tamil Nadu,South
CUST07805,Siya Dhar,Male,65,Corporate,2026-03-19,Coimbatore,Tamil Nadu,South
CUST07806,Watika Keer,Male,36,Retail,2023-02-12,Bengaluru,Karnataka,South
CUST07807,Yoshita Ray,Female,22,Education,2024-08-08,Amritsar,Punjab,North
CUST07808,Vaishnavi Vasa,Female,45,SME,2025-03-17,Kolkata,West Bengal,East
CUST07809,Falan Sunder,Female,35,Retail,2021-09-02,Madurai,Tamil Nadu,South
CUST07810,Edhitha Oommen,Male,45,Education,2026-02-24,Kochi,Kerala,South
CUST07811,Ati Rama,Male,26,Government,2023-03-22,Vadodara,Gujarat,West
CUST07812,Turvi Bahri,Male,39,Education,2024-07-13,Vadodara,Gujarat,West
CUST07813,Yochana Bhagat,Male,46,Government,2026-02-23,Vadodara,Gujarat,West
CUST07814,Christopher Bora,Female,64,Education,2025-06-18,Madurai,Tamil Nadu,South
CUST07815,Ethan Chahal,Male,63,SME,2021-10-09,Kolkata,West Bengal,East
CUST07816,Max Gaba,Female,55,Corporate,2024-04-05,Karimnagar,Telangana,South
CUST07817,Zarna Pandit,Male,59,Retail,2024-11-01,Hyderabad,Telangana,South
CUST07818,Nachiket Bajwa,Female,50,Retail,2026-04-20,Mumbai,Maharashtra,West
CUST07819,Lopa Ahluwalia,Female,18,Retail,2022-08-08,Mumbai,Maharashtra,West
CUST07820,Sneha Venkatesh,Female,62,Education,2022-05-18,Kozhikode,Kerala,South
CUST07821,Gaurav Jani,Male,36,Corporate,2021-12-31,Indore,Madhya Pradesh,Central
CUST07822,Dominic Oommen,Male,18,Retail,2024-12-30,New Delhi,Delhi,North
CUST07823,Veer Gara,Male,24,Education,2024-09-20,Karimnagar,Telangana,South
CUST07824,Dakshesh Toor,Male,21,Government,2024-10-23,Mumbai,Maharashtra,West
CUST07825,Vihaan Chatterjee,Female,45,Government,2021-11-23,Siliguri,West Bengal,East
CUST07826,Chandani Savant,Female,41,Government,2025-09-25,Siliguri,West Bengal,East
CUST07827,Jairaj Oza,Male,62,Government,2022-05-31,Nagpur,Maharashtra,West
CUST07828,Ekiya Mani,Male,56,Retail,2022-01-11,Warangal,Telangana,South
CUST07829,Shaurya Gulati,Female,47,SME,2023-04-21,Kozhikode,Kerala,South
CUST07830,Omya Chander,Female,37,SME,2022-09-24,Indore,Madhya Pradesh,Central
CUST07831,Sara Bajaj,Female,30,Corporate,2024-12-13,Indore,Madhya Pradesh,Central
CUST07832,Henry Pandit,Male,24,Retail,2023-02-07,Madurai,Tamil Nadu,South
CUST07833,Indali Sheth,Female,26,Corporate,2026-04-21,Kochi,Kerala,South
CUST07834,Sudiksha Kothari,Female,52,Corporate,2021-07-10,Coimbatore,Tamil Nadu,South
CUST07835,Saksham Khalsa,Male,52,SME,2024-02-22,Thiruvananthapuram,Kerala,South
CUST07836,Avni Varma,Male,27,SME,2023-10-05,Mangaluru,Karnataka,South
CUST07837,Ekiya Kata,Female,48,Retail,2025-03-31,New Delhi,Delhi,North
CUST07838,Maanas More,Male,26,SME,2022-06-13,Kochi,Kerala,South
CUST07839,Mason Radhakrishnan,Male,33,Government,2024-05-18,Thiruvananthapuram,Kerala,South
CUST07840,Oeshi Vohra,Male,46,Education,2022-02-07,New Delhi,Delhi,North
CUST07841,Nitara Thakur,Female,26,Government,2023-09-08,New Delhi,Delhi,North
CUST07842,Radhika Mall,Female,58,Education,2025-10-03,Kozhikode,Kerala,South
CUST07843,Chameli Sankar,Female,21,Government,2025-10-13,New Delhi,Delhi,North
CUST07844,Urvashi Chokshi,Male,22,Retail,2021-08-13,Amritsar,Punjab,North
CUST07845,Nidhi Munshi,Male,36,Retail,2026-02-21,Amritsar,Punjab,North
CUST07846,Ekalinga Nadig,Male,62,Retail,2022-06-10,Bengaluru,Karnataka,South
CUST07847,Pushti Mani,Male,62,Government,2022-08-04,Ahmedabad,Gujarat,West
CUST07848,Sai Ganesan,Female,47,Corporate,2024-03-13,Ludhiana,Punjab,North
CUST07849,Harrison Muni,Male,45,SME,2024-10-25,Surat,Gujarat,West
CUST07850,Upma Upadhyay,Female,65,Government,2022-09-06,Mumbai,Maharashtra,West
CUST07851,Tanay Ramakrishnan,Male,49,Education,2022-10-10,Indore,Madhya Pradesh,Central
CUST07852,Diya Aurora,Female,62,Corporate,2024-08-09,Kozhikode,Kerala,South
CUST07853,Manthan Ghose,Male,53,Corporate,2025-12-01,Kozhikode,Kerala,South
CUST07854,Pranit Oak,Female,59,Corporate,2025-06-09,Kolkata,West Bengal,East
CUST07855,Ekbal Agate,Female,51,Retail,2024-03-18,Warangal,Telangana,South
CUST07856,Qabil Manda,Female,29,Corporate,2025-05-08,Ludhiana,Punjab,North
CUST07857,Jai Mallick,Male,23,Government,2024-10-15,Surat,Gujarat,West
CUST07858,Girindra Shankar,Male,22,Retail,2025-10-12,Bhopal,Madhya Pradesh,Central
CUST07859,Advik Tiwari,Male,59,Corporate,2023-04-26,New Delhi,Delhi,North
CUST07860,Ekta Shere,Female,63,Education,2024-04-22,Ahmedabad,Gujarat,West
CUST07861,Udyati Yadav,Male,48,Retail,2024-12-24,Mysuru,Karnataka,South
CUST07862,Kala Kara,Female,18,Government,2023-10-02,Amritsar,Punjab,North
CUST07863,Eshana Chaudhary,Female,60,Government,2023-11-23,Siliguri,West Bengal,East
CUST07864,Fariq Misra,Male,40,Education,2025-08-04,Bhopal,Madhya Pradesh,Central
CUST07865,Aarini Sastry,Female,26,Retail,2025-12-31,New Delhi,Delhi,North
CUST07866,Gabriel Chandra,Male,38,Government,2023-11-20,Kozhikode,Kerala,South
CUST07867,Libni Peri,Female,53,SME,2026-06-26,Ahmedabad,Gujarat,West
CUST07868,Neelima Roy,Male,28,SME,2021-11-08,Surat,Gujarat,West
CUST07869,Krish Kumer,Female,24,Corporate,2023-09-26,Bhopal,Madhya Pradesh,Central
CUST07870,Hiral Bhavsar,Male,65,SME,2024-04-19,Kozhikode,Kerala,South
CUST07871,Zashil Krishnan,Female,36,Retail,2024-11-08,Indore,Madhya Pradesh,Central
CUST07872,Vedant Kunda,Male,60,SME,2025-09-03,Bhopal,Madhya Pradesh,Central
CUST07873,Indali Deep,Male,19,Government,2023-08-07,Madurai,Tamil Nadu,South
CUST07874,Ekansh Sibal,Female,39,Retail,2026-04-15,New Delhi,Delhi,North
CUST07875,Gaurangi Bava,Male,43,SME,2023-02-10,Thiruvananthapuram,Kerala,South
CUST07876,Rudra Chacko,Female,64,Retail,2021-12-29,Indore,Madhya Pradesh,Central
CUST07877,Pallavi Apte,Female,33,Education,2024-10-16,Mumbai,Maharashtra,West
CUST07878,Chatura Kannan,Male,34,Corporate,2024-01-14,Hyderabad,Telangana,South
CUST07879,Leena Sen,Female,20,Corporate,2024-05-08,New Delhi,Delhi,North
CUST07880,Anika Karnik,Male,26,Government,2024-07-17,Hyderabad,Telangana,South
CUST07881,Bhavna Mahal,Male,51,Government,2021-11-13,Coimbatore,Tamil Nadu,South
CUST07882,Zarna Badami,Female,37,Education,2025-10-11,Indore,Madhya Pradesh,Central
CUST07883,Yamini Gara,Male,22,Corporate,2026-03-26,Ahmedabad,Gujarat,West
CUST07884,Samuel Choudhry,Female,33,Education,2025-09-03,Amritsar,Punjab,North
CUST07885,Bimala Uppal,Male,37,Government,2025-11-13,Kochi,Kerala,South
CUST07886,Azaan Borde,Male,19,Government,2024-08-05,Kochi,Kerala,South
CUST07887,Pavani Agate,Male,33,Retail,2022-06-06,Siliguri,West Bengal,East
CUST07888,Shravya Bakshi,Female,61,Retail,2022-11-03,New Delhi,Delhi,North
CUST07889,Forum Parikh,Male,50,Retail,2026-05-06,Bengaluru,Karnataka,South
CUST07890,Mason Sekhon,Female,37,Government,2021-11-13,Kozhikode,Kerala,South
CUST07891,Meghana Shanker,Male,61,Retail,2025-11-28,Vadodara,Gujarat,West
CUST07892,Varsha Bhardwaj,Male,50,Corporate,2022-02-15,Bengaluru,Karnataka,South
CUST07893,Daniel Shankar,Female,19,Government,2026-05-28,Mumbai,Maharashtra,West
CUST07894,Balveer Mannan,Male,26,Government,2024-04-24,Coimbatore,Tamil Nadu,South
CUST07895,Abhiram Kurian,Male,45,Government,2024-11-03,Pune,Maharashtra,West
CUST07896,Reva Seth,Male,29,Retail,2024-03-19,Amritsar,Punjab,North
CUST07897,Zilmil Mitra,Female,18,Corporate,2022-11-25,Nagpur,Maharashtra,West
CUST07898,Ranveer Koshy,Female,30,SME,2025-01-04,Hyderabad,Telangana,South
CUST07899,Gaurang Sampath,Male,64,Corporate,2023-06-16,Amritsar,Punjab,North
CUST07900,Ranbir Magar,Male,24,Retail,2023-08-24,Pune,Maharashtra,West
CUST07901,Upkaar Chanda,Male,20,Retail,2026-06-21,New Delhi,Delhi,North
CUST07902,Qarin Kurian,Male,22,Retail,2026-05-14,Pune,Maharashtra,West
CUST07903,Ekapad Garg,Male,25,Corporate,2021-07-14,Mumbai,Maharashtra,West
CUST07904,Chaitanya Mohan,Female,65,Education,2022-08-08,Surat,Gujarat,West
CUST07905,Balhaar Zachariah,Male,21,Education,2023-11-29,Bhopal,Madhya Pradesh,Central
CUST07906,Falguni Patel,Male,61,Corporate,2026-05-21,Karimnagar,Telangana,South
CUST07907,Netra Varty,Female,62,Education,2021-07-07,Bhopal,Madhya Pradesh,Central
CUST07908,Ekani Seth,Male,49,Education,2021-12-17,Karimnagar,Telangana,South
CUST07909,Meera Rattan,Female,63,Government,2022-01-03,Madurai,Tamil Nadu,South
CUST07910,Wakeeta Ramachandran,Female,48,Education,2024-11-18,Amritsar,Punjab,North
CUST07911,Irya Ganguly,Male,50,Education,2025-03-19,Ahmedabad,Gujarat,West
CUST07912,Aadi Sahota,Male,31,Government,2025-11-22,Ludhiana,Punjab,North
CUST07913,Xiti Goyal,Male,57,Education,2022-08-13,Kolkata,West Bengal,East
CUST07914,Farhan Pai,Female,50,Education,2022-03-28,Hyderabad,Telangana,South
CUST07915,Aditya Batta,Female,41,Retail,2022-06-03,Kochi,Kerala,South
CUST07916,Rohan Sethi,Female,39,Government,2022-12-07,Bhopal,Madhya Pradesh,Central
CUST07917,Siya Dhingra,Female,64,Corporate,2022-09-18,New Delhi,Delhi,North
CUST07918,Yahvi Bassi,Male,49,Government,2021-07-11,Mumbai,Maharashtra,West
CUST07919,Wakeeta Purohit,Male,33,Retail,2021-12-20,New Delhi,Delhi,North
CUST07920,Anita Vasa,Female,50,SME,2026-01-21,Surat,Gujarat,West
CUST07921,Pallavi Kala,Male,52,SME,2025-02-07,Indore,Madhya Pradesh,Central
CUST07922,Jack Rout,Female,64,Corporate,2024-10-19,Kozhikode,Kerala,South
CUST07923,Amara Arora,Female,37,Government,2025-06-12,Mysuru,Karnataka,South
CUST07924,Hredhaan Kade,Male,46,Retail,2024-09-24,Kochi,Kerala,South
CUST07925,Rajata Behl,Female,19,Education,2024-08-09,Bhopal,Madhya Pradesh,Central
CUST07926,Vasana Tak,Female,44,Education,2024-12-03,Kozhikode,Kerala,South
CUST07927,Anamika Mitra,Male,65,Education,2024-07-11,Bengaluru,Karnataka,South
CUST07928,Ekaraj Ganesan,Male,47,Government,2021-11-10,Coimbatore,Tamil Nadu,South
CUST07929,Ryan Issac,Male,61,SME,2022-08-11,Mumbai,Maharashtra,West
CUST07930,Samarth Talwar,Female,64,SME,2024-02-10,Vadodara,Gujarat,West
CUST07931,Wriddhish Choudhury,Female,35,SME,2025-12-05,Kozhikode,Kerala,South
CUST07932,Waida Dar,Female,47,Education,2025-05-20,Mysuru,Karnataka,South
CUST07933,Urvi Pillai,Male,24,Retail,2025-11-22,Kolkata,West Bengal,East
CUST07934,Laksh Ganesh,Male,61,Retail,2025-07-23,Mysuru,Karnataka,South
CUST07935,Dalbir Modi,Female,49,Retail,2022-12-04,Mumbai,Maharashtra,West
CUST07936,Balhaar Misra,Female,43,Retail,2023-11-30,Chennai,Tamil Nadu,South
CUST07937,Leena Suresh,Female,52,Retail,2021-07-08,Amritsar,Punjab,North
CUST07938,Lucky Kohli,Male,62,SME,2025-04-29,Mumbai,Maharashtra,West
CUST07939,Simon Mane,Female,48,Retail,2025-12-07,Siliguri,West Bengal,East
CUST07940,Yoshita Sunder,Female,35,Corporate,2024-01-19,Siliguri,West Bengal,East
CUST07941,Krishna Mall,Female,37,Education,2026-06-14,New Delhi,Delhi,North
CUST07942,Hiral Banerjee,Female,54,Government,2022-03-20,Mangaluru,Karnataka,South
CUST07943,Chameli Chaudry,Male,25,Retail,2025-07-01,New Delhi,Delhi,North
CUST07944,Inaya Dayal,Female,47,Retail,2022-08-04,Madurai,Tamil Nadu,South
CUST07945,Onveer Din,Male,38,Education,2024-10-06,Kochi,Kerala,South
CUST07946,Vihaan Rao,Female,60,SME,2024-02-22,Mangaluru,Karnataka,South
CUST07947,Liam Oza,Female,33,Corporate,2026-03-10,Kochi,Kerala,South
CUST07948,Fiyaz Khatri,Female,51,Government,2022-08-03,Pune,Maharashtra,West
CUST07949,Warda Savant,Female,56,Retail,2021-10-26,Bhopal,Madhya Pradesh,Central
CUST07950,Vinaya Panchal,Male,34,Corporate,2026-01-01,Kozhikode,Kerala,South
CUST07951,Ayushman Taneja,Female,46,Government,2024-10-29,Kolkata,West Bengal,East
CUST07952,Warinder Goda,Female,43,Government,2024-02-07,Indore,Madhya Pradesh,Central
CUST07953,Jasmit Rout,Female,19,SME,2025-07-31,Warangal,Telangana,South
CUST07954,Diya Varty,Male,61,Corporate,2024-11-11,Kolkata,West Bengal,East
CUST07955,Tanay Ghosh,Female,36,Corporate,2024-08-25,Bengaluru,Karnataka,South
CUST07956,Ojasvi Mahajan,Male,34,SME,2024-11-02,Hyderabad,Telangana,South
CUST07957,Abha Keer,Male,50,Retail,2024-07-10,New Delhi,Delhi,North
CUST07958,Nitesh Tara,Female,56,Retail,2024-07-14,Warangal,Telangana,South
CUST07959,Vamakshi Gill,Male,33,SME,2022-06-11,Ludhiana,Punjab,North
CUST07960,Dakshesh Gara,Female,30,Corporate,2025-03-13,Thiruvananthapuram,Kerala,South
CUST07961,Mason Khosla,Female,36,Retail,2025-11-12,Surat,Gujarat,West
CUST07962,Tanvi Mall,Female,26,SME,2025-10-06,Ahmedabad,Gujarat,West
CUST07963,Zashil Sankaran,Male,31,Retail,2024-01-24,Madurai,Tamil Nadu,South
CUST07964,Jairaj Kant,Female,24,Retail,2026-06-25,Coimbatore,Tamil Nadu,South
CUST07965,Qarin Palla,Male,58,Corporate,2024-11-06,Madurai,Tamil Nadu,South
CUST07966,Dhriti Shere,Male,49,Retail,2024-10-02,Mysuru,Karnataka,South
CUST07967,Yug Bumb,Female,59,Government,2025-05-19,Kozhikode,Kerala,South
CUST07968,Luke Puri,Male,41,Corporate,2023-05-19,Kochi,Kerala,South
CUST07969,Nathan Narayan,Female,34,Corporate,2025-12-05,Hyderabad,Telangana,South
CUST07970,Indira Sheth,Male,65,SME,2025-01-22,New Delhi,Delhi,North
CUST07971,Unni Borah,Female,60,Corporate,2023-09-08,Kozhikode,Kerala,South
CUST07972,Gautam Master,Male,25,Education,2022-09-14,Surat,Gujarat,West
CUST07973,Gauri Madan,Female,60,Government,2023-03-24,Madurai,Tamil Nadu,South
CUST07974,Faraj Kapadia,Female,65,Corporate,2023-11-30,Bhopal,Madhya Pradesh,Central
CUST07975,Chaaya Keer,Female,39,SME,2024-05-05,New Delhi,Delhi,North
CUST07976,Omkaar Dalal,Female,52,Corporate,2026-01-21,Thiruvananthapuram,Kerala,South
CUST07977,Wakeeta Kashyap,Female,21,Government,2021-10-29,New Delhi,Delhi,North
CUST07978,Vanya Sule,Female,20,Corporate,2024-09-19,Coimbatore,Tamil Nadu,South
CUST07979,Damyanti Suri,Male,40,Government,2025-12-28,Kochi,Kerala,South
CUST07980,Anya Suresh,Male,40,Government,2026-01-01,Vadodara,Gujarat,West
CUST07981,Saumya Tripathi,Male,60,SME,2024-03-03,Mangaluru,Karnataka,South
CUST07982,Kevin Palla,Male,39,Retail,2021-12-29,Karimnagar,Telangana,South
CUST07983,Yashawini Sarraf,Male,49,Government,2022-07-28,Amritsar,Punjab,North
CUST07984,Upma Dhar,Female,31,SME,2022-09-19,Madurai,Tamil Nadu,South
CUST07985,Aarini Nazareth,Male,40,Corporate,2025-11-05,Pune,Maharashtra,West
CUST07986,Gagan Dass,Female,49,Education,2025-09-11,Nagpur,Maharashtra,West
CUST07987,Chakrika Patla,Female,35,Government,2021-07-24,Amritsar,Punjab,North
CUST07988,Sudiksha Sunder,Male,20,SME,2024-12-11,New Delhi,Delhi,North
CUST07989,Triya Ramachandran,Male,21,Education,2022-12-19,New Delhi,Delhi,North
CUST07990,Bishakha Kaur,Male,42,SME,2023-07-26,Mysuru,Karnataka,South
CUST07991,Robert Ganesan,Male,65,Education,2021-10-30,Siliguri,West Bengal,East
CUST07992,Banjeet Swamy,Male,49,Education,2026-04-10,Surat,Gujarat,West
CUST07993,Jagrati Parmer,Female,59,SME,2024-11-24,Indore,Madhya Pradesh,Central
CUST07994,Om Tara,Male,26,Retail,2024-12-29,New Delhi,Delhi,North
CUST07995,Leela Oommen,Male,47,Corporate,2026-05-18,Mysuru,Karnataka,South
CUST07996,Vansha Dewan,Female,64,Corporate,2025-08-09,Surat,Gujarat,West
CUST07997,Yug Krish,Male,23,Education,2024-04-13,Bhopal,Madhya Pradesh,Central
CUST07998,Manya Mistry,Male,27,SME,2025-11-04,Mangaluru,Karnataka,South
CUST07999,Oeshi Das,Female,54,Corporate,2024-12-21,Ludhiana,Punjab,North
CUST08000,Ryan Sengupta,Female,60,Retail,2025-11-19,New Delhi,Delhi,North
CUST08001,Christopher Bhavsar,Male,25,Education,2026-01-05,Amritsar,Punjab,North
CUST08002,Raksha Bhandari,Male,41,Retail,2023-02-05,Bengaluru,Karnataka,South
CUST08003,Wakeeta Viswanathan,Female,33,Government,2025-01-22,Kozhikode,Kerala,South
CUST08004,Adya Hegde,Female,27,Education,2025-07-29,Siliguri,West Bengal,East
CUST08005,Xiti Mall,Male,61,Corporate,2021-10-05,Siliguri,West Bengal,East
CUST08006,Tanmayi Banerjee,Female,55,SME,2026-01-30,New Delhi,Delhi,North
CUST08007,Ishani Sawhney,Female,39,SME,2025-06-11,Bhopal,Madhya Pradesh,Central
CUST08008,Elijah Nagarajan,Female,47,Government,2021-10-24,Bhopal,Madhya Pradesh,Central
CUST08009,Shravya Bains,Female,64,Corporate,2024-11-28,Chennai,Tamil Nadu,South
CUST08010,Watika Bhatti,Female,61,Corporate,2024-08-04,Coimbatore,Tamil Nadu,South
CUST08011,Nakul Dugar,Male,26,Corporate,2021-09-18,Ludhiana,Punjab,North
CUST08012,Nathan Chanda,Male,31,Government,2023-03-16,Mumbai,Maharashtra,West
CUST08013,Kavya Bora,Male,48,Education,2024-12-13,Thiruvananthapuram,Kerala,South
CUST08014,Gautam Prashad,Female,35,Retail,2026-01-11,Coimbatore,Tamil Nadu,South
CUST08015,Adya Jayaraman,Female,64,Education,2024-05-19,Mumbai,Maharashtra,West
CUST08016,Qabil Subramaniam,Female,24,Retail,2023-10-07,Vadodara,Gujarat,West
CUST08017,Timothy Hans,Female,32,Government,2024-12-24,Karimnagar,Telangana,South
CUST08018,Netra Kapoor,Male,40,Retail,2026-03-06,Chennai,Tamil Nadu,South
CUST08019,Ikbal Jaggi,Male,52,Government,2022-02-27,Karimnagar,Telangana,South
CUST08020,Gavin Minhas,Female,59,SME,2024-04-18,Hyderabad,Telangana,South
CUST08021,Lavanya Choudhury,Female,28,Government,2023-04-30,Vadodara,Gujarat,West
CUST08022,Sanya Aurora,Female,49,Education,2023-03-08,Warangal,Telangana,South
CUST08023,Samar Ranganathan,Male,57,Corporate,2025-07-23,Mumbai,Maharashtra,West
CUST08024,Rachana Toor,Female,31,Corporate,2022-12-02,Vadodara,Gujarat,West
CUST08025,Hemang Banerjee,Male,63,Education,2022-06-23,Ludhiana,Punjab,North
CUST08026,Charvi Palla,Female,65,Government,2024-06-01,Kolkata,West Bengal,East
CUST08027,Arin Kadakia,Female,25,Retail,2022-03-12,Hyderabad,Telangana,South
CUST08028,Daksha Bahri,Female,18,Education,2021-07-05,Bengaluru,Karnataka,South
CUST08029,Dhruv Kala,Male,34,Corporate,2022-05-12,Ludhiana,Punjab,North
CUST08030,Neelima Mohanty,Female,54,Education,2026-06-04,Nagpur,Maharashtra,West
CUST08031,Sudiksha Sarraf,Female,22,SME,2026-01-04,Ahmedabad,Gujarat,West
CUST08032,Ansh Lal,Male,25,Retail,2022-06-08,Surat,Gujarat,West
CUST08033,Ira Wali,Male,53,Government,2022-05-27,Ahmedabad,Gujarat,West
CUST08034,Ryan Oza,Male,53,Education,2022-07-22,Kolkata,West Bengal,East
CUST08035,Varenya Saxena,Female,21,Education,2024-07-30,Kochi,Kerala,South
CUST08036,Yashvi Agate,Male,47,Education,2023-06-17,Indore,Madhya Pradesh,Central
CUST08037,Jai Parmar,Male,57,Education,2021-08-05,Kochi,Kerala,South
CUST08038,Vasatika Parmer,Male,65,SME,2025-03-30,Thiruvananthapuram,Kerala,South
CUST08039,Samesh Mani,Male,28,Education,2025-08-05,Siliguri,West Bengal,East
CUST08040,Aryan Sankaran,Male,51,Corporate,2025-12-20,Vadodara,Gujarat,West
CUST08041,Ira Sandhu,Male,56,Retail,2024-04-20,New Delhi,Delhi,North
CUST08042,Daniel Kanda,Male,19,Government,2024-06-26,Ludhiana,Punjab,North
CUST08043,Kavya Deo,Male,25,Government,2025-03-02,Ludhiana,Punjab,North
CUST08044,Bimala Dewan,Female,29,Corporate,2021-11-18,Bhopal,Madhya Pradesh,Central
CUST08045,Harrison Sodhi,Female,20,Corporate,2026-04-04,Bhopal,Madhya Pradesh,Central
CUST08046,Hardik Naidu,Male,38,Government,2025-07-05,Kochi,Kerala,South
CUST08047,Sanya Varty,Female,25,Education,2025-04-14,Bhopal,Madhya Pradesh,Central
CUST08048,Vivaan Bhasin,Male,30,Corporate,2026-05-23,Surat,Gujarat,West
CUST08049,Lavanya Tandon,Male,45,Retail,2024-12-31,Kochi,Kerala,South
CUST08050,Theodore Rajagopal,Male,47,SME,2025-10-23,Bhopal,Madhya Pradesh,Central
CUST08051,Noah Talwar,Female,25,Corporate,2021-07-15,Bengaluru,Karnataka,South
CUST08052,Kiaan Banerjee,Female,50,Government,2021-08-31,Bengaluru,Karnataka,South
CUST08053,Watika Mody,Female,51,Education,2021-12-05,New Delhi,Delhi,North
CUST08054,Vrinda Thakur,Female,18,Government,2024-11-15,Surat,Gujarat,West
CUST08055,Aishani Kadakia,Male,37,SME,2023-09-02,Vadodara,Gujarat,West
CUST08056,Vedhika Sule,Female,29,Corporate,2024-07-22,Mysuru,Karnataka,South
CUST08057,Hritik Tata,Female,61,Education,2023-05-08,New Delhi,Delhi,North
CUST08058,Panini Mall,Male,50,Education,2026-06-17,Warangal,Telangana,South
CUST08059,Kevin Shetty,Male,36,Corporate,2024-12-30,Ahmedabad,Gujarat,West
CUST08060,Adya Tripathi,Male,59,Government,2022-04-27,Mysuru,Karnataka,South
CUST08061,Niharika Upadhyay,Female,20,SME,2024-12-31,Nagpur,Maharashtra,West
CUST08062,Manbir Arora,Male,49,Education,2026-01-24,New Delhi,Delhi,North
CUST08063,Bina Murty,Male,36,Government,2024-06-09,Nagpur,Maharashtra,West
CUST08064,Kavya Som,Female,24,Education,2024-03-04,Kozhikode,Kerala,South
CUST08065,Oscar Mangal,Female,20,Education,2023-08-20,New Delhi,Delhi,North
CUST08066,Chasmum Edwin,Female,52,SME,2023-09-29,Siliguri,West Bengal,East
CUST08067,Yadavi Karan,Male,23,Retail,2023-11-19,Amritsar,Punjab,North
CUST08068,Jagvi Mishra,Female,59,Corporate,2022-03-27,New Delhi,Delhi,North
CUST08069,Umang Madan,Male,50,Education,2024-02-01,New Delhi,Delhi,North
CUST08070,Pranav Sawhney,Female,52,Government,2022-07-10,Indore,Madhya Pradesh,Central
CUST08071,Simon Nazareth,Female,48,Retail,2021-07-12,Ahmedabad,Gujarat,West
CUST08072,Harita Kadakia,Female,54,Corporate,2022-12-14,Chennai,Tamil Nadu,South
CUST08073,Rayaan Bhatnagar,Female,40,Government,2023-05-06,Coimbatore,Tamil Nadu,South
CUST08074,Zaitra Ramanathan,Female,33,Education,2023-07-27,Kolkata,West Bengal,East
CUST08075,Nikita Srinivasan,Female,46,Retail,2021-09-27,Kolkata,West Bengal,East
CUST08076,Upma Choudhry,Female,58,Government,2025-11-26,Mumbai,Maharashtra,West
CUST08077,Gaurang Bakshi,Female,22,Government,2022-03-29,Thiruvananthapuram,Kerala,South
CUST08078,Oliver Dutta,Female,55,Corporate,2023-02-22,Amritsar,Punjab,North
CUST08079,Bhavini Raj,Male,32,Corporate,2023-11-24,New Delhi,Delhi,North
CUST08080,Kamya Cheema,Female,49,Retail,2026-01-20,Ludhiana,Punjab,North
CUST08081,Shivansh Bhavsar,Female,48,Corporate,2023-06-14,Warangal,Telangana,South
CUST08082,Owen Savant,Male,18,Retail,2025-09-17,Chennai,Tamil Nadu,South
CUST08083,Jason Sarkar,Female,60,Government,2026-02-07,Siliguri,West Bengal,East
CUST08084,Kalpit Batta,Male,41,Corporate,2022-06-23,Bhopal,Madhya Pradesh,Central
CUST08085,Harini Andra,Female,29,SME,2026-01-18,Karimnagar,Telangana,South
CUST08086,Robert Sen,Male,18,Government,2024-04-11,New Delhi,Delhi,North
CUST08087,Veda Anne,Female,49,Government,2023-01-04,Kolkata,West Bengal,East
CUST08088,Fitan Rattan,Male,62,Corporate,2023-03-31,Thiruvananthapuram,Kerala,South
CUST08089,Robert Boase,Female,22,Corporate,2023-03-04,Bengaluru,Karnataka,South
CUST08090,Pushti Jani,Male,26,Government,2021-07-14,New Delhi,Delhi,North
CUST08091,Chandani Bath,Female,64,Government,2026-05-18,Siliguri,West Bengal,East
CUST08092,Tejas Naik,Female,64,Education,2021-11-03,Nagpur,Maharashtra,West
CUST08093,Wriddhish Bail,Female,20,Education,2026-03-18,Mangaluru,Karnataka,South
CUST08094,Jairaj Taneja,Female,35,Education,2022-09-17,Bengaluru,Karnataka,South
CUST08095,Yachana Misra,Male,33,Education,2025-04-08,Coimbatore,Tamil Nadu,South
CUST08096,Jyoti Dalal,Female,64,Government,2022-10-30,Bengaluru,Karnataka,South
CUST08097,Yatan Bedi,Female,37,SME,2024-06-03,Madurai,Tamil Nadu,South
CUST08098,Udyati Parsa,Female,23,Education,2023-05-19,Thiruvananthapuram,Kerala,South
CUST08099,Raagini Krish,Female,45,Corporate,2024-08-30,Kozhikode,Kerala,South
CUST08100,Jyoti Nath,Female,63,Education,2025-01-13,Coimbatore,Tamil Nadu,South
CUST08101,Warda Pau,Female,34,SME,2024-11-30,Mumbai,Maharashtra,West
CUST08102,Yashawini Swamy,Female,25,Government,2024-03-14,Siliguri,West Bengal,East
CUST08103,Yochana Banik,Female,37,Retail,2023-10-09,Warangal,Telangana,South
CUST08104,Edhitha Bumb,Female,50,SME,2023-02-15,Mumbai,Maharashtra,West
CUST08105,Neha Panchal,Male,34,Retail,2025-09-03,Kozhikode,Kerala,South
CUST08106,Kai Tak,Male,44,Corporate,2022-02-09,Bhopal,Madhya Pradesh,Central
CUST08107,Kritika Lalla,Male,23,Corporate,2023-12-21,Nagpur,Maharashtra,West
CUST08108,Ishita Murthy,Male,54,Government,2025-08-25,Hyderabad,Telangana,South
CUST08109,Bina Khatri,Male,38,Government,2026-05-30,Kolkata,West Bengal,East
CUST08110,Wyatt Korpal,Female,62,Retail,2023-01-02,Bengaluru,Karnataka,South
CUST08111,Prisha Butala,Male,36,SME,2023-09-21,Kochi,Kerala,South
CUST08112,Abhiram Dayal,Female,44,Education,2023-12-28,Siliguri,West Bengal,East
CUST08113,Nilima Kant,Female,60,SME,2026-02-04,Ludhiana,Punjab,North
CUST08114,Ikshita Butala,Female,59,Education,2021-08-03,Madurai,Tamil Nadu,South
CUST08115,Gagan Bora,Female,38,Education,2026-05-15,New Delhi,Delhi,North
CUST08116,Ekiya Dash,Male,24,Education,2025-09-10,Kolkata,West Bengal,East
CUST08117,Janani Behl,Female,59,Education,2023-08-23,Pune,Maharashtra,West
CUST08118,Krishna Prashad,Female,41,Education,2023-10-14,Amritsar,Punjab,North
CUST08119,Theodore Dara,Female,34,Education,2021-11-11,New Delhi,Delhi,North
CUST08120,Frado Vaidya,Female,26,Retail,2025-11-11,New Delhi,Delhi,North
CUST08121,Amrita Jayaraman,Male,55,Education,2022-12-23,Siliguri,West Bengal,East
CUST08122,Daksha Kaur,Female,29,Retail,2023-06-02,Pune,Maharashtra,West
CUST08123,Ethan Chakraborty,Male,36,Government,2023-02-26,Amritsar,Punjab,North
CUST08124,Kashish Dey,Male,55,Government,2025-12-20,Bhopal,Madhya Pradesh,Central
CUST08125,Maya Dey,Male,47,SME,2022-08-22,Siliguri,West Bengal,East
CUST08126,Advika Balay,Female,27,Corporate,2025-05-31,Nagpur,Maharashtra,West
CUST08127,Yagnesh Chakrabarti,Male,61,Government,2025-04-01,Mysuru,Karnataka,South
CUST08128,Abha Dhar,Male,44,Government,2023-03-10,Vadodara,Gujarat,West
CUST08129,Nandini Ganguly,Female,61,Corporate,2026-05-03,Karimnagar,Telangana,South
CUST08130,Chakradev Raghavan,Female,20,Retail,2023-03-20,Siliguri,West Bengal,East
CUST08131,Varsha Goel,Male,37,Education,2021-10-19,New Delhi,Delhi,North
CUST08132,Vedant Mann,Male,33,Corporate,2024-11-03,New Delhi,Delhi,North
CUST08133,Benjamin Ben,Male,21,Corporate,2026-01-21,Coimbatore,Tamil Nadu,South
CUST08134,Vritti Kale,Male,54,Corporate,2025-10-11,Madurai,Tamil Nadu,South
CUST08135,Max Thaker,Male,24,Retail,2022-08-29,Kochi,Kerala,South
CUST08136,Balvan Deep,Male,43,SME,2026-05-29,Siliguri,West Bengal,East
CUST08137,Yamini Batta,Female,39,Government,2026-04-03,Nagpur,Maharashtra,West
CUST08138,Aayush Gera,Female,26,SME,2021-11-18,Amritsar,Punjab,North
CUST08139,Meghana Dyal,Female,24,SME,2021-12-10,Ahmedabad,Gujarat,West
CUST08140,Keya Devi,Male,44,Government,2025-05-07,Coimbatore,Tamil Nadu,South
CUST08141,Teerth Narasimhan,Female,47,Government,2025-01-23,Amritsar,Punjab,North
CUST08142,Vedika Dayal,Male,46,Government,2025-05-22,Thiruvananthapuram,Kerala,South
CUST08143,Hemang Balay,Female,63,Retail,2026-02-01,Kolkata,West Bengal,East
CUST08144,Qadim Kulkarni,Female,43,Education,2021-07-19,Thiruvananthapuram,Kerala,South
CUST08145,Ridhi Dhaliwal,Male,60,Corporate,2024-08-22,Bhopal,Madhya Pradesh,Central
CUST08146,Tanmayi Bir,Female,60,SME,2026-03-29,Siliguri,West Bengal,East
CUST08147,Chaitaly Hari,Male,38,Education,2025-12-22,Coimbatore,Tamil Nadu,South
CUST08148,Hema Brahmbhatt,Male,56,Government,2026-05-13,Mangaluru,Karnataka,South
CUST08149,Eesha Merchant,Female,26,SME,2025-09-11,Indore,Madhya Pradesh,Central
CUST08150,Priya Narayanan,Female,44,Corporate,2021-08-21,New Delhi,Delhi,North
CUST08151,Viraj Andra,Female,61,Government,2023-02-24,Indore,Madhya Pradesh,Central
CUST08152,Kashvi Luthra,Female,51,SME,2023-09-29,Mumbai,Maharashtra,West
CUST08153,Frado Pall,Female,30,Education,2024-02-23,Coimbatore,Tamil Nadu,South
CUST08154,Eta Lad,Male,18,Corporate,2025-03-16,Ludhiana,Punjab,North
CUST08155,Yuvraj Balay,Male,61,Government,2024-10-27,Ludhiana,Punjab,North
CUST08156,Garima Sha,Male,18,Corporate,2025-07-08,Vadodara,Gujarat,West
CUST08157,Indrajit Mukhopadhyay,Male,24,Corporate,2026-05-18,Siliguri,West Bengal,East
CUST08158,Farhan Bhakta,Male,54,Retail,2023-09-09,Coimbatore,Tamil Nadu,South
CUST08159,Udyati Loke,Female,28,SME,2022-04-10,Pune,Maharashtra,West
CUST08160,Netra Setty,Male,27,Retail,2021-11-24,Pune,Maharashtra,West
CUST08161,Upadhriti Sethi,Female,45,Education,2024-07-17,Coimbatore,Tamil Nadu,South
CUST08162,Unnati Lal,Male,56,Corporate,2025-04-05,Kozhikode,Kerala,South
CUST08163,Manbir Srivastava,Male,36,Corporate,2022-11-06,Ahmedabad,Gujarat,West
CUST08164,Gopal Zacharia,Male,38,Corporate,2024-07-06,Warangal,Telangana,South
CUST08165,Sai Khosla,Female,18,Corporate,2024-05-17,Kolkata,West Bengal,East
CUST08166,Timothy Puri,Female,38,SME,2021-11-12,Mangaluru,Karnataka,South
CUST08167,Aashi Bora,Male,61,SME,2023-02-01,Bhopal,Madhya Pradesh,Central
CUST08168,Anamika Bala,Male,36,Government,2021-12-15,Hyderabad,Telangana,South
CUST08169,Zayyan Mani,Female,21,Education,2023-04-28,Mumbai,Maharashtra,West
CUST08170,Chameli Dass,Male,65,Government,2021-08-01,Pune,Maharashtra,West
CUST08171,Maya Narasimhan,Male,29,Government,2025-11-26,Kozhikode,Kerala,South
CUST08172,Isaiah Nori,Female,19,Corporate,2023-11-05,Mangaluru,Karnataka,South
CUST08173,Neelima Thaker,Male,37,Corporate,2022-01-14,Pune,Maharashtra,West
CUST08174,Yauvani Sandal,Male,47,Education,2022-05-21,Chennai,Tamil Nadu,South
CUST08175,Aachal Reddy,Male,33,SME,2024-12-20,Madurai,Tamil Nadu,South
CUST08176,Ansh Garg,Female,48,Corporate,2022-08-10,Kochi,Kerala,South
CUST08177,Divya Bora,Female,39,SME,2023-03-30,Amritsar,Punjab,North
CUST08178,Hritik Lanka,Male,46,Corporate,2022-09-15,Amritsar,Punjab,North
CUST08179,Aradhana Joshi,Female,32,SME,2024-08-18,Amritsar,Punjab,North
CUST08180,Manbir Khurana,Male,36,Education,2022-06-17,Surat,Gujarat,West
CUST08181,Daniel Chadha,Female,44,Education,2024-07-01,Chennai,Tamil Nadu,South
CUST08182,Qushi De,Male,55,Corporate,2025-08-02,Coimbatore,Tamil Nadu,South
CUST08183,Nitara Nadig,Female,29,Education,2024-12-05,Indore,Madhya Pradesh,Central
CUST08184,Aahana Sachar,Male,40,Retail,2024-12-08,Bengaluru,Karnataka,South
CUST08185,Samaksh Bhatnagar,Female,32,Corporate,2025-10-07,Chennai,Tamil Nadu,South
CUST08186,Janani Banerjee,Female,28,Education,2022-06-24,Indore,Madhya Pradesh,Central
CUST08187,Nikita Master,Male,36,Education,2022-10-28,Bhopal,Madhya Pradesh,Central
CUST08188,Abhimanyu Atwal,Male,63,Government,2023-10-13,Ludhiana,Punjab,North
CUST08189,Zashil Joshi,Male,32,Education,2022-04-13,Chennai,Tamil Nadu,South
CUST08190,Hemangini Nath,Male,27,Education,2024-07-20,Madurai,Tamil Nadu,South
CUST08191,Ekapad Pal,Male,54,SME,2023-05-03,Vadodara,Gujarat,West
CUST08192,Watika Mallick,Male,36,Corporate,2026-02-01,Surat,Gujarat,West
CUST08193,Tara Madan,Male,44,Corporate,2021-10-08,Madurai,Tamil Nadu,South
CUST08194,Gautam Jayaraman,Female,59,SME,2023-12-12,Hyderabad,Telangana,South
CUST08195,Maya Shanker,Male,18,SME,2024-12-06,Indore,Madhya Pradesh,Central
CUST08196,Tanvi Kota,Female,34,Corporate,2021-11-19,Mumbai,Maharashtra,West
CUST08197,Manbir Jayaraman,Female,34,Corporate,2025-11-12,New Delhi,Delhi,North
CUST08198,Advika Seshadri,Female,55,Retail,2025-07-19,Karimnagar,Telangana,South
CUST08199,Anika Sachdeva,Male,62,Retail,2026-02-17,Mumbai,Maharashtra,West
CUST08200,Ethan Bose,Male,28,Education,2025-08-10,Mysuru,Karnataka,South
CUST08201,Nisha Dave,Female,28,Education,2026-02-12,New Delhi,Delhi,North
CUST08202,Dhriti Nagarajan,Female,52,SME,2026-03-16,Kolkata,West Bengal,East
CUST08203,Adweta Gade,Male,56,Corporate,2026-06-10,Ludhiana,Punjab,North
CUST08204,Arin Choudhary,Female,31,Retail,2025-03-19,Kozhikode,Kerala,South
CUST08205,Mohini Mahajan,Male,21,Education,2024-09-16,Bengaluru,Karnataka,South
CUST08206,Rajata Hayre,Male,39,Government,2024-11-20,Kozhikode,Kerala,South
CUST08207,Siddharth Kapur,Female,39,SME,2024-04-04,New Delhi,Delhi,North
CUST08208,Bakhshi Parikh,Female,25,Education,2025-08-26,New Delhi,Delhi,North
CUST08209,Ira Sani,Female,47,Retail,2023-04-05,Karimnagar,Telangana,South
CUST08210,Bina Raghavan,Female,44,Corporate,2022-12-07,Thiruvananthapuram,Kerala,South
CUST08211,Theodore Bansal,Female,42,SME,2023-07-18,Kochi,Kerala,South
CUST08212,Jairaj Lalla,Male,39,SME,2022-11-19,New Delhi,Delhi,North
CUST08213,Liam Khare,Female,25,Education,2023-08-14,New Delhi,Delhi,North
CUST08214,Benjamin Handa,Male,38,Retail,2024-12-12,Surat,Gujarat,West
CUST08215,Nidra Puri,Male,64,Education,2022-02-10,Siliguri,West Bengal,East
CUST08216,Simon Dave,Female,63,Government,2022-05-31,New Delhi,Delhi,North
CUST08217,Ryan Tella,Female,38,Education,2025-07-15,Vadodara,Gujarat,West
CUST08218,Laksh Garg,Male,63,Corporate,2023-09-28,Bengaluru,Karnataka,South
CUST08219,Kiaan Bhandari,Male,29,Government,2026-06-24,Amritsar,Punjab,North
CUST08220,Onkar Bassi,Female,58,Corporate,2023-06-21,New Delhi,Delhi,North
CUST08221,Lucky Chaudhari,Male,29,Corporate,2025-12-07,Chennai,Tamil Nadu,South
CUST08222,Widisha Merchant,Female,39,SME,2023-07-29,Ahmedabad,Gujarat,West
CUST08223,Zayan Parekh,Male,47,Corporate,2021-10-01,Amritsar,Punjab,North
CUST08224,Panini Narayanan,Female,44,Retail,2026-02-26,Thiruvananthapuram,Kerala,South
CUST08225,Yahvi Balasubramanian,Female,27,Education,2022-10-24,Mumbai,Maharashtra,West
CUST08226,Sachi Shukla,Male,29,Government,2022-08-09,Mumbai,Maharashtra,West
CUST08227,Reyansh Malhotra,Male,32,Education,2022-09-02,Ludhiana,Punjab,North
CUST08228,Jai Kothari,Male,25,Retail,2026-02-14,Hyderabad,Telangana,South
CUST08229,Caleb Boase,Female,58,Corporate,2022-09-12,Indore,Madhya Pradesh,Central
CUST08230,Lipika Sami,Male,56,Corporate,2021-12-30,Nagpur,Maharashtra,West
CUST08231,Lohit Bobal,Female,20,Retail,2026-05-07,Karimnagar,Telangana,South
CUST08232,Netra Thakur,Female,26,Government,2023-04-23,Nagpur,Maharashtra,West
CUST08233,Darsh Bumb,Female,45,Government,2025-02-05,Mumbai,Maharashtra,West
CUST08234,Wazir Nagy,Male,52,Education,2024-05-09,Ahmedabad,Gujarat,West
CUST08235,Teerth Bhatia,Female,49,Education,2025-05-20,Kolkata,West Bengal,East
CUST08236,Tanvi Goyal,Male,46,Government,2022-06-13,Ludhiana,Punjab,North
CUST08237,Irya Mitter,Female,43,Education,2025-12-14,Warangal,Telangana,South
CUST08238,Ishita Kaur,Female,62,Government,2022-09-26,New Delhi,Delhi,North
CUST08239,Joshua Kuruvilla,Male,61,Government,2024-09-01,Thiruvananthapuram,Kerala,South
CUST08240,Gopal Balakrishnan,Female,50,Corporate,2021-12-10,Mumbai,Maharashtra,West
CUST08241,Sudiksha Ghosh,Male,51,SME,2025-04-02,Vadodara,Gujarat,West
CUST08242,Yashawini Bath,Male,39,Education,2025-03-11,Vadodara,Gujarat,West
CUST08243,Veda Dave,Female,29,Education,2023-04-28,Karimnagar,Telangana,South
CUST08244,Kavya Das,Male,27,SME,2023-04-14,New Delhi,Delhi,North
CUST08245,Nathaniel Vohra,Female,33,SME,2021-09-10,Ludhiana,Punjab,North
CUST08246,Jagat Tella,Female,21,SME,2025-06-08,New Delhi,Delhi,North
CUST08247,Mitali Lalla,Male,61,Corporate,2022-11-05,Ludhiana,Punjab,North
CUST08248,Anthony Misra,Female,45,Education,2021-09-23,Nagpur,Maharashtra,West
CUST08249,Robert Srivastava,Male,40,Retail,2025-02-27,New Delhi,Delhi,North
CUST08250,Nirja Bhandari,Female,23,Government,2025-06-23,Nagpur,Maharashtra,West
CUST08251,Zaitra Nayar,Female,28,Government,2024-08-08,Mysuru,Karnataka,South
CUST08252,Chasmum Borde,Female,57,Corporate,2022-10-06,Siliguri,West Bengal,East
CUST08253,Madhav Gour,Female,19,Corporate,2025-10-14,Pune,Maharashtra,West
CUST08254,Ikshita Kapur,Male,51,Education,2021-11-29,Bhopal,Madhya Pradesh,Central
CUST08255,Widisha Edwin,Female,23,Corporate,2022-05-14,Bhopal,Madhya Pradesh,Central
CUST08256,Tanmayi Soni,Male,53,Government,2025-04-03,Pune,Maharashtra,West
CUST08257,Devika Sama,Male,24,Government,2024-06-17,Kozhikode,Kerala,South
CUST08258,Yoshita Tak,Male,25,Education,2025-12-01,Kozhikode,Kerala,South
CUST08259,Tristan Kanda,Female,48,Education,2022-08-27,Indore,Madhya Pradesh,Central
CUST08260,Vasana Krishna,Male,59,Corporate,2023-09-07,Indore,Madhya Pradesh,Central
CUST08261,Mitali Dhingra,Male,58,Government,2023-05-10,Amritsar,Punjab,North
CUST08262,Suhani Rege,Male,61,Corporate,2022-03-24,Kolkata,West Bengal,East
CUST08263,Maya Lad,Male,42,Corporate,2024-04-01,Hyderabad,Telangana,South
CUST08264,Jairaj Pillai,Female,29,Retail,2022-06-26,Madurai,Tamil Nadu,South
CUST08265,Arjun Borah,Male,33,Government,2023-01-31,Mangaluru,Karnataka,South
CUST08266,Elijah Madan,Male,31,Retail,2025-11-21,Coimbatore,Tamil Nadu,South
CUST08267,Aadhya Mani,Female,58,Corporate,2023-10-02,Kochi,Kerala,South
CUST08268,Oscar Soni,Male,55,Government,2022-12-22,Coimbatore,Tamil Nadu,South
CUST08269,Vedhika Atwal,Male,49,Retail,2025-08-12,Hyderabad,Telangana,South
CUST08270,Arunima Vig,Male,53,Government,2022-10-23,Hyderabad,Telangana,South
CUST08271,Gagan Balay,Male,20,Retail,2026-05-23,New Delhi,Delhi,North
CUST08272,Manthan Dixit,Female,56,Retail,2025-10-17,Karimnagar,Telangana,South
CUST08273,Watika Thakkar,Female,49,SME,2023-03-15,Kochi,Kerala,South
CUST08274,Shivani Ramachandran,Male,62,Retail,2025-09-09,New Delhi,Delhi,North
CUST08275,Qasim Chacko,Male,47,Education,2026-01-20,Madurai,Tamil Nadu,South
CUST08276,Arin Bora,Male,36,SME,2022-08-18,Ahmedabad,Gujarat,West
CUST08277,Ucchal Basu,Female,31,Government,2025-02-05,Kolkata,West Bengal,East
CUST08278,Yashodhara Sastry,Female,22,SME,2025-12-09,Ludhiana,Punjab,North
CUST08279,Indrajit Peri,Female,37,Education,2025-12-10,Nagpur,Maharashtra,West
CUST08280,Tristan Ahluwalia,Male,47,Retail,2025-03-26,Indore,Madhya Pradesh,Central
CUST08281,Jackson Gara,Male,26,Education,2023-06-10,Siliguri,West Bengal,East
CUST08282,Bina Mangat,Male,20,SME,2025-04-20,Karimnagar,Telangana,South
CUST08283,Saanvi Varma,Male,60,Government,2025-07-25,Bengaluru,Karnataka,South
CUST08284,Shaurya Koshy,Male,36,Government,2025-09-23,Mangaluru,Karnataka,South
CUST08285,Bakhshi Narain,Male,28,Retail,2024-01-15,Chennai,Tamil Nadu,South
CUST08286,Hiral Chokshi,Male,41,Government,2025-03-19,New Delhi,Delhi,North
CUST08287,Bimala Walia,Female,62,Retail,2026-01-24,Kochi,Kerala,South
CUST08288,Varenya Sawhney,Male,61,SME,2024-05-02,Kolkata,West Bengal,East
CUST08289,Yoshita Mitra,Female,42,Corporate,2023-06-06,Karimnagar,Telangana,South
CUST08290,Harini Magar,Male,28,Retail,2025-09-30,Ahmedabad,Gujarat,West
CUST08291,Anirudh Varma,Male,45,Education,2021-11-25,Kochi,Kerala,South
CUST08292,Faraj Thaker,Female,28,Government,2025-08-14,Bhopal,Madhya Pradesh,Central
CUST08293,Sneha Puri,Female,49,Retail,2025-09-16,Kochi,Kerala,South
CUST08294,Azad Murthy,Male,43,Education,2022-09-12,Madurai,Tamil Nadu,South
CUST08295,Nachiket Nayar,Male,45,Education,2025-04-08,Kolkata,West Bengal,East
CUST08296,Vyanjana Bali,Male,56,Retail,2023-05-26,Siliguri,West Bengal,East
CUST08297,Daniel Bora,Male,39,Corporate,2023-05-12,Warangal,Telangana,South
CUST08298,Harini Wason,Female,28,Education,2023-01-19,Siliguri,West Bengal,East
CUST08299,Nachiket Sura,Male,28,Corporate,2023-06-13,Ludhiana,Punjab,North
CUST08300,Umang Bhatti,Female,23,Education,2025-08-27,Mangaluru,Karnataka,South
CUST08301,Charles Chanda,Male,36,Retail,2022-11-14,Ahmedabad,Gujarat,West
CUST08302,Zansi Korpal,Male,56,Government,2021-07-27,Ahmedabad,Gujarat,West
CUST08303,Jagdish More,Male,60,SME,2023-12-09,Mumbai,Maharashtra,West
CUST08304,Gaurav Aggarwal,Female,38,Retail,2023-03-16,Mysuru,Karnataka,South
CUST08305,Rudra Dugar,Female,28,Government,2024-03-20,Siliguri,West Bengal,East
CUST08306,Harsh Agate,Female,46,Retail,2022-10-15,Pune,Maharashtra,West
CUST08307,Deepa Goda,Female,45,Education,2025-01-27,Thiruvananthapuram,Kerala,South
CUST08308,Dayita Seth,Male,64,Retail,2023-11-08,Bhopal,Madhya Pradesh,Central
CUST08309,Yasti More,Male,59,Education,2026-04-22,Kolkata,West Bengal,East
CUST08310,Oni Chauhan,Female,20,SME,2025-04-09,New Delhi,Delhi,North
CUST08311,Brinda Chowdhury,Female,38,Retail,2023-07-11,Kolkata,West Bengal,East
CUST08312,Charles Gera,Male,46,Corporate,2026-01-12,Coimbatore,Tamil Nadu,South
CUST08313,Zilmil Kale,Male,64,Corporate,2021-10-30,Amritsar,Punjab,North
CUST08314,Jairaj Nori,Male,25,Government,2024-08-05,Kolkata,West Bengal,East
CUST08315,Aadi Ramaswamy,Male,41,Retail,2022-01-25,Kochi,Kerala,South
CUST08316,Chameli Bala,Male,30,SME,2023-09-17,Chennai,Tamil Nadu,South
CUST08317,Shaurya Divan,Male,42,Government,2022-03-03,Mysuru,Karnataka,South
CUST08318,Max Batta,Male,41,Retail,2023-04-02,Bengaluru,Karnataka,South
CUST08319,Alka Kar,Male,43,SME,2026-01-08,Warangal,Telangana,South
CUST08320,Abhiram Shankar,Female,58,SME,2023-05-27,Chennai,Tamil Nadu,South
CUST08321,Nimrat Jain,Male,47,Retail,2024-03-21,Ludhiana,Punjab,North
CUST08322,Ansh Zacharia,Female,46,Government,2025-02-03,New Delhi,Delhi,North
CUST08323,Tara Gole,Male,58,Retail,2022-07-29,New Delhi,Delhi,North
CUST08324,Chatresh Khurana,Male,46,Government,2024-03-22,Warangal,Telangana,South
CUST08325,Faris Patel,Female,52,Retail,2024-08-15,Mysuru,Karnataka,South
CUST08326,Aarnav Devi,Male,54,Retail,2023-07-05,Kozhikode,Kerala,South
CUST08327,Lucky Khanna,Female,39,Education,2022-08-08,Chennai,Tamil Nadu,South
CUST08328,Alka Ahluwalia,Female,46,Education,2023-11-04,Amritsar,Punjab,North
CUST08329,Upadhriti Patla,Female,26,SME,2025-09-01,Madurai,Tamil Nadu,South
CUST08330,Daksha Mandal,Male,24,Education,2021-11-20,Bhopal,Madhya Pradesh,Central
CUST08331,Jeet Khatri,Male,24,Education,2026-04-19,Mangaluru,Karnataka,South
CUST08332,Lakshit Raju,Female,22,Education,2023-04-02,New Delhi,Delhi,North
CUST08333,Megha Mukhopadhyay,Male,27,Corporate,2023-03-28,Ludhiana,Punjab,North
CUST08334,Urvashi Sekhon,Female,63,SME,2026-04-06,Kolkata,West Bengal,East
CUST08335,Ishita Mukherjee,Female,50,Corporate,2023-12-12,Thiruvananthapuram,Kerala,South
CUST08336,Ekavir Sachar,Male,38,Corporate,2024-03-01,Amritsar,Punjab,North
CUST08337,Jatin Chokshi,Female,58,Government,2022-05-16,Hyderabad,Telangana,South
CUST08338,Jeremiah Chakrabarti,Female,51,Government,2024-03-16,Karimnagar,Telangana,South
CUST08339,Chaitaly Bhatnagar,Male,41,Government,2023-01-21,Siliguri,West Bengal,East
CUST08340,Balvan Mane,Female,28,Government,2026-05-28,Ludhiana,Punjab,North
CUST08341,Frado Palan,Male,58,SME,2025-01-15,Indore,Madhya Pradesh,Central
CUST08342,Onkar Tara,Male,62,SME,2025-03-01,Ludhiana,Punjab,North
CUST08343,Urishilla Bansal,Male,54,Government,2021-11-28,Mangaluru,Karnataka,South
CUST08344,Eiravati Rai,Male,63,Government,2024-08-22,New Delhi,Delhi,North
CUST08345,Anthony Devan,Female,36,Government,2025-08-14,Siliguri,West Bengal,East
CUST08346,Nakul Singh,Male,61,Education,2025-10-24,Pune,Maharashtra,West
CUST08347,Anthony Bansal,Male,38,Education,2023-12-30,Kozhikode,Kerala,South
CUST08348,Pranit Sabharwal,Male,56,Retail,2022-11-03,Ahmedabad,Gujarat,West
CUST08349,Avni Char,Female,43,Corporate,2023-10-23,Siliguri,West Bengal,East
CUST08350,Suhani Mittal,Male,39,Corporate,2024-12-31,Warangal,Telangana,South
CUST08351,Sai More,Male,42,Corporate,2022-01-18,Thiruvananthapuram,Kerala,South
CUST08352,Odika Goda,Female,45,Corporate,2024-12-05,Bengaluru,Karnataka,South
CUST08353,Gautam Kaur,Male,25,SME,2024-02-07,Thiruvananthapuram,Kerala,South
CUST08354,Idika Saha,Female,43,Corporate,2025-01-07,Hyderabad,Telangana,South
CUST08355,Ranbir Tank,Female,29,Education,2026-02-08,Nagpur,Maharashtra,West
CUST08356,Indali Gokhale,Male,51,Government,2024-02-22,Thiruvananthapuram,Kerala,South
CUST08357,Jeremiah Deo,Male,30,SME,2024-01-10,New Delhi,Delhi,North
CUST08358,Oni Mani,Female,35,SME,2024-11-23,Ludhiana,Punjab,North
CUST08359,Logan Mannan,Male,65,SME,2024-06-14,Surat,Gujarat,West
CUST08360,Devansh Khalsa,Female,27,Retail,2025-01-04,Thiruvananthapuram,Kerala,South
CUST08361,Aadi Vaidya,Female,39,SME,2022-02-08,Chennai,Tamil Nadu,South
CUST08362,Urvi Dhaliwal,Female,54,SME,2023-11-14,Bhopal,Madhya Pradesh,Central
CUST08363,Rohan Din,Male,23,Government,2026-02-23,Amritsar,Punjab,North
CUST08364,Riya Sundaram,Male,58,SME,2022-10-23,Siliguri,West Bengal,East
CUST08365,Ekanta Mallick,Male,41,Retail,2025-03-23,New Delhi,Delhi,North
CUST08366,Sudiksha Pillay,Male,25,Education,2025-07-02,Karimnagar,Telangana,South
CUST08367,Vedika Gola,Male,34,Education,2023-04-19,Pune,Maharashtra,West
CUST08368,Owen Lanka,Female,29,SME,2025-07-03,Mumbai,Maharashtra,West
CUST08369,Alka Bansal,Female,31,Government,2026-03-01,Ludhiana,Punjab,North
CUST08370,Siddharth Subramaniam,Female,59,Government,2025-04-15,Bhopal,Madhya Pradesh,Central
CUST08371,Oviya Murty,Male,18,Retail,2025-06-19,Coimbatore,Tamil Nadu,South
CUST08372,Fiyaz Handa,Male,34,SME,2022-05-27,Amritsar,Punjab,North
CUST08373,Osha Raman,Male,35,Education,2025-09-04,Madurai,Tamil Nadu,South
CUST08374,Rajata Narula,Male,21,SME,2022-09-04,Indore,Madhya Pradesh,Central
CUST08375,Yashoda Garg,Female,38,Corporate,2025-03-06,Ludhiana,Punjab,North
CUST08376,Chandani Goda,Male,26,SME,2022-07-24,Chennai,Tamil Nadu,South
CUST08377,Umang Kari,Male,65,Education,2022-09-20,New Delhi,Delhi,North
CUST08378,Jalsa Dhar,Male,37,Corporate,2023-01-24,Siliguri,West Bengal,East
CUST08379,Mohammed Ramanathan,Male,35,Education,2022-01-24,Mangaluru,Karnataka,South
CUST08380,Tanvi Walia,Female,65,Government,2024-12-07,Mysuru,Karnataka,South
CUST08381,Ekavir Mangat,Male,42,Government,2025-06-20,New Delhi,Delhi,North
CUST08382,Chaitaly Sathe,Female,37,Government,2022-02-08,New Delhi,Delhi,North
CUST08383,Chandresh Krishnamurthy,Male,51,Education,2026-02-12,Chennai,Tamil Nadu,South
CUST08384,Devika Arya,Female,39,Retail,2026-04-22,Indore,Madhya Pradesh,Central
CUST08385,Wahab Upadhyay,Female,46,Retail,2024-10-14,New Delhi,Delhi,North
CUST08386,Janya Bedi,Male,24,Retail,2024-09-19,Vadodara,Gujarat,West
CUST08387,Bhavna Hegde,Male,26,Corporate,2023-03-18,Warangal,Telangana,South
CUST08388,Nathan Biswas,Male,18,SME,2022-08-05,Coimbatore,Tamil Nadu,South
CUST08389,Michael Mital,Female,28,Government,2024-04-18,Bengaluru,Karnataka,South
CUST08390,Shaurya Savant,Male,58,Corporate,2023-02-09,Bhopal,Madhya Pradesh,Central
CUST08391,Ranveer Sama,Male,53,Education,2022-12-10,Chennai,Tamil Nadu,South
CUST08392,Isha Trivedi,Female,27,SME,2024-06-27,Coimbatore,Tamil Nadu,South
CUST08393,Janani Goyal,Female,42,Government,2024-12-16,Mysuru,Karnataka,South
CUST08394,Onveer Narayan,Female,28,Retail,2022-08-09,Bhopal,Madhya Pradesh,Central
CUST08395,David Wable,Male,36,Retail,2021-10-02,Mangaluru,Karnataka,South
CUST08396,Pooja Sinha,Male,34,Education,2026-05-02,Pune,Maharashtra,West
CUST08397,Siddharth Nigam,Female,32,Education,2026-04-08,Mangaluru,Karnataka,South
CUST08398,Pushti Talwar,Female,22,SME,2022-12-17,Hyderabad,Telangana,South
CUST08399,Jai Wason,Male,51,SME,2022-06-16,Bhopal,Madhya Pradesh,Central
CUST08400,Ganga Varkey,Female,38,Education,2024-05-14,Bhopal,Madhya Pradesh,Central
CUST08401,Anmol Memon,Female,62,Government,2025-08-31,New Delhi,Delhi,North
CUST08402,Zinal Nadig,Male,19,SME,2025-11-05,Kolkata,West Bengal,East
CUST08403,Krishna Chander,Female,54,Education,2024-07-18,Surat,Gujarat,West
CUST08404,Bachittar Rout,Female,46,Education,2026-04-26,Indore,Madhya Pradesh,Central
CUST08405,Chandran Master,Female,64,Retail,2024-07-12,Mysuru,Karnataka,South
CUST08406,Darpan Palla,Male,56,SME,2025-08-26,Mysuru,Karnataka,South
CUST08407,Vritti Varughese,Female,18,SME,2022-10-25,Kolkata,West Bengal,East
CUST08408,Sarthak D’Alia,Male,33,SME,2022-10-22,Kozhikode,Kerala,South
CUST08409,Imaran Dube,Male,51,SME,2025-05-05,New Delhi,Delhi,North
CUST08410,Yashvi Sagar,Female,45,Retail,2022-08-02,Siliguri,West Bengal,East
CUST08411,Ishaan Bedi,Male,40,SME,2023-09-19,Bhopal,Madhya Pradesh,Central
CUST08412,Chakrika Jain,Male,49,SME,2024-05-05,Amritsar,Punjab,North
CUST08413,Benjamin Saha,Male,21,Retail,2024-08-13,Chennai,Tamil Nadu,South
CUST08414,Raksha Kara,Male,42,Corporate,2026-01-22,Siliguri,West Bengal,East
CUST08415,Falan Trivedi,Female,59,SME,2024-09-16,Warangal,Telangana,South
CUST08416,Hardik Chhabra,Male,26,SME,2025-03-24,Madurai,Tamil Nadu,South
CUST08417,Yauvani Ramesh,Female,21,Government,2026-03-17,Vadodara,Gujarat,West
CUST08418,Urvashi Suresh,Male,38,Education,2023-08-08,Vadodara,Gujarat,West
CUST08419,Lajita Tella,Female,28,SME,2022-06-11,Ahmedabad,Gujarat,West
CUST08420,Eesha Sura,Female,64,Government,2026-01-08,Thiruvananthapuram,Kerala,South
CUST08421,Darpan Mane,Female,64,Education,2025-01-18,Ahmedabad,Gujarat,West
CUST08422,Ronith Doctor,Female,32,Education,2023-06-06,Surat,Gujarat,West
CUST08423,Maanas Natarajan,Female,64,Corporate,2022-11-28,Nagpur,Maharashtra,West
CUST08424,Oni Butala,Male,28,SME,2022-01-07,Ahmedabad,Gujarat,West
CUST08425,Pavani Goswami,Female,47,Government,2023-10-12,Siliguri,West Bengal,East
CUST08426,Gayathri Rattan,Female,38,Corporate,2022-08-27,Bengaluru,Karnataka,South
CUST08427,Avni Nayak,Male,57,SME,2024-03-25,Warangal,Telangana,South
CUST08428,Sarthak Dewan,Female,28,Corporate,2022-06-11,Bhopal,Madhya Pradesh,Central
CUST08429,Krisha Borah,Female,34,Government,2021-08-27,Bhopal,Madhya Pradesh,Central
CUST08430,Tejas Nadkarni,Male,21,Corporate,2022-12-15,Indore,Madhya Pradesh,Central
CUST08431,Jyoti Tripathi,Female,20,Education,2022-07-15,Siliguri,West Bengal,East
CUST08432,Amol Balan,Female,23,SME,2023-02-18,Bengaluru,Karnataka,South
CUST08433,Shivani Padmanabhan,Male,36,Corporate,2021-08-23,Indore,Madhya Pradesh,Central
CUST08434,Geetika Oak,Female,38,Corporate,2021-07-30,New Delhi,Delhi,North
CUST08435,Jagat Brar,Male,63,Corporate,2021-12-28,Siliguri,West Bengal,East
CUST08436,Champak Karan,Female,63,Corporate,2023-10-14,Bhopal,Madhya Pradesh,Central
CUST08437,Robert Borah,Female,44,Retail,2022-11-23,Ahmedabad,Gujarat,West
CUST08438,Upma Sunder,Female,65,Corporate,2022-03-10,Mumbai,Maharashtra,West
CUST08439,Nikita Banik,Male,50,SME,2024-08-26,Mysuru,Karnataka,South
CUST08440,Yashvi Keer,Female,33,Corporate,2026-04-28,Hyderabad,Telangana,South
CUST08441,Samuel Narula,Male,22,Government,2022-02-10,Pune,Maharashtra,West
CUST08442,Daksh Sarraf,Female,30,Education,2025-08-31,Bhopal,Madhya Pradesh,Central
CUST08443,Aishani Ray,Male,59,Education,2023-03-17,Karimnagar,Telangana,South
CUST08444,Oeshi Kurian,Male,60,Corporate,2023-10-01,Vadodara,Gujarat,West
CUST08445,Raksha Apte,Female,24,Government,2024-11-12,Kolkata,West Bengal,East
CUST08446,Kashish Srinivas,Male,42,Retail,2024-10-29,Coimbatore,Tamil Nadu,South
CUST08447,Aradhana Tailor,Male,21,Government,2023-12-29,Kochi,Kerala,South
CUST08448,Harsh Sarraf,Female,23,Government,2025-08-21,Surat,Gujarat,West
CUST08449,Samar Koshy,Female,59,Education,2026-05-11,Mumbai,Maharashtra,West
CUST08450,Ekiya Loke,Male,61,Retail,2025-12-27,Mangaluru,Karnataka,South
CUST08451,Vinaya Mander,Male,32,Education,2022-01-02,Indore,Madhya Pradesh,Central
CUST08452,Darpan Sridhar,Male,61,Retail,2022-06-09,Kolkata,West Bengal,East
CUST08453,Teerth Pall,Male,44,Education,2022-04-24,Mangaluru,Karnataka,South
CUST08454,Abhiram Saini,Female,47,Education,2023-06-06,New Delhi,Delhi,North
CUST08455,Yashoda Mistry,Female,47,Education,2023-10-22,Thiruvananthapuram,Kerala,South
CUST08456,Balvan Sur,Female,37,SME,2026-02-28,Pune,Maharashtra,West
CUST08457,Harinakshi Sharma,Male,34,Government,2023-09-08,Indore,Madhya Pradesh,Central
CUST08458,Gaurika Dani,Female,62,SME,2026-03-30,Madurai,Tamil Nadu,South
CUST08459,Chandresh Parmer,Male,24,Retail,2025-09-28,Thiruvananthapuram,Kerala,South
CUST08460,Netra Bahri,Male,54,SME,2023-06-01,Warangal,Telangana,South
CUST08461,Dalaja Minhas,Male,21,Government,2025-12-08,Ahmedabad,Gujarat,West
CUST08462,Pushti Behl,Male,62,Corporate,2024-05-05,Indore,Madhya Pradesh,Central
CUST08463,Chanchal Dutta,Male,31,SME,2023-11-09,Kozhikode,Kerala,South
CUST08464,Gopal Morar,Female,39,Retail,2025-03-26,Coimbatore,Tamil Nadu,South
CUST08465,Chakrika Ratti,Male,42,SME,2023-07-16,Ludhiana,Punjab,North
CUST08466,Yochana Badami,Male,45,Retail,2025-11-26,Mysuru,Karnataka,South
CUST08467,Sanaya Sen,Female,63,Retail,2022-08-17,New Delhi,Delhi,North
CUST08468,Samuel Saxena,Male,65,SME,2024-10-21,Vadodara,Gujarat,West
CUST08469,Thomas Khalsa,Female,45,Corporate,2026-05-04,Nagpur,Maharashtra,West
CUST08470,Om D’Alia,Female,53,Corporate,2024-12-16,Coimbatore,Tamil Nadu,South
CUST08471,Gopal Babu,Male,47,Government,2023-08-05,Nagpur,Maharashtra,West
CUST08472,Tanvi Jani,Male,29,Government,2026-02-27,Ludhiana,Punjab,North
CUST08473,Charles Joshi,Female,54,SME,2024-08-22,Mumbai,Maharashtra,West
CUST08474,Omaja Singhal,Female,28,Retail,2023-04-25,Ludhiana,Punjab,North
CUST08475,Abhiram Balan,Female,50,Government,2022-01-29,Hyderabad,Telangana,South
CUST08476,Falak Goyal,Female,25,Corporate,2024-01-25,Thiruvananthapuram,Kerala,South
CUST08477,Jatin Banerjee,Male,52,SME,2026-06-18,Vadodara,Gujarat,West
CUST08478,Wazir De,Female,56,SME,2024-05-04,Kolkata,West Bengal,East
CUST08479,Yahvi Guha,Female,57,Government,2022-09-02,Coimbatore,Tamil Nadu,South
CUST08480,Rehaan Ben,Female,38,Education,2024-02-24,Madurai,Tamil Nadu,South
CUST08481,Neelima Sathe,Female,34,SME,2023-10-29,Pune,Maharashtra,West
CUST08482,Faras Pradhan,Male,19,SME,2021-09-25,Hyderabad,Telangana,South
CUST08483,Abeer Bansal,Male,37,Corporate,2023-03-18,Coimbatore,Tamil Nadu,South
CUST08484,Harita Ramakrishnan,Female,52,SME,2025-02-18,Siliguri,West Bengal,East
CUST08485,Abhiram Bawa,Female,18,Retail,2025-12-30,Surat,Gujarat,West
CUST08486,Abhiram Seshadri,Female,56,SME,2026-01-09,Siliguri,West Bengal,East
CUST08487,Atharv Murty,Female,42,Education,2025-01-28,Bengaluru,Karnataka,South
CUST08488,Jackson Aggarwal,Male,45,Education,2026-06-26,Mangaluru,Karnataka,South
CUST08489,Chaaya Badami,Female,20,Corporate,2021-08-07,Karimnagar,Telangana,South
CUST08490,Zinal Dube,Male,62,SME,2026-05-17,Kolkata,West Bengal,East
CUST08491,Saksham Grover,Female,63,Retail,2023-11-18,Coimbatore,Tamil Nadu,South
CUST08492,Qarin Baria,Female,62,Education,2026-05-15,Ludhiana,Punjab,North
CUST08493,Jairaj Mukherjee,Male,24,Education,2026-02-25,Mangaluru,Karnataka,South
CUST08494,Zarna Narayanan,Female,18,Education,2026-01-09,Chennai,Tamil Nadu,South
CUST08495,Onkar Choudhry,Male,42,SME,2025-08-26,Indore,Madhya Pradesh,Central
CUST08496,Pranit Acharya,Female,29,Education,2024-07-27,Surat,Gujarat,West
CUST08497,Isaac Kar,Male,63,Government,2025-10-01,Surat,Gujarat,West
CUST08498,Ladli Chatterjee,Female,49,Government,2023-11-03,Kochi,Kerala,South
CUST08499,Amrita Sankar,Female,61,Retail,2025-02-18,Ahmedabad,Gujarat,West
CUST08500,Aarna Sawhney,Male,40,SME,2026-06-06,New Delhi,Delhi,North
CUST08501,Prisha Bhatnagar,Female,41,Education,2026-04-14,Ludhiana,Punjab,North
CUST08502,Maanas Puri,Female,44,Government,2022-03-11,New Delhi,Delhi,North
CUST08503,Ekantika Parmer,Male,54,Corporate,2024-03-06,Bhopal,Madhya Pradesh,Central
CUST08504,Peter Bhatia,Female,34,Education,2022-06-22,New Delhi,Delhi,North
CUST08505,Upma Misra,Female,38,Retail,2025-11-07,Mysuru,Karnataka,South
CUST08506,Sai Bhatti,Male,32,Corporate,2022-01-12,New Delhi,Delhi,North
CUST08507,Vaishnavi Borde,Female,30,Corporate,2021-09-16,Bhopal,Madhya Pradesh,Central
CUST08508,Chatura Nanda,Female,22,Government,2023-05-29,Warangal,Telangana,South
CUST08509,Pushti Sodhi,Female,56,Education,2025-05-28,Warangal,Telangana,South
CUST08510,Christopher Bath,Male,23,Corporate,2025-08-31,Madurai,Tamil Nadu,South
CUST08511,Ishita Minhas,Female,53,Education,2026-05-20,New Delhi,Delhi,North
CUST08512,Suhani Ghosh,Female,51,Education,2022-03-09,Bhopal,Madhya Pradesh,Central
CUST08513,Girindra Mody,Male,23,Government,2023-02-23,Bhopal,Madhya Pradesh,Central
CUST08514,Udant Kanda,Male,40,Corporate,2022-06-02,New Delhi,Delhi,North
CUST08515,Simon Malhotra,Female,63,Corporate,2022-08-31,Ludhiana,Punjab,North
CUST08516,Lila Jani,Male,40,Government,2024-01-25,New Delhi,Delhi,North
CUST08517,Michael Mishra,Female,26,Corporate,2024-06-13,Coimbatore,Tamil Nadu,South
CUST08518,Januja Keer,Male,48,SME,2021-08-10,Bengaluru,Karnataka,South
CUST08519,Fariq Lad,Male,49,Education,2025-09-06,New Delhi,Delhi,North
CUST08520,Siddharth Dua,Male,54,Government,2021-07-26,Kochi,Kerala,South
CUST08521,Vrishti Palla,Female,61,Retail,2025-05-07,New Delhi,Delhi,North
CUST08522,Siya Kaur,Female,32,Education,2025-12-16,Siliguri,West Bengal,East
CUST08523,Wyatt Vaidya,Male,29,Corporate,2022-08-25,Mysuru,Karnataka,South
CUST08524,Eta Suri,Male,40,Education,2021-12-24,Mysuru,Karnataka,South
CUST08525,Mugdha Bhakta,Female,49,Education,2023-02-06,Ludhiana,Punjab,North
CUST08526,Chavvi Mitter,Female,28,Government,2024-02-17,Surat,Gujarat,West
CUST08527,Saumya Gaba,Male,18,SME,2024-06-09,Siliguri,West Bengal,East
CUST08528,Ekani Sengupta,Male,31,Corporate,2026-06-13,Mangaluru,Karnataka,South
CUST08529,Charles Walia,Male,31,Corporate,2025-09-30,Ludhiana,Punjab,North
CUST08530,Ekaraj Balasubramanian,Male,63,Education,2023-12-18,Nagpur,Maharashtra,West
CUST08531,Ryan Bhatia,Female,31,SME,2026-01-07,Nagpur,Maharashtra,West
CUST08532,Eshana Dhillon,Male,39,Education,2023-03-20,Karimnagar,Telangana,South
CUST08533,Dipta Koshy,Male,18,Corporate,2022-01-17,Chennai,Tamil Nadu,South
CUST08534,Omisha Tandon,Female,61,Government,2026-03-16,Kolkata,West Bengal,East
CUST08535,Nitesh Sachdev,Female,26,Retail,2023-08-02,Vadodara,Gujarat,West
CUST08536,Rushil Rana,Male,59,Retail,2025-07-07,Siliguri,West Bengal,East
CUST08537,Jagvi Sehgal,Male,50,Retail,2026-05-26,Chennai,Tamil Nadu,South
CUST08538,Owen Kapadia,Male,31,Education,2022-05-05,Amritsar,Punjab,North
CUST08539,Jeet Ganesh,Female,32,Education,2026-02-24,New Delhi,Delhi,North
CUST08540,Ladli Iyengar,Female,29,Government,2021-09-30,Bhopal,Madhya Pradesh,Central
CUST08541,Qasim Amble,Male,28,Education,2024-09-05,Madurai,Tamil Nadu,South
CUST08542,Nicholas Munshi,Female,39,Retail,2022-05-05,Vadodara,Gujarat,West
CUST08543,Aarush Lal,Female,57,Retail,2025-03-16,Kochi,Kerala,South
CUST08544,Gunbir Palla,Female,19,Corporate,2021-09-25,Karimnagar,Telangana,South
CUST08545,Vasana Mani,Male,40,Corporate,2024-05-27,Amritsar,Punjab,North
CUST08546,Ladli Saini,Male,27,SME,2025-11-04,Madurai,Tamil Nadu,South
CUST08547,Upasna Issac,Female,62,SME,2022-08-16,Ahmedabad,Gujarat,West
CUST08548,Bhavika Saini,Male,55,SME,2023-04-14,New Delhi,Delhi,North
CUST08549,Gaurangi Bakshi,Male,21,SME,2026-04-16,Mangaluru,Karnataka,South
CUST08550,Lajita Shroff,Male,47,Retail,2021-09-30,New Delhi,Delhi,North
CUST08551,Harini Natarajan,Female,39,Corporate,2024-07-01,Karimnagar,Telangana,South
CUST08552,Reva Khatri,Female,52,Government,2025-12-01,Nagpur,Maharashtra,West
CUST08553,Suhani Rao,Female,28,Government,2025-07-03,Madurai,Tamil Nadu,South
CUST08554,Advik Setty,Male,18,Retail,2022-03-11,Kolkata,West Bengal,East
CUST08555,Tanmayi Nagarajan,Female,55,Education,2022-09-14,Ahmedabad,Gujarat,West
CUST08556,Jagrati Bala,Female,35,Government,2023-03-12,Amritsar,Punjab,North
CUST08557,Christopher Bhagat,Female,64,Retail,2024-01-15,Chennai,Tamil Nadu,South
CUST08558,Kabir Biswas,Female,44,SME,2021-09-23,New Delhi,Delhi,North
CUST08559,Anmol Choudhry,Male,26,Education,2022-06-06,Karimnagar,Telangana,South
CUST08560,Oliver Nair,Female,60,SME,2022-11-21,Madurai,Tamil Nadu,South
CUST08561,Veer Kapadia,Male,54,SME,2022-11-11,Indore,Madhya Pradesh,Central
CUST08562,Gautami Manda,Female,30,SME,2022-12-01,Siliguri,West Bengal,East
CUST08563,Gaurika Mallick,Female,44,Education,2023-04-02,Surat,Gujarat,West
CUST08564,Omkaar Ramachandran,Male,52,Government,2023-01-17,Madurai,Tamil Nadu,South
CUST08565,Charan Butala,Female,19,Retail,2024-10-09,New Delhi,Delhi,North
CUST08566,Hemangini Sule,Female,56,SME,2021-07-02,Indore,Madhya Pradesh,Central
CUST08567,Mohammed Aurora,Male,27,Corporate,2026-04-15,New Delhi,Delhi,North
CUST08568,Divya Krishnamurthy,Male,42,Retail,2023-09-02,Bhopal,Madhya Pradesh,Central
CUST08569,Ayushman Chaudhary,Female,23,Corporate,2024-07-16,Madurai,Tamil Nadu,South
CUST08570,Sudiksha Bath,Female,42,Retail,2023-10-09,Ludhiana,Punjab,North
CUST08571,Alexander Mishra,Male,44,Retail,2024-07-30,Siliguri,West Bengal,East
CUST08572,Nidhi Balasubramanian,Male,46,Corporate,2026-02-26,Siliguri,West Bengal,East
CUST08573,Urishilla Rajagopal,Male,19,Corporate,2026-06-21,Mangaluru,Karnataka,South
CUST08574,Atharv Tripathi,Male,22,Corporate,2023-05-05,Kozhikode,Kerala,South
CUST08575,Timothy Gola,Female,43,Education,2025-07-20,Mangaluru,Karnataka,South
CUST08576,Osha Gola,Female,28,Retail,2024-04-29,New Delhi,Delhi,North
CUST08577,Ayushman Dhillon,Female,32,SME,2021-12-13,Kozhikode,Kerala,South
CUST08578,Eta Mohan,Male,42,SME,2024-11-18,Nagpur,Maharashtra,West
CUST08579,Luke Dara,Male,47,Retail,2025-03-20,New Delhi,Delhi,North
CUST08580,Warhi Bajwa,Female,43,SME,2025-11-09,Indore,Madhya Pradesh,Central
CUST08581,Yadavi Bains,Male,55,Education,2023-11-22,Amritsar,Punjab,North
CUST08582,Lajita Varkey,Male,38,SME,2022-10-19,Amritsar,Punjab,North
CUST08583,Rayaan Bhagat,Male,56,Corporate,2022-09-12,New Delhi,Delhi,North
CUST08584,Ekanta Kala,Female,64,Government,2021-10-19,Coimbatore,Tamil Nadu,South
CUST08585,Tanveer Chada,Female,35,Education,2021-08-07,Mangaluru,Karnataka,South
CUST08586,Jeevika Chaudhry,Male,63,Retail,2025-03-23,Siliguri,West Bengal,East
CUST08587,Akshay Ratti,Female,52,Retail,2024-12-17,Vadodara,Gujarat,West
CUST08588,Laban Nayak,Female,31,Retail,2024-04-22,Bengaluru,Karnataka,South
CUST08589,Yashica Oza,Male,45,Education,2026-03-03,Karimnagar,Telangana,South
CUST08590,Anjali Saxena,Female,49,Government,2026-03-01,Warangal,Telangana,South
CUST08591,Tripti Varma,Male,54,SME,2021-09-22,Mangaluru,Karnataka,South
CUST08592,Ubika Chakrabarti,Female,18,Retail,2023-04-30,Kolkata,West Bengal,East
CUST08593,Amrita Reddy,Male,38,Government,2022-10-19,Pune,Maharashtra,West
CUST08594,Pavani Ramanathan,Male,19,Retail,2022-06-27,Ludhiana,Punjab,North
CUST08595,Yadavi Sawhney,Male,46,Corporate,2024-02-02,Indore,Madhya Pradesh,Central
CUST08596,Yadavi Mangal,Female,43,Education,2022-02-27,Siliguri,West Bengal,East
CUST08597,Wazir Borra,Female,64,Education,2026-02-24,Kozhikode,Kerala,South
CUST08598,Arunima Samra,Female,54,Corporate,2026-02-16,Mumbai,Maharashtra,West
CUST08599,Veda Rege,Female,24,Corporate,2025-08-20,Indore,Madhya Pradesh,Central
CUST08600,Vihaan Dutta,Female,54,Education,2025-10-06,Madurai,Tamil Nadu,South
CUST08601,Jagvi Sarna,Male,27,Retail,2025-11-21,Ludhiana,Punjab,North
CUST08602,Chanchal Bhatia,Female,36,Corporate,2022-12-09,Kochi,Kerala,South
CUST08603,Sarthak Basak,Male,40,Retail,2026-01-20,Siliguri,West Bengal,East
CUST08604,Yadavi Reddy,Male,30,SME,2024-01-28,Chennai,Tamil Nadu,South
CUST08605,Janaki Sahota,Male,54,SME,2024-01-20,Bhopal,Madhya Pradesh,Central
CUST08606,Tripti Chandran,Female,22,Corporate,2024-08-06,Karimnagar,Telangana,South
CUST08607,Vincent Koshy,Female,57,Government,2021-08-29,Vadodara,Gujarat,West
CUST08608,Gauri Misra,Male,26,Corporate,2023-07-25,Indore,Madhya Pradesh,Central
CUST08609,Farhan Boase,Female,47,Education,2023-09-27,Siliguri,West Bengal,East
CUST08610,Avi Barad,Female,28,Government,2025-04-13,New Delhi,Delhi,North
CUST08611,Yashasvi Panchal,Male,30,SME,2024-09-25,Bhopal,Madhya Pradesh,Central
CUST08612,Frederick Minhas,Male,54,Government,2024-04-21,Mangaluru,Karnataka,South
CUST08613,Charita Trivedi,Female,36,SME,2026-04-17,Ludhiana,Punjab,North
CUST08614,Vivaan Deshmukh,Male,50,Corporate,2022-05-29,Kochi,Kerala,South
CUST08615,Netra Shroff,Male,62,Government,2025-10-13,New Delhi,Delhi,North
CUST08616,Ekta Pandya,Female,63,Retail,2025-01-21,Kozhikode,Kerala,South
CUST08617,Harini Om,Female,33,Government,2022-07-10,Warangal,Telangana,South
CUST08618,Dakshesh Pau,Female,25,SME,2023-04-30,Hyderabad,Telangana,South
CUST08619,Lekha Lata,Male,53,SME,2021-08-06,Nagpur,Maharashtra,West
CUST08620,Neelima Bhargava,Male,24,Retail,2026-05-22,Chennai,Tamil Nadu,South
CUST08621,Faqid Memon,Male,39,Education,2024-11-25,Amritsar,Punjab,North
CUST08622,Vamakshi Chana,Female,49,Retail,2022-09-03,Amritsar,Punjab,North
CUST08623,Quincy Prabhakar,Male,20,Corporate,2025-05-02,Indore,Madhya Pradesh,Central
CUST08624,Kiaan Patla,Female,38,Education,2024-03-24,Bengaluru,Karnataka,South
CUST08625,Urvashi Dugar,Female,50,Government,2025-08-15,Mumbai,Maharashtra,West
CUST08626,Qabil Grover,Male,31,Education,2023-10-12,Hyderabad,Telangana,South
CUST08627,Manthan Prabhakar,Female,49,Government,2022-11-04,Mysuru,Karnataka,South
CUST08628,Ekbal Bhattacharyya,Male,35,Government,2024-05-19,Ludhiana,Punjab,North
CUST08629,Ekta Murty,Female,38,SME,2025-08-16,Ludhiana,Punjab,North
CUST08630,Wishi Majumdar,Male,43,SME,2021-07-28,Ludhiana,Punjab,North
CUST08631,Bhavini Menon,Female,34,SME,2025-01-14,Bhopal,Madhya Pradesh,Central
CUST08632,Netra Agarwal,Female,38,Corporate,2022-03-11,Madurai,Tamil Nadu,South
CUST08633,Charvi Mishra,Male,40,Education,2024-06-23,Amritsar,Punjab,North
CUST08634,Dev Kapadia,Male,38,Corporate,2022-11-07,Pune,Maharashtra,West
CUST08635,Sachi Soni,Male,51,SME,2024-10-26,New Delhi,Delhi,North
CUST08636,Aarini Anne,Male,38,Education,2025-04-02,Chennai,Tamil Nadu,South
CUST08637,Pavani Bera,Male,52,SME,2026-01-07,Ludhiana,Punjab,North
CUST08638,Indira Ravel,Female,45,SME,2022-09-01,Coimbatore,Tamil Nadu,South
CUST08639,Jagvi Prabhakar,Male,59,SME,2021-07-28,New Delhi,Delhi,North
CUST08640,Sathvik Kanda,Female,52,Retail,2022-07-13,Mangaluru,Karnataka,South
CUST08641,Samarth Grover,Male,22,Government,2022-10-23,Indore,Madhya Pradesh,Central
CUST08642,Aarav Misra,Female,38,Retail,2024-01-04,Thiruvananthapuram,Kerala,South
CUST08643,Sara Mangal,Female,50,Education,2022-11-16,Warangal,Telangana,South
CUST08644,Ranveer Saha,Female,65,SME,2022-11-18,Bengaluru,Karnataka,South
CUST08645,Isaiah Barad,Male,31,Government,2024-11-01,New Delhi,Delhi,North
CUST08646,Upadhriti Borah,Male,37,Government,2022-01-28,Indore,Madhya Pradesh,Central
CUST08647,Girindra Dutta,Female,38,Education,2024-06-18,Ahmedabad,Gujarat,West
CUST08648,Madhav Brahmbhatt,Male,38,SME,2022-12-16,Mysuru,Karnataka,South
CUST08649,Devansh Kurian,Female,30,Government,2024-01-18,Ludhiana,Punjab,North
CUST08650,Yashvi Nagar,Male,28,SME,2021-12-29,Kolkata,West Bengal,East
CUST08651,Mitali Narula,Male,42,Retail,2023-01-06,Warangal,Telangana,South
CUST08652,Arin Jaggi,Male,63,Government,2022-08-02,Siliguri,West Bengal,East
CUST08653,Ekansh Ahluwalia,Female,48,Education,2021-10-08,New Delhi,Delhi,North
CUST08654,Sachi Ray,Female,19,Corporate,2022-08-03,Hyderabad,Telangana,South
CUST08655,Noah Minhas,Female,48,Government,2025-12-21,Siliguri,West Bengal,East
CUST08656,Yadavi Prabhakar,Female,51,Retail,2022-09-25,Ludhiana,Punjab,North
CUST08657,Niharika Prabhu,Male,57,Corporate,2026-03-20,Indore,Madhya Pradesh,Central
CUST08658,Nikita Dhar,Female,23,Corporate,2025-06-30,Karimnagar,Telangana,South
CUST08659,Vidhi Bhatnagar,Male,43,Corporate,2022-01-24,Kochi,Kerala,South
CUST08660,Balendra Borde,Female,64,Retail,2023-01-26,Ahmedabad,Gujarat,West
CUST08661,Finn Sarna,Female,39,SME,2026-02-02,Siliguri,West Bengal,East
CUST08662,Vritti Bail,Male,38,Government,2025-12-13,Mumbai,Maharashtra,West
CUST08663,Advaith Mann,Male,34,Retail,2024-05-23,Kolkata,West Bengal,East
CUST08664,Chavvi Srinivas,Female,43,Corporate,2023-12-16,Bengaluru,Karnataka,South
CUST08665,Eta Mukherjee,Male,50,Corporate,2023-05-13,Bengaluru,Karnataka,South
CUST08666,Ishaan Misra,Male,38,SME,2025-08-23,New Delhi,Delhi,North
CUST08667,Zaitra Atwal,Female,46,Government,2025-01-31,Indore,Madhya Pradesh,Central
CUST08668,Daksh Nadig,Female,46,Retail,2023-12-26,Siliguri,West Bengal,East
CUST08669,Joshua Chana,Male,23,Corporate,2023-01-16,New Delhi,Delhi,North
CUST08670,Ucchal Rajan,Female,21,Government,2024-09-12,Karimnagar,Telangana,South
CUST08671,Naksh Bal,Female,52,SME,2022-02-24,New Delhi,Delhi,North
CUST08672,Yashvi Goda,Male,37,Education,2023-06-01,New Delhi,Delhi,North
CUST08673,Veer Samra,Male,31,Retail,2022-08-26,New Delhi,Delhi,North
CUST08674,Advika Palla,Female,52,Education,2022-03-15,Indore,Madhya Pradesh,Central
CUST08675,Yashasvi Mallick,Female,43,Education,2022-04-29,Karimnagar,Telangana,South
CUST08676,Jeevika Date,Male,22,Education,2023-03-29,Thiruvananthapuram,Kerala,South
CUST08677,Simon Ramachandran,Male,53,SME,2025-01-28,Kochi,Kerala,South
CUST08678,Abhiram Parsa,Male,48,Corporate,2024-08-29,New Delhi,Delhi,North
CUST08679,Vivaan Varghese,Male,33,Corporate,2022-12-28,New Delhi,Delhi,North
CUST08680,Samuel Chhabra,Male,50,SME,2025-02-26,New Delhi,Delhi,North
CUST08681,Anusha Iyengar,Male,58,Retail,2025-06-25,Amritsar,Punjab,North
CUST08682,Siya Warrior,Female,59,Corporate,2025-11-17,New Delhi,Delhi,North
CUST08683,Jhalak Bumb,Male,21,Retail,2024-02-05,Bengaluru,Karnataka,South
CUST08684,Caleb Borde,Male,42,Education,2023-03-07,New Delhi,Delhi,North
CUST08685,Bachittar Sawhney,Female,41,SME,2024-09-05,Hyderabad,Telangana,South
CUST08686,Dipta Varkey,Female,18,Government,2021-12-04,Mumbai,Maharashtra,West
CUST08687,Leena Bajaj,Female,27,Corporate,2022-08-19,Surat,Gujarat,West
CUST08688,Hemangini Sachar,Male,24,Retail,2021-09-13,Bhopal,Madhya Pradesh,Central
CUST08689,Aahana Vaidya,Female,23,Retail,2024-11-05,Siliguri,West Bengal,East
CUST08690,Girik Mohan,Male,65,Retail,2024-05-30,New Delhi,Delhi,North
CUST08691,Lavanya Saxena,Male,36,Education,2026-04-17,Warangal,Telangana,South
CUST08692,Bishakha Rajagopal,Male,46,SME,2023-06-04,Indore,Madhya Pradesh,Central
CUST08693,Vansha Andra,Male,50,Government,2022-10-29,Bhopal,Madhya Pradesh,Central
CUST08694,Naksh Chaudhry,Female,26,SME,2025-09-23,Madurai,Tamil Nadu,South
CUST08695,Rehaan Dani,Male,44,Education,2025-06-16,Mumbai,Maharashtra,West
CUST08696,Gaurika Dewan,Female,48,Corporate,2022-12-11,Amritsar,Punjab,North
CUST08697,Jyoti Sekhon,Female,40,Retail,2026-01-10,Hyderabad,Telangana,South
CUST08698,Radhika Nagi,Female,27,Corporate,2026-06-09,Karimnagar,Telangana,South
CUST08699,Mugdha Sathe,Female,35,SME,2025-10-30,Kolkata,West Bengal,East
CUST08700,Wyatt Bassi,Male,22,Retail,2023-09-20,Mysuru,Karnataka,South
CUST08701,Hredhaan Oza,Female,19,Corporate,2023-09-09,Ludhiana,Punjab,North
CUST08702,Amruta Pillay,Male,40,Retail,2024-07-13,Kozhikode,Kerala,South
CUST08703,Bina Lad,Female,24,SME,2026-06-14,New Delhi,Delhi,North
CUST08704,Gagan Kant,Male,32,Corporate,2025-08-19,Siliguri,West Bengal,East
CUST08705,Jatin Korpal,Male,34,Education,2025-01-03,Coimbatore,Tamil Nadu,South
CUST08706,Lohit Borde,Female,34,Retail,2024-01-30,Bhopal,Madhya Pradesh,Central
CUST08707,Aditya Raman,Male,36,Government,2021-11-11,Karimnagar,Telangana,South
CUST08708,Veer Lanka,Male,29,Government,2025-08-21,Hyderabad,Telangana,South
CUST08709,Priya Date,Female,59,Corporate,2023-05-11,Kolkata,West Bengal,East
CUST08710,Balvan Chowdhury,Female,26,Retail,2022-06-04,Mangaluru,Karnataka,South
CUST08711,Wridesh Choudhary,Male,25,Corporate,2025-04-13,Amritsar,Punjab,North
CUST08712,Mitesh Bhat,Male,39,Retail,2024-09-22,New Delhi,Delhi,North
CUST08713,Vaishnavi Sani,Female,65,Corporate,2023-01-23,Ahmedabad,Gujarat,West
CUST08714,David Dyal,Male,32,Government,2025-11-19,Warangal,Telangana,South
CUST08715,Neha Varkey,Male,33,Corporate,2024-08-25,Mumbai,Maharashtra,West
CUST08716,Laksh Apte,Male,49,SME,2023-07-26,Ahmedabad,Gujarat,West
CUST08717,Urvashi Aurora,Male,33,Government,2021-08-16,Bhopal,Madhya Pradesh,Central
CUST08718,Lila Gopal,Female,36,Retail,2021-10-11,Kozhikode,Kerala,South
CUST08719,George Boase,Female,40,SME,2023-12-03,Thiruvananthapuram,Kerala,South
CUST08720,Urmi Chaudhari,Female,27,Government,2025-01-29,Kozhikode,Kerala,South
CUST08721,Manthan Barad,Male,30,Corporate,2022-06-09,Vadodara,Gujarat,West
CUST08722,Kala Banerjee,Female,58,SME,2023-02-23,Mangaluru,Karnataka,South
CUST08723,Anika Chada,Female,59,Corporate,2026-04-27,Coimbatore,Tamil Nadu,South
CUST08724,Chaitanya Yohannan,Male,50,SME,2022-08-21,Karimnagar,Telangana,South
CUST08725,Forum Kala,Male,35,Government,2023-06-21,Mysuru,Karnataka,South
CUST08726,Varsha Das,Female,55,Retail,2023-05-26,Ludhiana,Punjab,North
CUST08727,Sai Khare,Male,31,Education,2022-11-13,Ahmedabad,Gujarat,West
CUST08728,Krishna Mand,Male,21,Government,2025-07-06,Ludhiana,Punjab,North
CUST08729,Harshil Sabharwal,Female,36,SME,2023-12-09,Mysuru,Karnataka,South
CUST08730,Eta Sur,Male,62,Retail,2022-11-04,Ludhiana,Punjab,North
CUST08731,Jyoti De,Female,34,Retail,2025-08-31,Ludhiana,Punjab,North
CUST08732,Upadhriti Handa,Female,40,Education,2025-06-18,Bengaluru,Karnataka,South
CUST08733,Naksh Choudhry,Female,39,Education,2022-01-20,Siliguri,West Bengal,East
CUST08734,Aayush Pandey,Female,35,Government,2026-06-23,Thiruvananthapuram,Kerala,South
CUST08735,Pushti Rama,Female,18,Education,2022-06-16,New Delhi,Delhi,North
CUST08736,Ekapad Oommen,Female,42,Retail,2023-11-21,Hyderabad,Telangana,South
CUST08737,Jalsa Deep,Female,24,Corporate,2026-04-09,Pune,Maharashtra,West
CUST08738,Isaac Kade,Male,52,Retail,2025-05-15,Mangaluru,Karnataka,South
CUST08739,Pratyush Oza,Male,50,Corporate,2023-07-25,Thiruvananthapuram,Kerala,South
CUST08740,Madhav Sethi,Female,18,SME,2026-06-14,Ahmedabad,Gujarat,West
CUST08741,Aashi Reddy,Male,41,Retail,2024-11-09,Kozhikode,Kerala,South
CUST08742,Deepa Murty,Male,43,Government,2022-12-20,New Delhi,Delhi,North
CUST08743,Rishi Dora,Female,41,Corporate,2024-11-04,Surat,Gujarat,West
CUST08744,Yashawini Nori,Female,53,Retail,2023-10-23,New Delhi,Delhi,North
CUST08745,Falguni Sama,Male,45,Corporate,2022-04-19,Kozhikode,Kerala,South
CUST08746,Jagdish Mall,Male,47,SME,2023-09-07,New Delhi,Delhi,North
CUST08747,Omisha Edwin,Male,33,SME,2024-05-31,Warangal,Telangana,South
CUST08748,Chatresh Amble,Female,35,Corporate,2022-09-13,Thiruvananthapuram,Kerala,South
CUST08749,Madhavi Virk,Male,18,Corporate,2021-10-21,Indore,Madhya Pradesh,Central
CUST08750,Aadhya Mani,Male,56,SME,2025-01-05,Bhopal,Madhya Pradesh,Central
CUST08751,Dayamai Gokhale,Female,20,Government,2022-07-11,Karimnagar,Telangana,South
CUST08752,Liam Krishnan,Male,29,Government,2023-09-28,Siliguri,West Bengal,East
CUST08753,Ayush Mishra,Male,36,Retail,2026-02-25,Siliguri,West Bengal,East
CUST08754,Ekapad Sunder,Female,57,Government,2024-03-17,Chennai,Tamil Nadu,South
CUST08755,Simon Kuruvilla,Female,39,SME,2024-03-30,Amritsar,Punjab,North
CUST08756,Forum Manne,Female,47,Retail,2022-01-29,Ludhiana,Punjab,North
CUST08757,Manya Hari,Male,54,Education,2026-06-30,Nagpur,Maharashtra,West
CUST08758,Arunima Rajagopalan,Female,41,Education,2023-12-29,Ludhiana,Punjab,North
CUST08759,Damyanti Aggarwal,Female,46,Corporate,2022-01-21,Vadodara,Gujarat,West
CUST08760,Umang Butala,Male,20,Corporate,2023-02-14,Bhopal,Madhya Pradesh,Central
CUST08761,Bakhshi Sangha,Female,48,Corporate,2024-03-12,Mumbai,Maharashtra,West
CUST08762,Tara Patil,Male,51,Retail,2024-01-04,New Delhi,Delhi,North
CUST08763,Nidra Goel,Female,38,Education,2024-01-02,Mumbai,Maharashtra,West
CUST08764,Raagini Sehgal,Male,20,Education,2023-11-27,Bhopal,Madhya Pradesh,Central
CUST08765,Caleb Sridhar,Female,60,Education,2024-04-23,Hyderabad,Telangana,South
CUST08766,Sarthak Rajan,Female,54,Government,2021-11-06,Madurai,Tamil Nadu,South
CUST08767,Qarin Korpal,Female,50,Education,2024-07-21,Coimbatore,Tamil Nadu,South
CUST08768,Tanvi Borra,Female,33,SME,2022-01-23,Hyderabad,Telangana,South
CUST08769,Yutika Nazareth,Male,34,Government,2021-09-07,Chennai,Tamil Nadu,South
CUST08770,Sachi Gara,Female,46,Retail,2022-01-31,Surat,Gujarat,West
CUST08771,Owen Bhatia,Female,48,Corporate,2026-06-12,Warangal,Telangana,South
CUST08772,Orinder Borra,Male,55,Retail,2025-01-30,Kolkata,West Bengal,East
CUST08773,Bishakha Madan,Female,59,Corporate,2026-04-25,Warangal,Telangana,South
CUST08774,Theodore Lall,Male,57,Education,2025-10-23,Nagpur,Maharashtra,West
CUST08775,Sai Chaudhari,Female,24,SME,2024-08-27,Mangaluru,Karnataka,South
CUST08776,Gaurang Atwal,Female,30,Education,2023-08-16,Siliguri,West Bengal,East
CUST08777,Chakradhar Bal,Female,31,Education,2022-04-03,Kochi,Kerala,South
CUST08778,Dipta Jaggi,Male,51,SME,2023-09-18,New Delhi,Delhi,North
CUST08779,Chameli Dixit,Female,49,Retail,2025-05-20,Vadodara,Gujarat,West
CUST08780,Girish Cheema,Female,57,SME,2022-03-15,Ludhiana,Punjab,North
CUST08781,Chakradev Dhillon,Male,35,SME,2023-10-10,Nagpur,Maharashtra,West
CUST08782,Jagat Bobal,Male,65,SME,2024-09-28,Bengaluru,Karnataka,South
CUST08783,Yashawini Warrior,Female,44,Retail,2024-10-03,Mysuru,Karnataka,South
CUST08784,Krisha Patla,Male,21,Education,2023-04-27,Hyderabad,Telangana,South
CUST08785,Jai Sood,Female,56,Education,2021-08-06,Mumbai,Maharashtra,West
CUST08786,Vincent Memon,Female,51,Corporate,2024-02-10,Karimnagar,Telangana,South
CUST08787,Jagrati Dhaliwal,Female,65,SME,2023-10-22,Karimnagar,Telangana,South
CUST08788,Ladli Nadkarni,Male,65,SME,2021-07-18,Warangal,Telangana,South
CUST08789,Shaurya Atwal,Female,54,Government,2025-04-12,Nagpur,Maharashtra,West
CUST08790,Qadim Ghosh,Male,59,Government,2023-04-14,Warangal,Telangana,South
CUST08791,Reyansh Naidu,Female,44,SME,2024-05-31,Ludhiana,Punjab,North
CUST08792,Rajata Tailor,Female,50,Education,2023-02-12,Pune,Maharashtra,West
CUST08793,Chaman Bhatti,Female,22,Retail,2023-04-08,Kolkata,West Bengal,East
CUST08794,Neha Bahl,Male,40,Government,2025-05-21,Ahmedabad,Gujarat,West
CUST08795,Qushi Dalal,Female,47,Retail,2024-08-16,Mysuru,Karnataka,South
CUST08796,Omisha Saini,Male,63,Education,2025-11-08,Siliguri,West Bengal,East
CUST08797,Yagnesh Dhar,Male,48,SME,2025-06-26,Mangaluru,Karnataka,South
CUST08798,Faras Rege,Male,34,Retail,2022-01-31,Kozhikode,Kerala,South
CUST08799,Yuvraj Dash,Female,21,Retail,2022-12-14,Warangal,Telangana,South
CUST08800,Dhruv Parmer,Male,24,Education,2022-04-29,Mumbai,Maharashtra,West
CUST08801,Ayush Menon,Female,40,Corporate,2024-04-24,New Delhi,Delhi,North
CUST08802,Ekbal Chaudhary,Female,25,Corporate,2022-05-31,Ludhiana,Punjab,North
CUST08803,Alexander Kohli,Male,46,Education,2023-04-03,Amritsar,Punjab,North
CUST08804,Garima Dube,Female,18,Education,2025-02-17,Kozhikode,Kerala,South
CUST08805,Naveen Basak,Female,28,Government,2025-12-07,Mumbai,Maharashtra,West
CUST08806,Ladli Rao,Female,31,Government,2022-07-12,Indore,Madhya Pradesh,Central
CUST08807,Ronith Sathe,Female,64,Education,2021-07-21,Kolkata,West Bengal,East
CUST08808,Jairaj Vaidya,Male,28,Education,2023-12-03,Amritsar,Punjab,North
CUST08809,Ansh Gola,Female,37,Corporate,2025-04-22,Bengaluru,Karnataka,South
CUST08810,Rachita Bala,Male,54,Retail,2025-11-22,Coimbatore,Tamil Nadu,South
CUST08811,Ria Gola,Female,44,SME,2022-09-17,Vadodara,Gujarat,West
CUST08812,Neel Swaminathan,Female,44,Retail,2024-10-21,Ludhiana,Punjab,North
CUST08813,Chaitanya Bhakta,Female,50,Corporate,2024-09-29,Pune,Maharashtra,West
CUST08814,Sudiksha Ram,Male,45,Government,2022-07-15,Mangaluru,Karnataka,South
CUST08815,Isaac Madan,Male,38,SME,2025-10-09,Mysuru,Karnataka,South
CUST08816,Tanmayi Saran,Male,43,Retail,2024-08-04,Mangaluru,Karnataka,South
CUST08817,Oliver Setty,Male,62,Government,2025-01-29,Thiruvananthapuram,Kerala,South
CUST08818,Advika Bhandari,Male,26,Corporate,2024-07-07,Ludhiana,Punjab,North
CUST08819,Damini Walia,Female,42,Education,2026-06-05,Mangaluru,Karnataka,South
CUST08820,Gautami Sundaram,Female,36,Retail,2024-04-14,New Delhi,Delhi,North
CUST08821,Amrita Gandhi,Male,35,Corporate,2026-03-25,Ahmedabad,Gujarat,West
CUST08822,Falguni Dasgupta,Female,54,SME,2024-09-26,Madurai,Tamil Nadu,South
CUST08823,Pahal Deep,Male,62,Corporate,2024-05-26,Thiruvananthapuram,Kerala,South
CUST08824,Joshua Deo,Male,47,Government,2023-02-15,Siliguri,West Bengal,East
CUST08825,Wahab Buch,Male,33,Government,2021-12-24,Mysuru,Karnataka,South
CUST08826,Aashi Bakshi,Female,32,Corporate,2026-04-13,Mysuru,Karnataka,South
CUST08827,Faras Kari,Female,46,Government,2024-03-27,Chennai,Tamil Nadu,South
CUST08828,Falan Grewal,Female,40,SME,2022-04-24,Siliguri,West Bengal,East
CUST08829,Tristan Nagy,Female,25,SME,2021-08-16,Ahmedabad,Gujarat,West
CUST08830,Vedika Mangal,Female,18,SME,2024-06-22,Chennai,Tamil Nadu,South
CUST08831,Zarna Ahluwalia,Male,41,Corporate,2023-03-26,Surat,Gujarat,West
CUST08832,Farhan Nagar,Male,53,Education,2024-04-12,Bhopal,Madhya Pradesh,Central
CUST08833,Barkha Mahajan,Female,36,Retail,2024-04-07,Siliguri,West Bengal,East
CUST08834,Bakhshi Rajagopal,Female,61,Government,2023-06-22,Hyderabad,Telangana,South
CUST08835,Umang Dua,Male,38,Government,2026-02-22,Bhopal,Madhya Pradesh,Central
CUST08836,Urishilla Sant,Female,33,SME,2022-07-13,New Delhi,Delhi,North
CUST08837,Praneel Joshi,Male,42,Corporate,2024-06-07,New Delhi,Delhi,North
CUST08838,Sanaya Mitra,Female,22,SME,2025-09-05,Vadodara,Gujarat,West
CUST08839,Eesha Bal,Female,62,SME,2021-11-24,Coimbatore,Tamil Nadu,South
CUST08840,Shaurya Jaggi,Male,48,Government,2022-03-07,Madurai,Tamil Nadu,South
CUST08841,Amruta Padmanabhan,Female,31,Retail,2024-08-10,Nagpur,Maharashtra,West
CUST08842,Libni Panchal,Male,35,SME,2021-08-29,Warangal,Telangana,South
CUST08843,Samuel Dhaliwal,Male,60,Retail,2023-06-09,Vadodara,Gujarat,West
CUST08844,Samaksh Nori,Female,62,Corporate,2021-12-08,Bhopal,Madhya Pradesh,Central
CUST08845,Adya Loyal,Female,44,Retail,2023-12-27,Chennai,Tamil Nadu,South
CUST08846,Veda Savant,Female,22,SME,2024-01-05,New Delhi,Delhi,North
CUST08847,Omisha Venkataraman,Female,39,Corporate,2025-09-24,Karimnagar,Telangana,South
CUST08848,Ekantika Sidhu,Male,61,SME,2023-12-10,Hyderabad,Telangana,South
CUST08849,Kiaan Arya,Male,18,Retail,2025-07-26,Ludhiana,Punjab,North
CUST08850,Baghyawati Saini,Male,28,Government,2023-01-01,Nagpur,Maharashtra,West
CUST08851,Vanya Sanghvi,Female,20,Government,2021-09-05,Ludhiana,Punjab,North
CUST08852,Abhimanyu Khalsa,Male,46,SME,2026-01-05,Bhopal,Madhya Pradesh,Central
CUST08853,Zaitra Grover,Male,43,Government,2024-09-25,Kolkata,West Bengal,East
CUST08854,Chanchal Dara,Male,18,Retail,2022-05-26,Coimbatore,Tamil Nadu,South
CUST08855,Umang Manda,Female,50,Government,2021-11-08,Kolkata,West Bengal,East
CUST08856,Ladli Rajan,Female,59,Government,2023-12-12,Indore,Madhya Pradesh,Central
CUST08857,Gopal Natt,Male,35,Retail,2025-11-14,Mangaluru,Karnataka,South
CUST08858,Hiral Deo,Female,63,Retail,2026-02-28,Kochi,Kerala,South
CUST08859,Ekalinga Guha,Male,62,Retail,2024-11-09,Ahmedabad,Gujarat,West
CUST08860,Urvi Soni,Male,39,Government,2023-01-07,Surat,Gujarat,West
CUST08861,Ubika Pall,Male,24,Corporate,2021-08-25,New Delhi,Delhi,North
CUST08862,Ikbal Dugar,Female,62,Education,2023-01-09,Chennai,Tamil Nadu,South
CUST08863,Chandani Ravi,Female,19,Corporate,2022-02-18,Bhopal,Madhya Pradesh,Central
CUST08864,Arya Hayer,Female,45,Education,2021-10-17,Chennai,Tamil Nadu,South
CUST08865,Barkha Kala,Male,50,Retail,2025-04-01,New Delhi,Delhi,North
CUST08866,Yadavi Rattan,Female,54,Government,2024-06-04,Karimnagar,Telangana,South
CUST08867,Oeshi Ranganathan,Male,21,Education,2024-06-17,Thiruvananthapuram,Kerala,South
CUST08868,Utkarsh Chaudry,Female,55,SME,2025-09-05,Nagpur,Maharashtra,West
CUST08869,Shravya Kara,Male,42,Retail,2025-09-26,Indore,Madhya Pradesh,Central
CUST08870,Bhavna Sani,Male,33,Corporate,2023-01-26,Indore,Madhya Pradesh,Central
CUST08871,Abeer Sura,Female,65,Education,2026-02-21,Madurai,Tamil Nadu,South
CUST08872,Ishanvi Chaudhry,Female,49,Retail,2022-03-01,Surat,Gujarat,West
CUST08873,Yoshita Verma,Female,49,Government,2024-02-28,New Delhi,Delhi,North
CUST08874,Naksh Krishnamurthy,Male,36,Government,2024-07-24,Chennai,Tamil Nadu,South
CUST08875,Ethan Thakkar,Male,37,Corporate,2022-04-04,Bhopal,Madhya Pradesh,Central
CUST08876,Manya Butala,Female,59,Retail,2025-02-22,Siliguri,West Bengal,East
CUST08877,Xalak Bansal,Female,20,Government,2021-07-12,New Delhi,Delhi,North
CUST08878,Ishwar Mital,Female,30,Corporate,2021-07-23,New Delhi,Delhi,North
CUST08879,Aishani Agate,Male,48,Corporate,2023-07-29,Hyderabad,Telangana,South
CUST08880,Aadhya Sani,Female,42,SME,2023-09-18,Nagpur,Maharashtra,West
CUST08881,Daniel Memon,Female,24,Corporate,2022-05-23,Chennai,Tamil Nadu,South
CUST08882,Bachittar Chakraborty,Female,49,SME,2026-04-13,Bhopal,Madhya Pradesh,Central
CUST08883,Watika Murthy,Female,25,Government,2024-12-07,Vadodara,Gujarat,West
CUST08884,Yug Narain,Female,50,Corporate,2023-11-25,Mangaluru,Karnataka,South
CUST08885,Saanvi More,Female,20,Government,2021-12-10,Indore,Madhya Pradesh,Central
CUST08886,Robert Ravi,Female,58,SME,2024-07-06,Thiruvananthapuram,Kerala,South
CUST08887,Upma Majumdar,Female,50,Government,2026-02-24,Karimnagar,Telangana,South
CUST08888,Tristan Agrawal,Male,55,Corporate,2024-06-13,Vadodara,Gujarat,West
CUST08889,Ridhi Kari,Female,41,Education,2025-09-28,Mysuru,Karnataka,South
CUST08890,Vedant Mammen,Male,41,Government,2023-05-11,Indore,Madhya Pradesh,Central
CUST08891,Nakul Pradhan,Female,45,Corporate,2022-06-18,New Delhi,Delhi,North
CUST08892,Jack Magar,Female,52,Corporate,2021-07-16,Hyderabad,Telangana,South
CUST08893,Falguni Wadhwa,Female,39,Corporate,2023-07-21,Chennai,Tamil Nadu,South
CUST08894,Lopa Agrawal,Male,57,Government,2023-03-30,Mumbai,Maharashtra,West
CUST08895,Bhavini Lanka,Female,53,Retail,2022-07-24,Surat,Gujarat,West
CUST08896,Libni Mitter,Male,23,Education,2025-07-12,Hyderabad,Telangana,South
CUST08897,Teerth Sem,Male,44,Corporate,2022-12-07,Ludhiana,Punjab,North
CUST08898,Luke Rao,Female,19,Corporate,2023-12-22,Bhopal,Madhya Pradesh,Central
CUST08899,Patrick Pandey,Female,47,Corporate,2021-10-17,New Delhi,Delhi,North
CUST08900,Lajita Nayar,Male,35,Retail,2022-07-05,Vadodara,Gujarat,West
CUST08901,Girish Bora,Male,57,Retail,2025-11-10,Nagpur,Maharashtra,West
CUST08902,Utkarsh Jayaraman,Male,29,Corporate,2022-12-11,Mangaluru,Karnataka,South
CUST08903,Ojasvi Balakrishnan,Female,60,Education,2022-07-10,Madurai,Tamil Nadu,South
CUST08904,Libni Kata,Female,45,Education,2024-05-02,Ludhiana,Punjab,North
CUST08905,Abhiram Narula,Female,59,Corporate,2021-11-17,Pune,Maharashtra,West
CUST08906,Raagini Basu,Male,23,Retail,2026-04-12,Mangaluru,Karnataka,South
CUST08907,Upasna Kumar,Male,50,SME,2022-10-20,Mumbai,Maharashtra,West
CUST08908,Chatura Wason,Female,53,Corporate,2026-05-31,Kozhikode,Kerala,South
CUST08909,Girindra Rastogi,Male,59,Government,2023-05-17,New Delhi,Delhi,North
CUST08910,Rehaan Datta,Female,57,SME,2025-09-11,Amritsar,Punjab,North
CUST08911,Sachi Toor,Female,27,Corporate,2022-08-04,Kochi,Kerala,South
CUST08912,Zilmil Baral,Male,57,Corporate,2023-12-11,Ahmedabad,Gujarat,West
CUST08913,Yutika Mallick,Male,41,Education,2025-04-19,Warangal,Telangana,South
CUST08914,Imaran Konda,Male,47,Education,2024-02-19,Amritsar,Punjab,North
CUST08915,Amara Vyas,Female,61,SME,2024-08-19,Pune,Maharashtra,West
CUST08916,Jalsa Nigam,Male,60,Government,2026-04-22,Bengaluru,Karnataka,South
CUST08917,Abeer Jhaveri,Male,23,Retail,2026-02-26,Siliguri,West Bengal,East
CUST08918,Aryan Batta,Female,45,Retail,2025-10-19,Nagpur,Maharashtra,West
CUST08919,Pushti Yogi,Female,30,Government,2024-12-10,Kozhikode,Kerala,South
CUST08920,Dalaja Rajan,Female,63,Government,2022-01-20,Kozhikode,Kerala,South
CUST08921,Naveen Mitra,Male,19,SME,2026-06-04,Amritsar,Punjab,North
CUST08922,Saanvi Bains,Male,41,Government,2023-04-21,Amritsar,Punjab,North
CUST08923,Balendra De,Female,48,Retail,2026-03-04,Bhopal,Madhya Pradesh,Central
CUST08924,Kashvi Wali,Male,51,SME,2022-08-26,New Delhi,Delhi,North
CUST08925,Irya Bera,Male,27,SME,2026-01-06,Kochi,Kerala,South
CUST08926,Urmi Agarwal,Male,44,Education,2023-01-26,Pune,Maharashtra,West
CUST08927,Sai Dash,Female,65,Education,2022-09-16,Bhopal,Madhya Pradesh,Central
CUST08928,Gautami Kibe,Female,31,Education,2022-12-29,Ludhiana,Punjab,North
CUST08929,Chakrika Arora,Female,57,SME,2026-01-31,Chennai,Tamil Nadu,South
CUST08930,Omya Kumer,Male,63,Retail,2025-06-18,Vadodara,Gujarat,West
CUST08931,Faraj Lanka,Female,65,Education,2024-09-29,Madurai,Tamil Nadu,South
CUST08932,Indrajit Iyengar,Female,58,Retail,2025-11-21,Hyderabad,Telangana,South
CUST08933,Mason Chatterjee,Female,47,Corporate,2025-10-16,Madurai,Tamil Nadu,South
CUST08934,Kalpit Swamy,Female,26,Education,2022-04-07,Amritsar,Punjab,North
CUST08935,Tanveer Merchant,Female,40,SME,2025-02-13,Kozhikode,Kerala,South
CUST08936,Suhani Mittal,Female,54,Retail,2025-09-06,Bhopal,Madhya Pradesh,Central
CUST08937,Wazir Sharma,Male,19,Retail,2021-12-12,Ludhiana,Punjab,North
CUST08938,Jasmit Lall,Male,19,Retail,2026-02-09,Kolkata,West Bengal,East
CUST08939,Ishita Memon,Female,60,Education,2023-03-17,Mumbai,Maharashtra,West
CUST08940,Indrajit Rout,Female,29,SME,2022-02-22,Indore,Madhya Pradesh,Central
CUST08941,Qadim Koshy,Female,38,Government,2022-04-13,Coimbatore,Tamil Nadu,South
CUST08942,Dipta Mital,Female,55,Retail,2023-04-04,Ahmedabad,Gujarat,West
CUST08943,Qasim Tandon,Female,24,Retail,2021-09-20,Bhopal,Madhya Pradesh,Central
CUST08944,Jatin Khanna,Male,63,SME,2022-10-18,Kolkata,West Bengal,East
CUST08945,Samaksh Bhardwaj,Female,29,SME,2022-01-03,Vadodara,Gujarat,West
CUST08946,Jeremiah Oommen,Male,48,SME,2023-02-10,Karimnagar,Telangana,South
CUST08947,Odika Dave,Female,40,Corporate,2023-10-15,Bhopal,Madhya Pradesh,Central
CUST08948,Zaitra Minhas,Male,20,SME,2022-02-26,Bhopal,Madhya Pradesh,Central
CUST08949,Indrajit Memon,Male,55,Education,2023-05-02,Coimbatore,Tamil Nadu,South
CUST08950,Ridhi Basu,Female,22,Corporate,2025-04-25,Karimnagar,Telangana,South
CUST08951,Bishakha Chada,Male,33,SME,2026-01-28,Thiruvananthapuram,Kerala,South
CUST08952,David Sridhar,Female,41,Education,2024-04-24,Thiruvananthapuram,Kerala,South
CUST08953,Niharika Bera,Female,31,SME,2023-04-26,Amritsar,Punjab,North
CUST08954,Neel Chawla,Female,52,Education,2024-04-17,Warangal,Telangana,South
CUST08955,Hemang Kamdar,Male,60,Retail,2024-12-07,Ahmedabad,Gujarat,West
CUST08956,Jai Garde,Female,56,Retail,2022-08-26,Mysuru,Karnataka,South
CUST08957,Teerth Saraf,Female,48,Retail,2021-11-15,Mumbai,Maharashtra,West
CUST08958,Jagdish Batra,Male,44,Retail,2024-02-29,Karimnagar,Telangana,South
CUST08959,Pallavi Goda,Female,34,Education,2023-03-07,Indore,Madhya Pradesh,Central
CUST08960,Nimrat Bajaj,Female,60,SME,2023-04-04,New Delhi,Delhi,North
CUST08961,Aditya Kohli,Male,47,Retail,2022-10-31,Ludhiana,Punjab,North
CUST08962,Mitali Verma,Male,41,Education,2024-03-07,Warangal,Telangana,South
CUST08963,Jagrati Jha,Male,31,Corporate,2024-02-28,New Delhi,Delhi,North
CUST08964,Upma Dara,Female,54,SME,2023-06-20,Ahmedabad,Gujarat,West
CUST08965,Naksh Ben,Female,52,Education,2023-10-20,Warangal,Telangana,South
CUST08966,Ridhi Mangal,Male,38,Retail,2021-07-17,New Delhi,Delhi,North
CUST08967,Jacob Subramanian,Male,60,Education,2022-10-26,Ludhiana,Punjab,North
CUST08968,Vasatika Magar,Male,59,Government,2023-10-14,Karimnagar,Telangana,South
CUST08969,Ishaan Kumer,Female,35,Education,2022-06-08,Pune,Maharashtra,West
CUST08970,Yashvi Dass,Female,23,SME,2024-04-23,Chennai,Tamil Nadu,South
CUST08971,Yochana Kata,Female,60,Corporate,2025-10-26,Indore,Madhya Pradesh,Central
CUST08972,Vrishti Iyer,Female,29,Education,2023-10-09,Madurai,Tamil Nadu,South
CUST08973,Matthew Rau,Female,34,Corporate,2025-05-31,Surat,Gujarat,West
CUST08974,Henry Karnik,Female,22,Government,2022-07-31,Indore,Madhya Pradesh,Central
CUST08975,Hiral Jani,Female,31,Retail,2022-06-15,Surat,Gujarat,West
CUST08976,Charles Amble,Female,30,Education,2025-07-17,Mangaluru,Karnataka,South
CUST08977,Aarav Butala,Male,21,SME,2024-05-15,Karimnagar,Telangana,South
CUST08978,Yagnesh Mann,Female,21,Education,2026-03-26,Coimbatore,Tamil Nadu,South
CUST08979,Anay Samra,Male,37,Government,2023-08-10,Siliguri,West Bengal,East
CUST08980,Widisha Khare,Male,65,SME,2026-01-29,Chennai,Tamil Nadu,South
CUST08981,Advaith Karpe,Female,65,Corporate,2025-09-28,Kozhikode,Kerala,South
CUST08982,Arin Iyengar,Female,28,Education,2024-01-08,Bhopal,Madhya Pradesh,Central
CUST08983,Finn Sastry,Female,55,Government,2025-09-17,Karimnagar,Telangana,South
CUST08984,Hemani Yohannan,Female,48,Retail,2024-09-15,New Delhi,Delhi,North
CUST08985,Naksh Oak,Female,51,Government,2025-04-28,Surat,Gujarat,West
CUST08986,Timothy Rau,Female,23,Corporate,2023-07-12,Indore,Madhya Pradesh,Central
CUST08987,Bhavna Gaba,Male,38,SME,2023-04-26,Bhopal,Madhya Pradesh,Central
CUST08988,Vidhi Dubey,Female,18,Retail,2026-05-26,Kolkata,West Bengal,East
CUST08989,Andrew Raman,Male,31,Retail,2025-03-03,Karimnagar,Telangana,South
CUST08990,Rohan Pandya,Female,50,Government,2026-03-13,Kochi,Kerala,South
CUST08991,Waida Barman,Female,44,Retail,2021-08-26,Thiruvananthapuram,Kerala,South
CUST08992,Xalak Sachdev,Male,45,Government,2022-07-13,Hyderabad,Telangana,South
CUST08993,Rachana Mall,Male,41,Education,2025-03-20,Siliguri,West Bengal,East
CUST08994,Chandran Chadha,Male,65,Government,2023-03-06,Ludhiana,Punjab,North
CUST08995,Gautam Tandon,Female,29,SME,2023-05-08,Madurai,Tamil Nadu,South
CUST08996,Shaurya Cherian,Female,44,Retail,2023-04-05,Madurai,Tamil Nadu,South
CUST08997,Turvi Sachar,Female,39,Government,2025-03-01,Amritsar,Punjab,North
CUST08998,Noah Cheema,Male,32,SME,2023-10-16,Indore,Madhya Pradesh,Central
CUST08999,Zayan Ahluwalia,Female,53,Education,2025-12-29,Ahmedabad,Gujarat,West
CUST09000,Ekansh Patla,Male,18,Corporate,2025-08-19,Mysuru,Karnataka,South
CUST09001,Deepa Dayal,Male,56,Corporate,2026-02-07,Karimnagar,Telangana,South
CUST09002,Yutika Dugar,Male,52,Education,2021-07-27,Thiruvananthapuram,Kerala,South
CUST09003,Veer Sen,Male,41,Corporate,2023-07-25,Siliguri,West Bengal,East
CUST09004,Guneet Dada,Female,37,Education,2023-12-15,Vadodara,Gujarat,West
CUST09005,Aarna Gulati,Female,65,Education,2024-07-31,Warangal,Telangana,South
CUST09006,Triya Chakraborty,Female,61,SME,2026-01-14,Pune,Maharashtra,West
CUST09007,Qabil Mutti,Female,61,Corporate,2022-12-25,Ahmedabad,Gujarat,West
CUST09008,Daniel Ghose,Male,18,Retail,2021-09-22,Kolkata,West Bengal,East
CUST09009,Thomas Behl,Male,51,Government,2022-03-31,Siliguri,West Bengal,East
CUST09010,Upasna Malhotra,Female,38,Education,2025-12-16,Mangaluru,Karnataka,South
CUST09011,Eesha Seth,Male,65,SME,2023-10-15,Pune,Maharashtra,West
CUST09012,Wishi Gopal,Male,38,Government,2026-06-05,Kolkata,West Bengal,East
CUST09013,Lavanya Basu,Male,53,Government,2022-06-11,Bengaluru,Karnataka,South
CUST09014,Wriddhish Nagarajan,Female,34,SME,2023-08-13,New Delhi,Delhi,North
CUST09015,Dev Sampath,Male,55,Corporate,2023-12-03,Amritsar,Punjab,North
CUST09016,Jyoti Sani,Female,30,Education,2024-02-20,Amritsar,Punjab,North
CUST09017,Bina Brar,Female,33,Corporate,2026-03-14,Pune,Maharashtra,West
CUST09018,Tanveer Ravel,Female,46,SME,2025-08-02,Thiruvananthapuram,Kerala,South
CUST09019,Omya Karpe,Male,30,Education,2026-01-22,Bhopal,Madhya Pradesh,Central
CUST09020,Kamala Wali,Male,62,Education,2024-05-25,Indore,Madhya Pradesh,Central
CUST09021,Yashvi De,Male,57,Retail,2024-08-22,Karimnagar,Telangana,South
CUST09022,Omisha Bawa,Male,31,Education,2026-01-19,Ahmedabad,Gujarat,West
CUST09023,Matthew Seth,Female,33,SME,2024-12-28,Mumbai,Maharashtra,West
CUST09024,Yashodhara Borah,Female,28,Retail,2023-02-23,Ahmedabad,Gujarat,West
CUST09025,Raksha Raja,Male,38,Retail,2023-07-05,Bhopal,Madhya Pradesh,Central
CUST09026,Panini Nadkarni,Male,44,Retail,2023-02-13,Pune,Maharashtra,West
CUST09027,Jagrati Palla,Female,28,Government,2026-05-31,Bhopal,Madhya Pradesh,Central
CUST09028,Bhavna Iyengar,Female,55,Education,2025-12-31,Coimbatore,Tamil Nadu,South
CUST09029,Ishita Mutti,Female,42,Retail,2022-11-13,Ludhiana,Punjab,North
CUST09030,Wahab Shere,Male,56,Government,2025-02-13,Bhopal,Madhya Pradesh,Central
CUST09031,Sathvik Sodhi,Female,49,Corporate,2021-11-02,Coimbatore,Tamil Nadu,South
CUST09032,Deepa Rege,Female,31,Government,2023-12-05,New Delhi,Delhi,North
CUST09033,Avni Acharya,Female,37,Government,2025-12-25,Amritsar,Punjab,North
CUST09034,Jonathan Dua,Female,46,Retail,2023-03-03,Bhopal,Madhya Pradesh,Central
CUST09035,Chandresh Atwal,Female,34,SME,2024-10-13,Kochi,Kerala,South
CUST09036,Arjun Grover,Male,45,Corporate,2022-12-15,Bhopal,Madhya Pradesh,Central
CUST09037,Sneha Parmar,Male,39,Education,2026-05-22,Bhopal,Madhya Pradesh,Central
CUST09038,Peter Kata,Female,48,SME,2026-03-06,Pune,Maharashtra,West
CUST09039,Faris Ahluwalia,Male,23,Corporate,2023-04-13,Thiruvananthapuram,Kerala,South
CUST09040,Aishani Bhatti,Female,50,Education,2026-04-30,Kozhikode,Kerala,South
CUST09041,Jacob Pant,Female,22,Government,2021-07-27,Amritsar,Punjab,North
CUST09042,Max Rout,Female,39,SME,2024-08-30,Madurai,Tamil Nadu,South
CUST09043,Osha Sharma,Male,64,Corporate,2024-07-05,Ludhiana,Punjab,North
CUST09044,Urvashi Kale,Male,21,SME,2021-07-08,Indore,Madhya Pradesh,Central
CUST09045,Yagnesh Narasimhan,Female,36,SME,2023-08-05,Indore,Madhya Pradesh,Central
CUST09046,Qabil Chaudhuri,Male,42,SME,2025-07-08,Coimbatore,Tamil Nadu,South
CUST09047,Anusha Viswanathan,Female,20,SME,2022-11-13,Siliguri,West Bengal,East
CUST09048,Ansh Puri,Male,35,SME,2021-08-24,Indore,Madhya Pradesh,Central
CUST09049,Triya Memon,Female,26,Education,2022-06-30,Warangal,Telangana,South
CUST09050,Aachal Ratti,Male,57,Corporate,2022-05-20,Chennai,Tamil Nadu,South
CUST09051,Quincy Bhatnagar,Female,39,Corporate,2026-06-24,Kochi,Kerala,South
CUST09052,Vasatika Arora,Male,63,SME,2023-01-28,Thiruvananthapuram,Kerala,South
CUST09053,Sanaya Shetty,Female,55,Government,2023-10-17,Bhopal,Madhya Pradesh,Central
CUST09054,Ethan Pandey,Female,28,Government,2024-01-26,Mangaluru,Karnataka,South
CUST09055,Varenya Oza,Male,56,Education,2024-01-21,Karimnagar,Telangana,South
CUST09056,Adweta Kannan,Female,53,Education,2021-07-28,Mangaluru,Karnataka,South
CUST09057,Ryan Batta,Female,50,Government,2023-12-24,Vadodara,Gujarat,West
CUST09058,Niharika Kannan,Female,30,Education,2024-03-04,Karimnagar,Telangana,South
CUST09059,Riya Choudhry,Male,55,Education,2025-02-26,New Delhi,Delhi,North
CUST09060,Isha Deol,Male,45,Education,2021-09-01,Ludhiana,Punjab,North
CUST09061,Dev Ahuja,Female,60,Government,2023-07-02,New Delhi,Delhi,North
CUST09062,Indali Ahluwalia,Female,18,Retail,2024-08-22,Amritsar,Punjab,North
CUST09063,Varenya Brahmbhatt,Female,60,Retail,2024-12-21,Pune,Maharashtra,West
CUST09064,Baljiwan Lal,Female,28,Government,2025-08-19,Ludhiana,Punjab,North
CUST09065,Tarak Sandal,Male,19,Education,2021-12-12,Mangaluru,Karnataka,South
CUST09066,Pooja Narayanan,Male,62,Corporate,2024-02-01,Indore,Madhya Pradesh,Central
CUST09067,Abhimanyu Shenoy,Male,46,Government,2024-11-30,New Delhi,Delhi,North
CUST09068,Inaya Andra,Female,42,Corporate,2023-11-30,Warangal,Telangana,South
CUST09069,Fitan Hayer,Female,60,Retail,2024-07-05,Mysuru,Karnataka,South
CUST09070,Aarush Karpe,Female,25,Retail,2023-08-19,Surat,Gujarat,West
CUST09071,Hamsini Kota,Female,31,Government,2026-04-17,Amritsar,Punjab,North
CUST09072,Chaaya Buch,Male,35,SME,2024-04-28,Siliguri,West Bengal,East
CUST09073,Hitesh Bawa,Female,60,Retail,2024-10-25,Kolkata,West Bengal,East
CUST09074,Daniel Bahri,Male,49,SME,2022-10-24,Siliguri,West Bengal,East
CUST09075,Pallavi Sachdev,Male,41,Corporate,2023-07-29,Ahmedabad,Gujarat,West
CUST09076,Ekavir Devi,Female,27,Education,2024-11-05,New Delhi,Delhi,North
CUST09077,Bachittar Gulati,Female,20,Education,2024-12-10,Kolkata,West Bengal,East
CUST09078,Yamini Manne,Male,30,Retail,2023-10-04,Mysuru,Karnataka,South
CUST09079,Veda Deo,Female,29,Retail,2022-07-16,New Delhi,Delhi,North
CUST09080,Neel Parikh,Male,38,Education,2025-07-19,Karimnagar,Telangana,South
CUST09081,Isaiah Verma,Female,19,Corporate,2026-06-19,Kolkata,West Bengal,East
CUST09082,Vasudha Pillay,Male,46,Government,2026-02-05,Amritsar,Punjab,North
CUST09083,Mason Sridhar,Male,36,Government,2026-04-13,Kolkata,West Bengal,East
CUST09084,Pranit Prasad,Male,32,Education,2024-05-25,Warangal,Telangana,South
CUST09085,Chatura Kala,Male,18,Education,2021-08-14,Coimbatore,Tamil Nadu,South
CUST09086,Rachita Mitter,Male,51,SME,2023-12-16,Kozhikode,Kerala,South
CUST09087,Charan Nadig,Male,44,Government,2024-10-26,Kolkata,West Bengal,East
CUST09088,Warda Savant,Male,45,Government,2022-09-19,Nagpur,Maharashtra,West
CUST09089,Viraj Bandi,Female,28,Corporate,2022-01-20,Coimbatore,Tamil Nadu,South
CUST09090,Wakeeta Mann,Female,39,Education,2022-05-06,Siliguri,West Bengal,East
CUST09091,Leena Deol,Female,48,SME,2021-07-18,Mysuru,Karnataka,South
CUST09092,Yachana Iyer,Female,46,Corporate,2026-01-03,Vadodara,Gujarat,West
CUST09093,Chandran Loyal,Male,18,SME,2023-01-20,Surat,Gujarat,West
CUST09094,Ikshita De,Male,40,Retail,2023-06-23,Amritsar,Punjab,North
CUST09095,Anvi Patla,Male,39,Government,2024-09-13,Mumbai,Maharashtra,West
CUST09096,Manthan Pall,Male,58,Government,2024-05-12,Indore,Madhya Pradesh,Central
CUST09097,Frado Mohanty,Female,27,Corporate,2024-11-27,Surat,Gujarat,West
CUST09098,Madhavi Swaminathan,Female,41,Education,2024-09-04,Surat,Gujarat,West
CUST09099,Matthew Bumb,Male,27,SME,2024-08-26,Hyderabad,Telangana,South
CUST09100,Pushti Nori,Female,23,SME,2024-11-27,Chennai,Tamil Nadu,South
CUST09101,Radhika Patel,Female,55,Corporate,2022-05-06,Mysuru,Karnataka,South
CUST09102,Triveni Sheth,Female,18,Government,2025-12-23,Coimbatore,Tamil Nadu,South
CUST09103,Advika Grover,Male,23,SME,2024-07-10,Coimbatore,Tamil Nadu,South
CUST09104,Frado Jain,Female,45,Retail,2024-02-29,Vadodara,Gujarat,West
CUST09105,Lekha Balan,Female,19,SME,2024-05-26,Kozhikode,Kerala,South
CUST09106,Nitara Pal,Male,20,Retail,2026-02-11,Amritsar,Punjab,North
CUST09107,Ryan Din,Female,20,Government,2022-01-08,Pune,Maharashtra,West
CUST09108,Upasna Krishnan,Male,58,Education,2025-01-10,Indore,Madhya Pradesh,Central
CUST09109,Warda Dua,Male,59,Education,2023-12-03,Mysuru,Karnataka,South
CUST09110,Anvi Merchant,Female,57,Corporate,2024-01-22,Nagpur,Maharashtra,West
CUST09111,Harini Randhawa,Female,65,Government,2023-03-04,Surat,Gujarat,West
CUST09112,Baljiwan Pillai,Male,59,Education,2024-03-17,Mangaluru,Karnataka,South
CUST09113,Zansi Ramanathan,Male,43,SME,2021-08-12,Kozhikode,Kerala,South
CUST09114,Vedika Banerjee,Male,37,SME,2022-02-20,Ludhiana,Punjab,North
CUST09115,Gabriel Sethi,Male,49,Retail,2024-03-18,Vadodara,Gujarat,West
CUST09116,Agastya Agarwal,Male,40,Retail,2025-03-24,Kolkata,West Bengal,East
CUST09117,Nathaniel Nadig,Male,34,SME,2023-11-22,Nagpur,Maharashtra,West
CUST09118,Quincy Jain,Female,62,Corporate,2022-02-04,Bhopal,Madhya Pradesh,Central
CUST09119,Ekbal Bhagat,Male,64,Retail,2021-07-02,Indore,Madhya Pradesh,Central
CUST09120,Noah Tata,Male,55,Government,2022-05-25,Pune,Maharashtra,West
CUST09121,Wakeeta Tank,Female,49,Corporate,2025-07-09,Mysuru,Karnataka,South
CUST09122,Warhi Bumb,Female,18,Government,2024-08-07,Ahmedabad,Gujarat,West
CUST09123,Bahadurjit Kibe,Female,21,Government,2024-04-29,New Delhi,Delhi,North
CUST09124,Vasatika Goyal,Male,22,Education,2023-04-13,Bhopal,Madhya Pradesh,Central
CUST09125,Shivansh Mistry,Male,43,Education,2022-02-12,Mangaluru,Karnataka,South
CUST09126,Forum Vohra,Male,19,Corporate,2025-12-01,Kolkata,West Bengal,East
CUST09127,Manthan Raghavan,Female,56,Retail,2024-05-30,Siliguri,West Bengal,East
CUST09128,Laban Tata,Male,41,Retail,2024-09-17,Karimnagar,Telangana,South
CUST09129,Charvi Ben,Female,38,SME,2026-06-20,Coimbatore,Tamil Nadu,South
CUST09130,Robert Vora,Male,41,Education,2025-04-20,New Delhi,Delhi,North
CUST09131,Unnati Natarajan,Male,40,Corporate,2025-01-22,Kochi,Kerala,South
CUST09132,Caleb Agarwal,Male,46,Education,2022-03-24,New Delhi,Delhi,North
CUST09133,Vasudha Agrawal,Female,29,Corporate,2021-07-27,Bhopal,Madhya Pradesh,Central
CUST09134,Fiyaz Ravel,Female,65,Government,2025-06-19,Bhopal,Madhya Pradesh,Central
CUST09135,Ati Kaur,Female,41,Retail,2025-04-07,Pune,Maharashtra,West
CUST09136,Aishani Gala,Female,25,Education,2022-09-10,Kolkata,West Bengal,East
CUST09137,Krishna Deep,Male,23,SME,2025-02-06,Kozhikode,Kerala,South
CUST09138,Alexander Guha,Female,20,SME,2023-08-17,Ludhiana,Punjab,North
CUST09139,Tarak Raja,Male,34,SME,2023-01-02,Warangal,Telangana,South
CUST09140,Gabriel Bhargava,Female,39,Retail,2025-11-25,Ludhiana,Punjab,North
CUST09141,Krishna Chakrabarti,Male,41,Corporate,2022-02-10,Pune,Maharashtra,West
CUST09142,Vincent Panchal,Female,40,Government,2026-04-29,New Delhi,Delhi,North
CUST09143,Ekaraj Kota,Female,65,Government,2023-05-01,Karimnagar,Telangana,South
CUST09144,Gunbir Tripathi,Female,34,Retail,2021-08-17,Nagpur,Maharashtra,West
CUST09145,Dalaja Loyal,Male,64,Education,2025-04-22,Indore,Madhya Pradesh,Central
CUST09146,Nathaniel Manne,Female,56,Government,2026-03-09,Kolkata,West Bengal,East
CUST09147,Urvi Warrior,Male,19,Government,2025-01-14,Amritsar,Punjab,North
CUST09148,Ryan Mander,Male,46,Corporate,2022-10-19,Kozhikode,Kerala,South
CUST09149,Lakshit Choudhary,Female,65,Corporate,2021-07-24,Bhopal,Madhya Pradesh,Central
CUST09150,Abdul Prabhu,Female,60,Education,2022-05-09,Mumbai,Maharashtra,West
CUST09151,Bahadurjit Yohannan,Female,36,Retail,2025-02-14,Mangaluru,Karnataka,South
CUST09152,Chameli Chakraborty,Female,35,Retail,2025-06-11,Pune,Maharashtra,West
CUST09153,Mitesh Ranganathan,Male,30,SME,2024-11-27,Warangal,Telangana,South
CUST09154,Yashodhara Datta,Male,38,SME,2021-10-21,Thiruvananthapuram,Kerala,South
CUST09155,Mohini Naik,Male,53,Corporate,2021-12-23,Surat,Gujarat,West
CUST09156,Patrick Mangat,Male,23,Corporate,2025-02-14,Warangal,Telangana,South
CUST09157,Tarak Baria,Male,62,SME,2024-07-12,Siliguri,West Bengal,East
CUST09158,Yash Memon,Male,54,SME,2021-10-17,Ahmedabad,Gujarat,West
CUST09159,Ekantika Bahl,Female,27,Education,2026-03-28,Mumbai,Maharashtra,West
CUST09160,Veda Varty,Female,43,Government,2025-09-11,Ahmedabad,Gujarat,West
CUST09161,Oeshi Sagar,Female,59,Government,2025-01-09,Kolkata,West Bengal,East
CUST09162,Baljiwan Saxena,Male,46,Corporate,2024-04-30,Karimnagar,Telangana,South
CUST09163,Vihaan Natt,Male,43,Corporate,2024-11-10,Ludhiana,Punjab,North
CUST09164,Sudiksha Chana,Male,62,Corporate,2024-10-25,Thiruvananthapuram,Kerala,South
CUST09165,Reva Verma,Female,51,Retail,2023-08-28,Indore,Madhya Pradesh,Central
CUST09166,Jasmit Mitra,Female,48,Corporate,2022-06-03,Kochi,Kerala,South
CUST09167,Hemangini Dave,Male,27,Education,2024-09-18,Ludhiana,Punjab,North
CUST09168,Abdul Narayan,Female,64,Education,2023-01-21,Warangal,Telangana,South
CUST09169,Upasna Gala,Female,57,SME,2025-09-21,Amritsar,Punjab,North
CUST09170,Vedant Bansal,Female,42,Government,2025-11-26,Kolkata,West Bengal,East
CUST09171,Rajata Jain,Female,55,Corporate,2023-07-31,Amritsar,Punjab,North
CUST09172,Abhimanyu Sangha,Female,56,Government,2023-03-18,Bhopal,Madhya Pradesh,Central
CUST09173,Yochana Mukherjee,Male,44,Education,2024-01-25,Kochi,Kerala,South
CUST09174,Yochana Bahri,Female,28,Education,2025-07-08,Vadodara,Gujarat,West
CUST09175,Bimala Chakrabarti,Male,61,SME,2021-10-23,New Delhi,Delhi,North
CUST09176,Saumya Nagy,Female,46,Government,2024-06-09,Thiruvananthapuram,Kerala,South
CUST09177,Avni Narayan,Male,30,Retail,2024-12-04,Kochi,Kerala,South
CUST09178,Balveer Sule,Male,24,Education,2024-10-09,New Delhi,Delhi,North
CUST09179,Siya Khatri,Female,33,SME,2021-07-01,Ludhiana,Punjab,North
CUST09180,Kiaan Nath,Male,30,Corporate,2023-05-23,Bengaluru,Karnataka,South
CUST09181,Dipta Sagar,Female,60,Retail,2025-11-03,Madurai,Tamil Nadu,South
CUST09182,Wishi Rastogi,Male,43,Education,2025-03-20,Kolkata,West Bengal,East
CUST09183,Gaurika Shroff,Male,28,Corporate,2026-03-17,Nagpur,Maharashtra,West
CUST09184,Warjas Apte,Male,25,Government,2024-01-01,New Delhi,Delhi,North
CUST09185,Tejas Shroff,Female,30,Retail,2026-03-06,Kozhikode,Kerala,South
CUST09186,Gayathri Dasgupta,Female,60,Corporate,2023-09-28,Coimbatore,Tamil Nadu,South
CUST09187,Jackson Bala,Male,41,Education,2025-05-16,Bhopal,Madhya Pradesh,Central
CUST09188,Nitesh Kumar,Male,38,Government,2026-05-29,Thiruvananthapuram,Kerala,South
CUST09189,Amara Ganesan,Female,45,Retail,2024-01-27,Chennai,Tamil Nadu,South
CUST09190,Ishwar Khurana,Male,33,Education,2026-05-22,Siliguri,West Bengal,East
CUST09191,Samar Buch,Female,43,Retail,2024-09-18,Ahmedabad,Gujarat,West
CUST09192,Lekha Tank,Male,27,SME,2023-06-19,Warangal,Telangana,South
CUST09193,Chaman Nadig,Male,39,Retail,2022-02-25,Ludhiana,Punjab,North
CUST09194,Anjali Saxena,Female,59,Retail,2022-11-24,Kolkata,West Bengal,East
CUST09195,Daniel Kota,Male,44,Corporate,2022-03-25,Thiruvananthapuram,Kerala,South
CUST09196,Mahika Rattan,Female,20,Retail,2022-11-16,Chennai,Tamil Nadu,South
CUST09197,Leela Garde,Female,59,Retail,2022-08-27,Surat,Gujarat,West
CUST09198,Vasana Srivastava,Male,20,Government,2023-09-12,New Delhi,Delhi,North
CUST09199,Oviya Chowdhury,Female,29,Education,2022-04-06,Bhopal,Madhya Pradesh,Central
CUST09200,Max Mannan,Female,41,Retail,2023-04-17,Siliguri,West Bengal,East
CUST09201,Pooja Sinha,Female,53,Retail,2023-11-05,Kolkata,West Bengal,East
CUST09202,Eiravati Palan,Male,36,Retail,2021-08-31,New Delhi,Delhi,North
CUST09203,Yashica Kamdar,Female,30,Retail,2024-12-19,Ludhiana,Punjab,North
CUST09204,Teerth Arora,Male,35,Corporate,2024-09-25,Siliguri,West Bengal,East
CUST09205,Jacob Patla,Male,57,Retail,2026-06-18,Indore,Madhya Pradesh,Central
CUST09206,Sarthak Ratta,Male,21,SME,2022-02-02,Indore,Madhya Pradesh,Central
CUST09207,Champak Sur,Female,20,Education,2025-01-29,New Delhi,Delhi,North
CUST09208,Neel Vasa,Male,59,SME,2023-08-01,Mangaluru,Karnataka,South
CUST09209,Kritika Banerjee,Female,59,Education,2026-06-26,Amritsar,Punjab,North
CUST09210,Mugdha Mistry,Male,32,Corporate,2023-01-18,Indore,Madhya Pradesh,Central
CUST09211,Logan Kannan,Male,39,Corporate,2024-12-02,Ludhiana,Punjab,North
CUST09212,Isaiah Ghose,Male,29,Corporate,2021-08-09,Karimnagar,Telangana,South
CUST09213,Yash Patil,Male,38,SME,2024-09-12,Bhopal,Madhya Pradesh,Central
CUST09214,Nihal Suresh,Female,55,Corporate,2025-07-12,Bengaluru,Karnataka,South
CUST09215,Dayita Gola,Female,41,SME,2024-04-17,Siliguri,West Bengal,East
CUST09216,Aadhya Wali,Male,50,Government,2025-11-07,Kozhikode,Kerala,South
CUST09217,Rayaan Chaudry,Female,56,SME,2023-07-21,New Delhi,Delhi,North
CUST09218,Fitan Gopal,Male,48,Government,2025-12-03,Ludhiana,Punjab,North
CUST09219,Yash Sarma,Female,45,Corporate,2024-01-22,Karimnagar,Telangana,South
CUST09220,Urishilla Warrior,Male,48,SME,2023-08-03,New Delhi,Delhi,North
CUST09221,Owen Babu,Female,59,Retail,2022-07-12,Vadodara,Gujarat,West
CUST09222,Rajeshri Luthra,Male,52,Education,2023-06-16,Pune,Maharashtra,West
CUST09223,Varsha Dara,Male,65,Education,2023-11-27,Ahmedabad,Gujarat,West
CUST09224,Vasudha Sachdev,Male,64,Corporate,2024-09-16,Ludhiana,Punjab,North
CUST09225,Bhanumati Gupta,Male,24,Retail,2025-01-18,Coimbatore,Tamil Nadu,South
CUST09226,Baghyawati Golla,Male,36,Corporate,2023-07-22,Thiruvananthapuram,Kerala,South
CUST09227,Charan Balasubramanian,Male,41,Education,2024-06-17,Kochi,Kerala,South
CUST09228,Ria Deep,Female,19,Retail,2023-07-04,Bhopal,Madhya Pradesh,Central
CUST09229,Chakrika Baria,Female,43,Retail,2026-03-17,Bengaluru,Karnataka,South
CUST09230,Kamala Balakrishnan,Male,31,SME,2023-07-23,Madurai,Tamil Nadu,South
CUST09231,Ishani Kale,Female,28,Corporate,2022-03-31,Hyderabad,Telangana,South
CUST09232,Waida Khurana,Male,22,Education,2022-10-22,New Delhi,Delhi,North
CUST09233,Quincy Pillay,Female,43,Corporate,2024-12-25,Mumbai,Maharashtra,West
CUST09234,Nathan Kala,Female,24,SME,2022-01-06,Kochi,Kerala,South
CUST09235,Divya Sani,Male,30,Retail,2023-04-27,Mangaluru,Karnataka,South
CUST09236,Vrishti Mutti,Female,23,Education,2021-10-09,Bengaluru,Karnataka,South
CUST09237,Chandresh Ganesh,Female,38,Education,2023-02-01,Madurai,Tamil Nadu,South
CUST09238,Pavani Dasgupta,Female,25,Government,2024-10-09,Mumbai,Maharashtra,West
CUST09239,Yashvi Lalla,Male,53,Retail,2024-10-26,Bhopal,Madhya Pradesh,Central
CUST09240,Yashodhara Garg,Male,39,Education,2025-08-17,Indore,Madhya Pradesh,Central
CUST09241,Qasim Dutt,Female,28,Education,2022-05-30,Ludhiana,Punjab,North
CUST09242,Manan Sheth,Female,23,Education,2025-12-14,Thiruvananthapuram,Kerala,South
CUST09243,Anusha Balakrishnan,Female,29,SME,2024-09-09,New Delhi,Delhi,North
CUST09244,David Mander,Male,27,Corporate,2024-09-28,Chennai,Tamil Nadu,South
CUST09245,Robert Karpe,Female,24,Retail,2023-06-28,Siliguri,West Bengal,East
CUST09246,Oliver Bhalla,Female,65,Education,2025-06-05,New Delhi,Delhi,North
CUST09247,Damini Balan,Female,55,Corporate,2026-04-08,Bengaluru,Karnataka,South
CUST09248,Bahadurjit Sachdev,Female,46,Education,2023-05-11,Thiruvananthapuram,Kerala,South
CUST09249,Jairaj Koshy,Female,55,Retail,2024-12-10,Mumbai,Maharashtra,West
CUST09250,Amol Narang,Male,49,SME,2022-06-18,Surat,Gujarat,West
CUST09251,Bhavika Garg,Male,63,Education,2025-06-28,Kochi,Kerala,South
CUST09252,Lipika Sami,Female,28,Education,2026-05-29,Bhopal,Madhya Pradesh,Central
CUST09253,Rishi Bhat,Female,51,Government,2022-12-13,Coimbatore,Tamil Nadu,South
CUST09254,Patrick Bains,Female,64,Government,2026-05-07,Kolkata,West Bengal,East
CUST09255,Oliver Mitra,Female,24,SME,2024-01-03,Kochi,Kerala,South
CUST09256,Falguni Rajagopal,Male,34,Corporate,2022-10-06,Chennai,Tamil Nadu,South
CUST09257,Wriddhish Rattan,Male,36,Government,2021-11-04,Mumbai,Maharashtra,West
CUST09258,Ryan Bora,Female,44,Education,2024-08-16,Pune,Maharashtra,West
CUST09259,Shivansh Ramanathan,Male,46,Retail,2025-06-30,Kochi,Kerala,South
CUST09260,Aadi Chowdhury,Male,54,Retail,2021-08-10,Amritsar,Punjab,North
CUST09261,Wazir Chhabra,Female,37,SME,2025-10-25,New Delhi,Delhi,North
CUST09262,Faras Sethi,Female,48,Retail,2022-02-24,Mangaluru,Karnataka,South
CUST09263,Lakshmi Rege,Male,25,Retail,2025-10-15,Thiruvananthapuram,Kerala,South
CUST09264,Vedhika Arora,Male,47,Retail,2021-11-21,Amritsar,Punjab,North
CUST09265,Yatin Kadakia,Male,59,Retail,2025-12-17,New Delhi,Delhi,North
CUST09266,Oscar Bail,Male,46,Corporate,2022-10-09,Chennai,Tamil Nadu,South
CUST09267,Nakul Apte,Male,60,Government,2022-12-23,Kolkata,West Bengal,East
CUST09268,Divya Nagarajan,Male,19,Corporate,2023-03-22,Coimbatore,Tamil Nadu,South
CUST09269,Udarsh Palla,Female,40,Education,2022-12-05,Surat,Gujarat,West
CUST09270,Faras Sathe,Male,22,Government,2023-01-26,Mumbai,Maharashtra,West
CUST09271,Charan Chanda,Female,36,Corporate,2026-06-24,Madurai,Tamil Nadu,South
CUST09272,Suhani Bhandari,Female,53,Corporate,2026-02-18,New Delhi,Delhi,North
CUST09273,Luke Goel,Male,44,SME,2025-10-31,Mumbai,Maharashtra,West
CUST09274,Ayush Jha,Male,37,Retail,2024-02-12,Thiruvananthapuram,Kerala,South
CUST09275,Samar Issac,Female,38,SME,2023-01-25,Coimbatore,Tamil Nadu,South
CUST09276,Vasana Boase,Male,35,Government,2025-12-14,New Delhi,Delhi,North
CUST09277,Amol Bala,Male,21,Education,2023-04-12,Hyderabad,Telangana,South
CUST09278,Rishi Chakrabarti,Male,23,Education,2024-01-02,Mumbai,Maharashtra,West
CUST09279,Wriddhish Khalsa,Female,21,Corporate,2025-03-24,Siliguri,West Bengal,East
CUST09280,Naksh Sodhi,Male,58,SME,2022-09-29,Siliguri,West Bengal,East
CUST09281,Damyanti Grover,Male,35,Education,2023-11-22,Indore,Madhya Pradesh,Central
CUST09282,Umang Chauhan,Male,22,Education,2021-10-08,New Delhi,Delhi,North
CUST09283,Rayaan Varghese,Female,38,Corporate,2023-05-05,Pune,Maharashtra,West
CUST09284,Indira Goel,Female,35,Government,2022-05-17,Kochi,Kerala,South
CUST09285,Bina Bassi,Female,20,SME,2026-02-24,Ahmedabad,Gujarat,West
CUST09286,Hemangini Sethi,Male,62,Corporate,2024-06-15,Mumbai,Maharashtra,West
CUST09287,Dalaja Vasa,Male,59,SME,2024-07-08,Ludhiana,Punjab,North
CUST09288,Gabriel Mishra,Male,61,Retail,2023-06-27,New Delhi,Delhi,North
CUST09289,Ojas Dixit,Female,52,Education,2023-06-27,Ludhiana,Punjab,North
CUST09290,Timothy Sidhu,Female,65,Education,2023-04-12,Bhopal,Madhya Pradesh,Central
CUST09291,Charles Sastry,Male,18,SME,2024-01-30,Bengaluru,Karnataka,South
CUST09292,Ekaja Sarin,Female,58,SME,2021-12-31,Madurai,Tamil Nadu,South
CUST09293,Jeet Aggarwal,Female,49,Corporate,2022-08-13,Pune,Maharashtra,West
CUST09294,Bhavika Ram,Male,41,Government,2022-11-19,Thiruvananthapuram,Kerala,South
CUST09295,Amruta Doshi,Female,56,Education,2025-05-09,Ludhiana,Punjab,North
CUST09296,Maanav Kara,Female,50,SME,2025-10-16,Bengaluru,Karnataka,South
CUST09297,Ekaraj Khanna,Male,22,Education,2023-06-08,Warangal,Telangana,South
CUST09298,Amara Sundaram,Female,18,Government,2022-04-07,Ahmedabad,Gujarat,West
CUST09299,Rohan Sen,Male,23,Retail,2026-03-02,Thiruvananthapuram,Kerala,South
CUST09300,Tristan Patil,Female,53,Government,2023-01-13,Siliguri,West Bengal,East
CUST09301,Aashi Dhillon,Male,65,Government,2021-10-10,Amritsar,Punjab,North
CUST09302,Ganga Mody,Male,38,SME,2024-12-29,Ahmedabad,Gujarat,West
CUST09303,Bachittar Mangat,Female,48,Government,2022-10-19,Mangaluru,Karnataka,South
CUST09304,Ishita Prashad,Male,51,SME,2022-05-26,Karimnagar,Telangana,South
CUST09305,Dayamai Golla,Female,43,Government,2024-06-29,Ludhiana,Punjab,North
CUST09306,Bhavani Mital,Male,65,Government,2025-08-15,Mysuru,Karnataka,South
CUST09307,Yashawini Sarraf,Female,22,Education,2021-10-08,Indore,Madhya Pradesh,Central
CUST09308,Shaurya Balakrishnan,Female,35,Retail,2022-10-21,Chennai,Tamil Nadu,South
CUST09309,Prisha Bhavsar,Female,50,Government,2025-09-06,New Delhi,Delhi,North
CUST09310,Lohit Dutta,Male,43,Government,2026-04-19,Mangaluru,Karnataka,South
CUST09311,Agastya Chander,Male,27,Retail,2023-12-21,Kochi,Kerala,South
CUST09312,Max Walia,Male,53,Corporate,2022-02-07,Amritsar,Punjab,North
CUST09313,Rudra Arya,Male,23,Corporate,2022-12-07,Hyderabad,Telangana,South
CUST09314,Yutika Kamdar,Female,49,Corporate,2022-07-16,Surat,Gujarat,West
CUST09315,Aarna Saraf,Male,51,SME,2022-06-21,Ahmedabad,Gujarat,West
CUST09316,Abha Natarajan,Female,29,Education,2026-01-15,New Delhi,Delhi,North
CUST09317,Qushi Divan,Male,30,SME,2023-01-21,Coimbatore,Tamil Nadu,South
CUST09318,Tanveer Bhandari,Female,30,Corporate,2022-02-01,Warangal,Telangana,South
CUST09319,Chandani Bhandari,Female,32,Education,2021-07-10,Thiruvananthapuram,Kerala,South
CUST09320,Jonathan Nanda,Male,61,SME,2024-03-18,Mumbai,Maharashtra,West
CUST09321,Harita Kapoor,Female,29,Retail,2022-05-18,Hyderabad,Telangana,South
CUST09322,Bhanumati Dube,Female,34,Retail,2024-07-02,Ludhiana,Punjab,North
CUST09323,Kalpit Halder,Female,22,Government,2023-11-06,Vadodara,Gujarat,West
CUST09324,Aadhya Basak,Male,39,Retail,2021-07-29,Bhopal,Madhya Pradesh,Central
CUST09325,Yutika Badal,Male,60,SME,2026-03-03,Vadodara,Gujarat,West
CUST09326,Yug Oza,Male,54,SME,2023-05-12,Kozhikode,Kerala,South
CUST09327,Udarsh Narula,Female,49,Government,2023-01-24,Vadodara,Gujarat,West
CUST09328,Jagvi Som,Female,36,Corporate,2025-09-25,Indore,Madhya Pradesh,Central
CUST09329,Girik Sarraf,Female,55,SME,2021-11-02,Ludhiana,Punjab,North
CUST09330,Lajita Taneja,Male,51,Retail,2026-04-09,Ludhiana,Punjab,North
CUST09331,Chanchal Mittal,Male,55,Corporate,2022-12-11,New Delhi,Delhi,North
CUST09332,Gaurav Bhat,Female,24,Retail,2024-03-23,Chennai,Tamil Nadu,South
CUST09333,Samarth Gokhale,Male,21,Retail,2024-09-29,Chennai,Tamil Nadu,South
CUST09334,Idika Jaggi,Female,30,SME,2023-06-07,Mysuru,Karnataka,South
CUST09335,Nathaniel Raman,Female,43,Government,2022-03-08,Bengaluru,Karnataka,South
CUST09336,Manya Chand,Female,63,Retail,2021-07-29,Nagpur,Maharashtra,West
CUST09337,Aadhya Sangha,Male,64,Corporate,2024-08-12,Hyderabad,Telangana,South
CUST09338,Nilima Venkataraman,Male,20,Government,2022-10-02,Hyderabad,Telangana,South
CUST09339,Rajeshri Chakrabarti,Female,63,Education,2025-12-10,Ludhiana,Punjab,North
CUST09340,Arin Gara,Female,31,Government,2023-07-21,Mangaluru,Karnataka,South
CUST09341,Chaitanya Chakraborty,Female,18,Government,2025-08-21,Chennai,Tamil Nadu,South
CUST09342,Charita Shenoy,Female,51,Corporate,2025-04-23,Vadodara,Gujarat,West
CUST09343,Siddharth Rau,Male,32,Retail,2024-12-05,Ludhiana,Punjab,North
CUST09344,Yashasvi Deshpande,Male,42,Retail,2023-10-04,New Delhi,Delhi,North
CUST09345,Andrew Chadha,Male,46,Retail,2023-11-11,Kolkata,West Bengal,East
CUST09346,Lucky Patla,Male,22,Education,2024-07-03,Ahmedabad,Gujarat,West
CUST09347,Priya Kalita,Female,63,Government,2025-03-23,Siliguri,West Bengal,East
CUST09348,Shravya Subramaniam,Male,30,Education,2025-09-01,Kolkata,West Bengal,East
CUST09349,Anay Das,Female,65,Corporate,2023-07-22,Nagpur,Maharashtra,West
CUST09350,Varenya Mody,Male,32,Corporate,2022-10-16,Kolkata,West Bengal,East
CUST09351,Girindra Dewan,Female,54,SME,2023-06-03,Ludhiana,Punjab,North
CUST09352,Rachit Setty,Female,41,SME,2025-04-20,New Delhi,Delhi,North
CUST09353,Michael Korpal,Female,49,Retail,2022-07-13,Mumbai,Maharashtra,West
CUST09354,Yashoda Kanda,Male,40,SME,2023-01-02,Mysuru,Karnataka,South
CUST09355,Andrew Mistry,Male,34,Government,2023-10-21,Kolkata,West Bengal,East
CUST09356,Anthony Issac,Male,50,Retail,2024-09-10,Madurai,Tamil Nadu,South
CUST09357,Arjun Sur,Male,51,SME,2025-06-06,Kolkata,West Bengal,East
CUST09358,Liam Prakash,Female,49,Education,2021-08-12,Bengaluru,Karnataka,South
CUST09359,Caleb Khatri,Female,50,Education,2021-09-24,Indore,Madhya Pradesh,Central
CUST09360,Damyanti Mall,Female,22,SME,2023-08-31,Ahmedabad,Gujarat,West
CUST09361,Warjas Bains,Male,38,Corporate,2026-05-12,New Delhi,Delhi,North
CUST09362,Yashica Roy,Male,46,Retail,2023-02-19,Kozhikode,Kerala,South
CUST09363,Christopher Nagarajan,Female,61,Education,2026-01-06,New Delhi,Delhi,North
CUST09364,Urvi Amble,Female,31,Corporate,2021-12-28,Mangaluru,Karnataka,South
CUST09365,Riya Madan,Male,63,Education,2025-01-03,Chennai,Tamil Nadu,South
CUST09366,Sudiksha Gupta,Female,39,Corporate,2024-04-17,Chennai,Tamil Nadu,South
CUST09367,Imaran Hora,Male,49,Corporate,2024-04-11,Mangaluru,Karnataka,South
CUST09368,Omisha Sridhar,Female,61,Retail,2021-12-09,Chennai,Tamil Nadu,South
CUST09369,Vanya Sodhi,Female,57,Retail,2024-01-19,Thiruvananthapuram,Kerala,South
CUST09370,Saumya Rege,Male,49,Government,2025-09-12,Ludhiana,Punjab,North
CUST09371,Nitara Raja,Female,24,Government,2025-10-11,Kochi,Kerala,South
CUST09372,Harshil Kaur,Male,18,SME,2023-02-19,Indore,Madhya Pradesh,Central
CUST09373,Gopal Rana,Male,20,Education,2022-04-09,Vadodara,Gujarat,West
CUST09374,Lavanya Nigam,Female,29,SME,2026-05-29,Hyderabad,Telangana,South
CUST09375,Leela Gade,Male,37,Education,2021-08-24,Amritsar,Punjab,North
CUST09376,Faraj Garde,Female,33,Corporate,2025-06-26,Siliguri,West Bengal,East
CUST09377,Dev Chandra,Male,45,SME,2022-06-05,Surat,Gujarat,West
CUST09378,Henry Srinivasan,Male,39,Corporate,2022-06-02,Karimnagar,Telangana,South
CUST09379,Leena Basu,Male,26,Retail,2026-04-11,New Delhi,Delhi,North
CUST09380,Upkaar Jani,Male,57,SME,2024-08-03,Ludhiana,Punjab,North
CUST09381,Mohini Dalal,Male,38,SME,2025-10-25,Ludhiana,Punjab,North
CUST09382,Ekbal Sridhar,Male,54,Government,2022-04-13,Mangaluru,Karnataka,South
CUST09383,Tamanna Thaman,Female,38,Education,2024-12-28,New Delhi,Delhi,North
CUST09384,Yahvi Chaudhry,Female,65,Government,2022-07-11,Vadodara,Gujarat,West
CUST09385,Yagnesh Sethi,Female,34,SME,2025-09-01,Madurai,Tamil Nadu,South
CUST09386,Vasudha Batta,Female,34,Retail,2024-01-24,Hyderabad,Telangana,South
CUST09387,Caleb D’Alia,Female,62,SME,2022-03-08,Ahmedabad,Gujarat,West
CUST09388,Ijaya Kashyap,Female,18,Government,2024-12-12,New Delhi,Delhi,North
CUST09389,Faqid Toor,Male,64,Education,2021-12-15,Hyderabad,Telangana,South
CUST09390,Mason Warrior,Male,20,Retail,2023-04-16,Amritsar,Punjab,North
CUST09391,Balendra Atwal,Female,58,Retail,2023-10-27,Chennai,Tamil Nadu,South
CUST09392,Aadi More,Female,65,Government,2023-06-29,Mumbai,Maharashtra,West
CUST09393,Chaitanya Jhaveri,Female,19,Government,2025-02-08,Mysuru,Karnataka,South
CUST09394,Naksh Walia,Female,45,SME,2026-03-10,Coimbatore,Tamil Nadu,South
CUST09395,Hemal Buch,Female,18,Retail,2024-07-27,Nagpur,Maharashtra,West
CUST09396,Yashvi Desai,Female,20,Retail,2026-06-26,Bengaluru,Karnataka,South
CUST09397,Ekanta Barad,Female,34,SME,2025-03-12,Nagpur,Maharashtra,West
CUST09398,Chakradev Dora,Female,42,Government,2022-10-20,Nagpur,Maharashtra,West
CUST09399,Rudra Patla,Female,40,Corporate,2022-11-05,Thiruvananthapuram,Kerala,South
CUST09400,Victor Patla,Male,36,Government,2024-02-24,Surat,Gujarat,West
CUST09401,Mohini Bajwa,Female,43,Education,2024-01-17,Indore,Madhya Pradesh,Central
CUST09402,Falguni Loke,Female,45,Retail,2021-08-15,Warangal,Telangana,South
CUST09403,Chaaya Bhardwaj,Male,62,Education,2025-06-15,Chennai,Tamil Nadu,South
CUST09404,Aarush Yadav,Male,23,Government,2025-11-06,Bhopal,Madhya Pradesh,Central
CUST09405,Neha Amble,Male,42,SME,2023-10-21,Chennai,Tamil Nadu,South
CUST09406,Tanveer Viswanathan,Female,21,Government,2022-06-21,Karimnagar,Telangana,South
CUST09407,Bhavika D’Alia,Female,56,Retail,2023-11-04,Coimbatore,Tamil Nadu,South
CUST09408,Ikbal Krish,Male,39,Retail,2023-11-22,Mumbai,Maharashtra,West
CUST09409,Gautam Yohannan,Female,34,Retail,2022-10-16,Ludhiana,Punjab,North
CUST09410,Ojasvi Keer,Female,48,Education,2022-07-07,New Delhi,Delhi,North
CUST09411,Jatin Chaudry,Male,62,Corporate,2024-08-30,Kochi,Kerala,South
CUST09412,Urmi Kari,Male,25,Government,2026-04-20,Karimnagar,Telangana,South
CUST09413,Nakul Yadav,Female,21,Corporate,2025-06-06,Amritsar,Punjab,North
CUST09414,Neelima Varkey,Female,24,Education,2026-03-18,Surat,Gujarat,West
CUST09415,Aachal Dhaliwal,Female,35,Education,2025-12-12,Siliguri,West Bengal,East
CUST09416,Diya Brar,Female,41,Government,2026-04-20,Bhopal,Madhya Pradesh,Central
CUST09417,Sai Mall,Female,61,SME,2023-02-09,Indore,Madhya Pradesh,Central
CUST09418,Ekanta Sodhi,Male,29,Government,2024-12-08,Madurai,Tamil Nadu,South
CUST09419,Chavvi Yadav,Male,46,Corporate,2021-08-21,Chennai,Tamil Nadu,South
CUST09420,Vansha Nazareth,Female,49,Government,2021-08-09,Nagpur,Maharashtra,West
CUST09421,Bhavna Char,Female,65,SME,2024-10-07,Karimnagar,Telangana,South
CUST09422,Oscar Thaman,Female,37,Government,2025-06-23,Indore,Madhya Pradesh,Central
CUST09423,Lajita Vala,Male,18,Government,2022-08-09,Bhopal,Madhya Pradesh,Central
CUST09424,Ekalinga Vyas,Female,52,SME,2023-04-12,Pune,Maharashtra,West
CUST09425,Chaman Chaudry,Male,59,SME,2026-05-05,New Delhi,Delhi,North
CUST09426,Arin Shroff,Male,59,Education,2021-09-06,Siliguri,West Bengal,East
CUST09427,Noah Badal,Female,60,Education,2025-04-30,Thiruvananthapuram,Kerala,South
CUST09428,Zehaan Ganesh,Female,31,Education,2023-07-20,New Delhi,Delhi,North
CUST09429,Ekantika Kant,Female,33,SME,2021-12-27,Kolkata,West Bengal,East
CUST09430,Balvan Bhagat,Male,54,Retail,2023-02-09,Warangal,Telangana,South
CUST09431,Bhanumati Ghosh,Male,45,Corporate,2023-04-10,Siliguri,West Bengal,East
CUST09432,Isaac Keer,Female,46,Education,2024-08-09,Siliguri,West Bengal,East
CUST09433,Chandresh Srinivas,Female,62,Education,2022-05-04,Amritsar,Punjab,North
CUST09434,Nitara Gandhi,Male,55,Retail,2022-04-24,Mangaluru,Karnataka,South
CUST09435,Gaurav Narasimhan,Female,28,Education,2023-02-09,Indore,Madhya Pradesh,Central
CUST09436,Wishi Jhaveri,Female,54,Government,2022-12-15,Mumbai,Maharashtra,West
CUST09437,Upma Halder,Female,45,Government,2024-06-29,Kochi,Kerala,South
CUST09438,Isaac Konda,Female,44,Education,2021-10-17,Ludhiana,Punjab,North
CUST09439,Liam Zacharia,Male,19,SME,2024-06-25,Vadodara,Gujarat,West
CUST09440,Nidra Borde,Female,49,Retail,2022-02-05,New Delhi,Delhi,North
CUST09441,Viraj Badami,Female,48,Education,2024-05-21,Pune,Maharashtra,West
CUST09442,Tanay Palan,Male,40,Education,2022-04-21,Coimbatore,Tamil Nadu,South
CUST09443,Ayaan Kohli,Male,41,Retail,2025-10-21,Ludhiana,Punjab,North
CUST09444,Yasti Shanker,Female,36,SME,2026-02-01,Coimbatore,Tamil Nadu,South
CUST09445,Upasna Chana,Male,58,Government,2024-05-29,Bhopal,Madhya Pradesh,Central
CUST09446,Saanvi Nayak,Female,38,Corporate,2025-10-12,Bhopal,Madhya Pradesh,Central
CUST09447,Joshua Deshmukh,Male,49,SME,2024-10-11,Surat,Gujarat,West
CUST09448,Ranbir Wason,Female,40,SME,2022-06-26,Nagpur,Maharashtra,West
CUST09449,Urvashi Ravi,Female,42,Education,2024-04-17,Vadodara,Gujarat,West
CUST09450,Garima Mahal,Female,62,SME,2025-06-16,Kochi,Kerala,South
CUST09451,Bimala Tank,Female,19,Government,2023-08-28,Hyderabad,Telangana,South
CUST09452,Yashasvi Choudhary,Male,61,Education,2024-08-07,Ahmedabad,Gujarat,West
CUST09453,Meera Dhar,Female,26,Government,2024-10-24,Warangal,Telangana,South
CUST09454,Nikita Lanka,Female,54,SME,2024-06-02,Warangal,Telangana,South
CUST09455,Jyoti Pall,Male,63,Government,2024-05-03,Siliguri,West Bengal,East
CUST09456,Frado Gade,Male,65,Education,2022-06-19,Bhopal,Madhya Pradesh,Central
CUST09457,Max Tiwari,Male,44,Education,2025-12-24,New Delhi,Delhi,North
CUST09458,Hemangini Nagi,Male,47,Education,2025-07-06,Indore,Madhya Pradesh,Central
CUST09459,Irya Peri,Male,59,Government,2022-07-10,Pune,Maharashtra,West
CUST09460,Vihaan Bali,Female,20,Retail,2025-09-25,Mumbai,Maharashtra,West
CUST09461,Barkha Manne,Male,45,SME,2025-09-11,Amritsar,Punjab,North
CUST09462,Yauvani Batra,Female,47,Government,2023-02-21,Thiruvananthapuram,Kerala,South
CUST09463,Advika Murthy,Female,49,Retail,2023-11-04,Mumbai,Maharashtra,West
CUST09464,Urvi Maharaj,Male,55,Retail,2025-01-24,New Delhi,Delhi,North
CUST09465,Bishakha Sabharwal,Female,55,SME,2026-02-21,New Delhi,Delhi,North
CUST09466,Girish Mitra,Female,29,SME,2024-07-12,Mangaluru,Karnataka,South
CUST09467,Amara Choudhury,Female,20,Retail,2023-09-17,Indore,Madhya Pradesh,Central
CUST09468,Bhanumati Madan,Female,45,Government,2026-05-21,New Delhi,Delhi,North
CUST09469,Niharika Balakrishnan,Female,57,Government,2026-02-26,Ludhiana,Punjab,North
CUST09470,Victor Thaman,Male,48,Retail,2024-06-09,Hyderabad,Telangana,South
CUST09471,Diya Kapur,Male,30,Corporate,2025-10-19,Mangaluru,Karnataka,South
CUST09472,Jyoti Savant,Male,27,Corporate,2024-01-07,Nagpur,Maharashtra,West
CUST09473,Megha Oak,Male,29,Education,2024-06-11,Amritsar,Punjab,North
CUST09474,Umang Sandal,Female,57,SME,2026-05-24,Indore,Madhya Pradesh,Central
CUST09475,George Krishna,Male,23,Education,2021-11-03,Madurai,Tamil Nadu,South
CUST09476,Ridhi Wali,Male,25,Corporate,2025-10-06,Bhopal,Madhya Pradesh,Central
CUST09477,Yash Kale,Female,34,Retail,2026-03-19,Bhopal,Madhya Pradesh,Central
CUST09478,Watika Karpe,Male,52,Corporate,2026-03-04,Kochi,Kerala,South
CUST09479,Veda Dash,Male,34,Education,2023-04-09,Siliguri,West Bengal,East
CUST09480,Ishwar Rajan,Female,24,Retail,2026-01-20,Vadodara,Gujarat,West
CUST09481,Jyoti Sankar,Male,32,Government,2024-03-01,Hyderabad,Telangana,South
CUST09482,Kalpit Basu,Female,45,Education,2022-11-15,Mysuru,Karnataka,South
CUST09483,Zinal Rai,Male,31,Government,2023-03-12,Bhopal,Madhya Pradesh,Central
CUST09484,Advik Taneja,Male,64,Education,2023-05-01,Mumbai,Maharashtra,West
CUST09485,Siya Barad,Female,28,Government,2023-09-01,Vadodara,Gujarat,West
CUST09486,Ekta Bhargava,Female,33,Education,2021-12-25,Siliguri,West Bengal,East
CUST09487,Samesh Gaba,Female,58,Government,2026-04-21,Ludhiana,Punjab,North
CUST09488,Zansi Nayar,Male,18,Corporate,2023-09-29,Ahmedabad,Gujarat,West
CUST09489,Kevin Saxena,Male,61,Retail,2026-03-19,Amritsar,Punjab,North
CUST09490,Isha Parmar,Male,43,Corporate,2023-08-10,Ludhiana,Punjab,North
CUST09491,Hema Desai,Female,40,Corporate,2023-07-25,Ahmedabad,Gujarat,West
CUST09492,Nakul Mistry,Female,57,Government,2022-12-15,Warangal,Telangana,South
CUST09493,Nisha Kumer,Female,61,Government,2024-01-13,Warangal,Telangana,South
CUST09494,Lajita Dutta,Female,27,Education,2024-10-21,Kozhikode,Kerala,South
CUST09495,Nikita Oommen,Female,55,Corporate,2024-04-19,Siliguri,West Bengal,East
CUST09496,Charan Bhalla,Male,28,Government,2025-12-24,Siliguri,West Bengal,East
CUST09497,Waida Sampath,Male,50,Education,2022-08-27,New Delhi,Delhi,North
CUST09498,Faris Sarna,Female,52,Education,2023-12-13,Amritsar,Punjab,North
CUST09499,Nicholas Sura,Male,36,Retail,2022-10-27,Indore,Madhya Pradesh,Central
CUST09500,Varenya Natarajan,Male,56,Education,2022-11-06,Amritsar,Punjab,North
CUST09501,Harrison Bhandari,Female,29,SME,2025-11-27,Bhopal,Madhya Pradesh,Central
CUST09502,Nimrat Trivedi,Female,49,Corporate,2022-11-06,Madurai,Tamil Nadu,South
CUST09503,Aahana Chawla,Male,27,Retail,2023-03-04,Madurai,Tamil Nadu,South
CUST09504,Aadi Thaker,Female,22,Retail,2024-10-30,Mumbai,Maharashtra,West
CUST09505,Ekansh Johal,Male,26,Government,2022-08-08,Ludhiana,Punjab,North
CUST09506,Chameli Varughese,Male,47,Retail,2025-03-24,Mumbai,Maharashtra,West
CUST09507,Samarth Parmar,Female,46,Government,2022-11-18,Warangal,Telangana,South
CUST09508,Indrajit Bhalla,Female,32,SME,2022-09-30,Coimbatore,Tamil Nadu,South
CUST09509,Yutika Jani,Male,55,Corporate,2024-01-28,Ahmedabad,Gujarat,West
CUST09510,Krisha Kala,Male,60,Retail,2026-04-26,Ahmedabad,Gujarat,West
CUST09511,Harinakshi Chawla,Female,50,SME,2023-12-13,Bengaluru,Karnataka,South
CUST09512,Owen Bahl,Female,32,Retail,2024-08-16,Surat,Gujarat,West
CUST09513,Ladli Solanki,Male,62,Retail,2023-10-14,Thiruvananthapuram,Kerala,South
CUST09514,Ayaan Lad,Female,35,Government,2026-04-16,Madurai,Tamil Nadu,South
CUST09515,Mugdha Purohit,Female,41,Education,2026-04-08,Kochi,Kerala,South
CUST09516,Kevin Wagle,Male,18,Corporate,2025-08-07,Mysuru,Karnataka,South
CUST09517,Ganga Kakar,Female,31,Education,2021-07-14,Madurai,Tamil Nadu,South
CUST09518,Zayyan Rout,Female,58,Retail,2023-12-10,Kochi,Kerala,South
CUST09519,Vaishnavi Kumar,Male,60,SME,2026-01-06,Chennai,Tamil Nadu,South
CUST09520,Eiravati Mannan,Female,28,Retail,2024-11-29,Indore,Madhya Pradesh,Central
CUST09521,Sachi Wadhwa,Male,64,SME,2025-10-27,Kolkata,West Bengal,East
CUST09522,Kashish Raju,Female,22,Corporate,2026-04-04,Bengaluru,Karnataka,South
CUST09523,Chatura Chhabra,Female,35,Government,2021-07-09,Siliguri,West Bengal,East
CUST09524,Manan Chawla,Male,28,SME,2022-03-12,New Delhi,Delhi,North
CUST09525,Varsha Mital,Male,39,Government,2022-06-13,Coimbatore,Tamil Nadu,South
CUST09526,Aishani Aurora,Female,23,Retail,2024-04-24,Mysuru,Karnataka,South
CUST09527,Harita Krish,Male,37,SME,2025-07-25,Kolkata,West Bengal,East
CUST09528,Harrison Jani,Female,65,Corporate,2023-11-18,Bengaluru,Karnataka,South
CUST09529,Rachana Vora,Male,54,SME,2022-02-16,Madurai,Tamil Nadu,South
CUST09530,Nandini Pandit,Male,27,Education,2025-06-08,Bhopal,Madhya Pradesh,Central
CUST09531,Ayaan Bava,Female,49,Education,2025-08-28,New Delhi,Delhi,North
CUST09532,Yahvi Morar,Female,21,SME,2022-01-23,Bhopal,Madhya Pradesh,Central
CUST09533,Dalaja Sangha,Female,42,Corporate,2023-02-01,Nagpur,Maharashtra,West
CUST09534,Ladli Bajwa,Female,18,SME,2026-05-04,Surat,Gujarat,West
CUST09535,Chanakya Mani,Female,43,SME,2023-11-19,Hyderabad,Telangana,South
CUST09536,Ayushman Mammen,Female,60,Government,2025-09-10,Mysuru,Karnataka,South
CUST09537,Yutika Chatterjee,Female,39,SME,2022-01-11,New Delhi,Delhi,North
CUST09538,Yoshita Mann,Male,49,Education,2024-03-24,Madurai,Tamil Nadu,South
CUST09539,Nimrat Solanki,Female,53,Government,2025-10-26,Chennai,Tamil Nadu,South
CUST09540,Eshana Swamy,Male,41,Government,2021-11-30,Coimbatore,Tamil Nadu,South
CUST09541,Krishna Wagle,Female,60,SME,2025-06-13,Bengaluru,Karnataka,South
CUST09542,Bachittar Bali,Male,53,Corporate,2023-04-23,Surat,Gujarat,West
CUST09543,Turvi Kakar,Female,38,Retail,2024-09-15,New Delhi,Delhi,North
CUST09544,Upasna Bhakta,Female,23,SME,2024-05-15,Pune,Maharashtra,West
CUST09545,Yoshita Dyal,Male,57,SME,2022-03-10,Nagpur,Maharashtra,West
CUST09546,Janya Divan,Female,49,Retail,2025-09-12,Karimnagar,Telangana,South
CUST09547,Harini Bal,Female,20,Retail,2025-04-29,Kolkata,West Bengal,East
CUST09548,Ikshita Konda,Male,46,Government,2022-11-05,Ahmedabad,Gujarat,West
CUST09549,Max Ray,Female,50,SME,2024-12-02,New Delhi,Delhi,North
CUST09550,Aahana Shenoy,Male,36,Corporate,2023-12-03,Bhopal,Madhya Pradesh,Central
CUST09551,Vrishti Gola,Female,64,Government,2023-10-24,Mumbai,Maharashtra,West
CUST09552,Alka Chadha,Female,27,Retail,2021-10-27,Kolkata,West Bengal,East
CUST09553,Arunima Reddy,Male,46,Retail,2023-10-05,Amritsar,Punjab,North
CUST09554,Zayyan Mani,Male,34,Corporate,2023-12-12,Mysuru,Karnataka,South
CUST09555,Nihal Mallick,Female,27,Corporate,2021-09-08,New Delhi,Delhi,North
CUST09556,Yashasvi Yohannan,Female,44,Retail,2024-01-23,Bhopal,Madhya Pradesh,Central
CUST09557,Turvi Ahluwalia,Female,25,Education,2022-08-14,Mysuru,Karnataka,South
CUST09558,Vincent Bhalla,Male,19,Education,2022-07-30,Coimbatore,Tamil Nadu,South
CUST09559,Vyanjana Kannan,Male,62,Education,2026-05-15,New Delhi,Delhi,North
CUST09560,Yashodhara Ganesan,Male,18,Education,2025-06-08,Ahmedabad,Gujarat,West
CUST09561,George Sandhu,Male,50,SME,2024-07-22,Amritsar,Punjab,North
CUST09562,Waida Vohra,Female,45,Retail,2025-02-17,Surat,Gujarat,West
CUST09563,Yoshita Konda,Female,48,Retail,2025-07-02,Siliguri,West Bengal,East
CUST09564,Jack Kota,Female,26,Retail,2022-02-01,New Delhi,Delhi,North
CUST09565,Hemal Rajan,Male,53,Corporate,2023-07-22,Indore,Madhya Pradesh,Central
CUST09566,Upasna Srivastava,Male,34,Corporate,2022-07-18,Nagpur,Maharashtra,West
CUST09567,Hamsini Verma,Male,25,SME,2022-11-20,Mangaluru,Karnataka,South
CUST09568,Lajita Dhawan,Male,65,SME,2025-10-03,Warangal,Telangana,South
CUST09569,Falan Khanna,Male,30,Education,2025-09-17,Bhopal,Madhya Pradesh,Central
CUST09570,Owen Pau,Male,51,Government,2025-07-13,Amritsar,Punjab,North
CUST09571,Vasatika Borra,Male,40,Government,2026-01-25,Chennai,Tamil Nadu,South
CUST09572,Jack Chana,Female,62,Education,2024-12-04,Bhopal,Madhya Pradesh,Central
CUST09573,Vrishti Bhalla,Male,29,Corporate,2024-04-02,New Delhi,Delhi,North
CUST09574,Waida Sheth,Male,21,Government,2026-04-13,Surat,Gujarat,West
CUST09575,Qushi Devi,Male,65,Retail,2024-07-23,Thiruvananthapuram,Kerala,South
CUST09576,Bishakha Jain,Male,40,Education,2024-09-07,Kolkata,West Bengal,East
CUST09577,William Madan,Female,59,Corporate,2022-03-06,Bengaluru,Karnataka,South
CUST09578,Divya Chawla,Female,63,Corporate,2023-02-18,Mangaluru,Karnataka,South
CUST09579,Varenya Anne,Male,41,SME,2023-05-12,Ludhiana,Punjab,North
CUST09580,Simon Dara,Male,38,Retail,2022-10-05,Bhopal,Madhya Pradesh,Central
CUST09581,Anay Pillai,Female,22,Education,2022-06-04,New Delhi,Delhi,North
CUST09582,Orinder Reddy,Female,40,Government,2025-06-11,New Delhi,Delhi,North
CUST09583,Nandini Baral,Female,21,Corporate,2025-11-16,New Delhi,Delhi,North
CUST09584,Yamini Dey,Female,50,Education,2023-09-22,Ahmedabad,Gujarat,West
CUST09585,Xalak Kashyap,Male,57,Corporate,2023-06-25,Kochi,Kerala,South
CUST09586,Faras Merchant,Female,41,Retail,2024-05-19,Warangal,Telangana,South
CUST09587,Lucky Walia,Female,57,SME,2025-09-13,Kolkata,West Bengal,East
CUST09588,Pratyush Manda,Female,53,Education,2022-05-20,Mangaluru,Karnataka,South
CUST09589,Upma Ganesh,Female,24,Government,2022-10-16,Kozhikode,Kerala,South
CUST09590,Rudra Natt,Female,25,Retail,2025-12-09,Kozhikode,Kerala,South
CUST09591,Nachiket Gole,Male,45,Education,2024-05-05,Mangaluru,Karnataka,South
CUST09592,Fitan Kuruvilla,Female,50,SME,2025-08-29,Vadodara,Gujarat,West
CUST09593,Yashoda Brar,Male,19,Retail,2024-10-17,Kozhikode,Kerala,South
CUST09594,Riya Chandra,Male,32,SME,2022-07-25,Pune,Maharashtra,West
CUST09595,Rudra Devi,Female,20,Education,2024-11-23,New Delhi,Delhi,North
CUST09596,Odika Bala,Male,48,SME,2022-01-29,Nagpur,Maharashtra,West
CUST09597,Hemang Gaba,Female,36,Education,2023-12-19,Indore,Madhya Pradesh,Central
CUST09598,Vansha Bahri,Female,65,Government,2025-01-06,Indore,Madhya Pradesh,Central
CUST09599,Orinder Kadakia,Female,48,Retail,2024-10-29,Kochi,Kerala,South
CUST09600,Waida Dora,Male,28,Education,2026-06-17,Warangal,Telangana,South
CUST09601,Hemang Rege,Female,25,Corporate,2022-09-19,New Delhi,Delhi,North
CUST09602,Saumya Sandal,Male,38,Retail,2022-02-09,Mangaluru,Karnataka,South
CUST09603,Ayushman Ranganathan,Female,49,SME,2024-07-28,Madurai,Tamil Nadu,South
CUST09604,Vedika Goel,Male,52,Government,2023-01-31,Pune,Maharashtra,West
CUST09605,Tarak Gupta,Female,29,Education,2021-11-21,Mangaluru,Karnataka,South
CUST09606,Gunbir Acharya,Female,28,Government,2026-02-06,Mumbai,Maharashtra,West
CUST09607,Eshana Rajagopal,Female,18,Education,2022-11-13,Karimnagar,Telangana,South
CUST09608,Maya Tandon,Female,32,Corporate,2022-10-12,Warangal,Telangana,South
CUST09609,Chakrika Bhandari,Male,52,SME,2021-08-13,Mysuru,Karnataka,South
CUST09610,Dominic Seth,Female,21,Retail,2023-12-19,Coimbatore,Tamil Nadu,South
CUST09611,Om Sachdeva,Male,34,Education,2024-08-12,Thiruvananthapuram,Kerala,South
CUST09612,Zilmil Lall,Female,53,Government,2024-06-29,Chennai,Tamil Nadu,South
CUST09613,Radha Mand,Male,64,SME,2021-08-09,Amritsar,Punjab,North
CUST09614,Sudiksha Maharaj,Male,51,SME,2026-05-17,Chennai,Tamil Nadu,South
CUST09615,Nachiket Mannan,Male,40,Retail,2021-11-01,Madurai,Tamil Nadu,South
CUST09616,Yashica Bedi,Male,19,Retail,2025-12-20,Mumbai,Maharashtra,West
CUST09617,Jackson Thakur,Male,35,SME,2022-09-27,Amritsar,Punjab,North
CUST09618,Nathan Narain,Female,55,Government,2025-08-13,Coimbatore,Tamil Nadu,South
CUST09619,Nidra Goel,Male,48,Education,2025-04-26,Kochi,Kerala,South
CUST09620,Hemangini Grewal,Female,53,Government,2023-07-26,Indore,Madhya Pradesh,Central
CUST09621,Gautam Yogi,Female,32,Government,2024-10-24,Bhopal,Madhya Pradesh,Central
CUST09622,Saksham Grewal,Male,54,Corporate,2022-10-13,Ludhiana,Punjab,North
CUST09623,Ayaan Raju,Male,56,Retail,2023-08-05,Ahmedabad,Gujarat,West
CUST09624,Patrick Batra,Female,44,Corporate,2025-09-21,New Delhi,Delhi,North
CUST09625,Pranit Butala,Female,23,Corporate,2024-02-23,New Delhi,Delhi,North
CUST09626,Ubika Cheema,Male,48,Corporate,2022-03-02,Mumbai,Maharashtra,West
CUST09627,Odika Ravel,Male,26,SME,2025-02-05,Bhopal,Madhya Pradesh,Central
CUST09628,Udarsh Palan,Male,45,Education,2023-10-01,Kolkata,West Bengal,East
CUST09629,Nihal Walla,Male,45,SME,2026-03-02,Bhopal,Madhya Pradesh,Central
CUST09630,Elijah Jayaraman,Female,61,Corporate,2024-12-19,Thiruvananthapuram,Kerala,South
CUST09631,Niharika Soni,Female,65,SME,2024-11-15,Madurai,Tamil Nadu,South
CUST09632,Udant Bakshi,Female,44,Government,2024-02-08,Bhopal,Madhya Pradesh,Central
CUST09633,Jalsa Khatri,Male,52,Government,2022-08-28,Coimbatore,Tamil Nadu,South
CUST09634,Faris Sarraf,Female,42,Corporate,2026-02-18,Ahmedabad,Gujarat,West
CUST09635,Patrick Bala,Female,57,Government,2021-12-19,Madurai,Tamil Nadu,South
CUST09636,Chakradev Chaudhary,Female,32,Corporate,2026-04-24,Bhopal,Madhya Pradesh,Central
CUST09637,Ekantika Anand,Male,18,SME,2023-08-23,Bengaluru,Karnataka,South
CUST09638,Raghav Swaminathan,Male,32,Government,2023-11-23,Hyderabad,Telangana,South
CUST09639,Oni Cherian,Male,60,Government,2023-09-10,Kolkata,West Bengal,East
CUST09640,Elijah Din,Male,38,Retail,2024-10-24,New Delhi,Delhi,North
CUST09641,Aadhya Dhaliwal,Female,19,SME,2025-05-24,Indore,Madhya Pradesh,Central
CUST09642,Januja Dey,Female,33,Government,2025-11-15,Bengaluru,Karnataka,South
CUST09643,Watika Narayan,Female,50,SME,2021-11-19,New Delhi,Delhi,North
CUST09644,Divya Raj,Female,59,Corporate,2024-11-05,Ludhiana,Punjab,North
CUST09645,Gabriel Tailor,Male,47,SME,2021-10-15,New Delhi,Delhi,North
CUST09646,Yahvi Thakur,Female,30,Education,2022-07-20,Amritsar,Punjab,North
CUST09647,Nitara Madan,Female,31,Education,2026-02-15,Kolkata,West Bengal,East
CUST09648,Qabil Natarajan,Male,53,Government,2026-04-10,Kozhikode,Kerala,South
CUST09649,Brinda Patil,Male,20,Government,2022-06-26,Hyderabad,Telangana,South
CUST09650,Unnati Muni,Male,56,Government,2025-02-02,Ludhiana,Punjab,North
CUST09651,Jai Yadav,Female,47,Education,2024-12-04,Kolkata,West Bengal,East
CUST09652,Pratyush Merchant,Female,41,Retail,2025-11-05,Mangaluru,Karnataka,South
CUST09653,Nisha Dutt,Male,24,Retail,2023-04-04,Siliguri,West Bengal,East
CUST09654,Lucky Suri,Male,43,Education,2022-10-25,Bhopal,Madhya Pradesh,Central
CUST09655,Kashish Kar,Male,45,Government,2022-11-21,Kolkata,West Bengal,East
CUST09656,Unnati Pillay,Male,18,Education,2021-12-05,Bhopal,Madhya Pradesh,Central
CUST09657,Manthan Dara,Male,49,Government,2026-04-10,New Delhi,Delhi,North
CUST09658,Bhavna Gole,Male,41,Corporate,2021-09-24,Mysuru,Karnataka,South
CUST09659,Rudra Keer,Female,38,Government,2023-08-10,Siliguri,West Bengal,East
CUST09660,Abeer Roy,Male,61,Education,2025-11-01,Mysuru,Karnataka,South
CUST09661,Pushti Raja,Male,58,SME,2021-12-09,Indore,Madhya Pradesh,Central
CUST09662,Owen Apte,Female,56,Education,2024-03-08,Madurai,Tamil Nadu,South
CUST09663,Saksham Sethi,Male,20,Government,2021-07-04,Bengaluru,Karnataka,South
CUST09664,Hemani Varty,Male,34,Government,2024-11-12,Mangaluru,Karnataka,South
CUST09665,Maya Sundaram,Female,64,SME,2025-06-02,Mangaluru,Karnataka,South
CUST09666,Oviya Savant,Female,53,Government,2024-07-12,Nagpur,Maharashtra,West
CUST09667,Gaurika Deep,Male,30,SME,2024-11-27,Mysuru,Karnataka,South
CUST09668,Bhavna Venkatesh,Female,62,Education,2023-12-08,New Delhi,Delhi,North
CUST09669,Gaurika Gill,Male,29,Retail,2023-03-21,Warangal,Telangana,South
CUST09670,Yachana Aggarwal,Male,45,Education,2024-07-07,Kochi,Kerala,South
CUST09671,Yashica Devan,Male,38,Government,2025-01-24,New Delhi,Delhi,North
CUST09672,Dhriti Mody,Female,32,Retail,2021-08-03,Bhopal,Madhya Pradesh,Central
CUST09673,Qadim Sen,Male,62,Corporate,2024-09-04,Siliguri,West Bengal,East
CUST09674,Wazir Biswas,Female,63,Corporate,2022-12-30,Ludhiana,Punjab,North
CUST09675,Gaurav Kulkarni,Male,44,Government,2023-07-23,Ludhiana,Punjab,North
CUST09676,Omya Kapoor,Male,36,Retail,2022-05-03,Siliguri,West Bengal,East
CUST09677,Chakradhar Kala,Female,52,Retail,2023-06-13,Surat,Gujarat,West
CUST09678,Vasatika Dash,Female,30,Retail,2023-05-24,Kozhikode,Kerala,South
CUST09679,Vansha Saxena,Male,48,SME,2023-10-14,Mumbai,Maharashtra,West
CUST09680,Isaac Sane,Female,48,Government,2024-02-14,New Delhi,Delhi,North
CUST09681,Pallavi Brar,Female,33,Corporate,2024-10-10,Bhopal,Madhya Pradesh,Central
CUST09682,Tanish Bumb,Male,46,Corporate,2021-10-18,Coimbatore,Tamil Nadu,South
CUST09683,Zilmil Pillai,Female,44,Education,2022-12-09,Mysuru,Karnataka,South
CUST09684,Girish Sundaram,Female,18,Education,2023-05-31,Hyderabad,Telangana,South
CUST09685,Daksha Sur,Female,34,Retail,2024-05-12,Siliguri,West Bengal,East
CUST09686,Ria Bajwa,Female,46,SME,2024-06-13,Coimbatore,Tamil Nadu,South
CUST09687,Aachal Saini,Male,25,Government,2025-10-26,New Delhi,Delhi,North
CUST09688,Raghav Shanker,Female,45,SME,2023-12-01,Bhopal,Madhya Pradesh,Central
CUST09689,Simon Mutti,Female,60,SME,2024-12-12,Warangal,Telangana,South
CUST09690,Ekta Jain,Female,53,Education,2021-09-03,Warangal,Telangana,South
CUST09691,Vamakshi Chatterjee,Male,57,Corporate,2025-02-06,New Delhi,Delhi,North
CUST09692,Utkarsh Lal,Female,28,Corporate,2022-04-03,Indore,Madhya Pradesh,Central
CUST09693,Udant Sood,Female,20,Education,2022-10-16,New Delhi,Delhi,North
CUST09694,Chaitaly Mukherjee,Female,34,Retail,2025-09-26,Bengaluru,Karnataka,South
CUST09695,Osha Iyer,Male,46,Corporate,2026-05-14,Kozhikode,Kerala,South
CUST09696,Madhav Bath,Male,33,Government,2024-08-24,Siliguri,West Bengal,East
CUST09697,Sai Batta,Female,26,Corporate,2025-12-29,Hyderabad,Telangana,South
CUST09698,Meera Garde,Female,45,Government,2025-11-29,Vadodara,Gujarat,West
CUST09699,Jasmit Lad,Female,45,Retail,2024-12-28,New Delhi,Delhi,North
CUST09700,Eiravati Konda,Female,43,SME,2022-01-18,Bengaluru,Karnataka,South
CUST09701,Netra Venkatesh,Male,53,SME,2023-11-03,Amritsar,Punjab,North
CUST09702,Qasim Manda,Male,63,SME,2024-11-15,Thiruvananthapuram,Kerala,South
CUST09703,Isaiah Peri,Female,27,Education,2025-02-15,Indore,Madhya Pradesh,Central
CUST09704,Anjali Gopal,Female,18,Education,2021-12-18,Kozhikode,Kerala,South
CUST09705,Varenya Saha,Male,27,Education,2022-02-11,Bengaluru,Karnataka,South
CUST09706,Suhani Viswanathan,Female,58,Retail,2023-07-10,New Delhi,Delhi,North
CUST09707,Geetika Malhotra,Male,36,Government,2023-11-10,Bhopal,Madhya Pradesh,Central
CUST09708,Abeer Mannan,Male,18,Retail,2025-01-23,Mangaluru,Karnataka,South
CUST09709,Rehaan Rajagopal,Female,43,SME,2025-04-30,Indore,Madhya Pradesh,Central
CUST09710,Kashish Vora,Female,39,SME,2022-12-26,Bhopal,Madhya Pradesh,Central
CUST09711,Hemang Shukla,Male,24,Education,2023-11-26,Kochi,Kerala,South
CUST09712,Diya Khalsa,Female,26,Education,2026-03-16,Siliguri,West Bengal,East
CUST09713,Omisha Ratti,Male,18,SME,2025-07-07,Nagpur,Maharashtra,West
CUST09714,Gayathri Handa,Male,39,Government,2021-09-23,Karimnagar,Telangana,South
CUST09715,Hiral Dada,Male,21,Education,2022-07-25,Bhopal,Madhya Pradesh,Central
CUST09716,Jagdish Verma,Male,44,Education,2023-10-12,Kochi,Kerala,South
CUST09717,Suhani Nadkarni,Male,20,Education,2025-07-16,Surat,Gujarat,West
CUST09718,Damyanti Ravi,Female,22,Retail,2026-03-11,Mangaluru,Karnataka,South
CUST09719,Irya Sha,Male,60,SME,2022-11-12,Ludhiana,Punjab,North
CUST09720,Triveni Saran,Male,40,Retail,2024-07-10,Mangaluru,Karnataka,South
CUST09721,Zayan Bhakta,Female,29,Corporate,2021-11-26,Mysuru,Karnataka,South
CUST09722,Banjeet Mann,Female,33,SME,2024-10-13,Amritsar,Punjab,North
CUST09723,Ubika Khatri,Female,39,Corporate,2023-07-04,Bhopal,Madhya Pradesh,Central
CUST09724,Rohan Merchant,Male,38,Corporate,2023-12-22,New Delhi,Delhi,North
CUST09725,Manan Ravi,Female,61,SME,2022-12-06,Pune,Maharashtra,West
CUST09726,Nisha Bajaj,Female,18,Corporate,2023-11-15,Chennai,Tamil Nadu,South
CUST09727,Ati Nagy,Female,30,Government,2021-11-09,Siliguri,West Bengal,East
CUST09728,Anamika Mand,Female,40,Government,2024-03-24,Siliguri,West Bengal,East
CUST09729,Teerth Pandey,Female,54,Corporate,2024-07-08,Siliguri,West Bengal,East
CUST09730,Nihal Dixit,Male,61,SME,2021-10-05,Mysuru,Karnataka,South
CUST09731,Daksh Buch,Male,32,Retail,2026-02-02,Ahmedabad,Gujarat,West
CUST09732,Bimala Nagar,Female,64,Corporate,2025-01-23,Coimbatore,Tamil Nadu,South
CUST09733,Ikshita Devan,Male,58,Corporate,2022-02-19,Mangaluru,Karnataka,South
CUST09734,Sachi Peri,Female,63,SME,2021-09-30,Bhopal,Madhya Pradesh,Central
CUST09735,Damyanti Choudhury,Female,32,Corporate,2022-09-04,Nagpur,Maharashtra,West
CUST09736,Zashil Chana,Female,40,Education,2021-08-13,Karimnagar,Telangana,South
CUST09737,Orinder Mohan,Female,62,SME,2026-01-18,Siliguri,West Bengal,East
CUST09738,Meera Chaudry,Female,47,Corporate,2025-11-30,Mysuru,Karnataka,South
CUST09739,Guneet Minhas,Female,64,SME,2025-12-24,Nagpur,Maharashtra,West
CUST09740,Gaurang Devan,Male,65,Government,2024-08-15,Bhopal,Madhya Pradesh,Central
CUST09741,Wazir Pillay,Female,24,Government,2024-12-13,Kozhikode,Kerala,South
CUST09742,Abhiram Bassi,Female,58,Retail,2021-10-30,Mysuru,Karnataka,South
CUST09743,Anamika D’Alia,Female,53,SME,2022-08-16,Bengaluru,Karnataka,South
CUST09744,Aadi Vyas,Male,55,Government,2024-07-29,Mumbai,Maharashtra,West
CUST09745,Ati Ratta,Female,58,SME,2024-12-01,Kochi,Kerala,South
CUST09746,Rachita Bansal,Male,50,Corporate,2022-03-08,Hyderabad,Telangana,South
CUST09747,Dalbir Mittal,Female,56,Education,2026-01-10,New Delhi,Delhi,North
CUST09748,Bishakha Chokshi,Female,51,Government,2023-05-08,Bengaluru,Karnataka,South
CUST09749,Gabriel Ranganathan,Female,59,SME,2021-08-08,Chennai,Tamil Nadu,South
CUST09750,Qabil Aurora,Female,51,SME,2024-07-28,Ludhiana,Punjab,North
CUST09751,Leena Contractor,Female,42,SME,2023-02-08,Thiruvananthapuram,Kerala,South
CUST09752,Oviya Rao,Male,32,SME,2022-06-26,Madurai,Tamil Nadu,South
CUST09753,Wridesh Madan,Female,21,Education,2021-12-28,Thiruvananthapuram,Kerala,South
CUST09754,Ishita Kar,Male,44,Corporate,2022-08-01,Mangaluru,Karnataka,South
CUST09755,Arya Gopal,Male,55,SME,2024-07-23,Madurai,Tamil Nadu,South
CUST09756,Januja Char,Male,38,Education,2025-09-12,Bhopal,Madhya Pradesh,Central
CUST09757,Gabriel Shroff,Female,57,Retail,2023-01-26,Siliguri,West Bengal,East
CUST09758,Tanish Khatri,Male,27,Government,2024-06-07,Ludhiana,Punjab,North
CUST09759,Siya Kulkarni,Male,22,Corporate,2022-10-13,Hyderabad,Telangana,South
CUST09760,Vincent Ahluwalia,Male,24,Government,2024-06-17,New Delhi,Delhi,North
CUST09761,Wridesh Mishra,Female,34,Education,2024-06-19,Coimbatore,Tamil Nadu,South
CUST09762,Advay Kalla,Female,58,Education,2026-05-02,Kolkata,West Bengal,East
CUST09763,Omya Luthra,Male,41,Retail,2026-05-01,Mysuru,Karnataka,South
CUST09764,Kala Chawla,Female,59,Retail,2024-04-07,Ludhiana,Punjab,North
CUST09765,Ishani Pandey,Female,60,Corporate,2023-04-05,New Delhi,Delhi,North
CUST09766,Falan Seshadri,Female,29,SME,2023-08-14,Warangal,Telangana,South
CUST09767,Yashvi Sant,Female,39,Education,2022-10-02,Kochi,Kerala,South
CUST09768,Krish Palla,Female,56,Government,2025-01-06,Hyderabad,Telangana,South
CUST09769,Faraj Kannan,Female,20,Education,2021-08-20,Mysuru,Karnataka,South
CUST09770,Pallavi Chatterjee,Female,56,Government,2026-05-09,Kolkata,West Bengal,East
CUST09771,Orinder Mohanty,Female,28,Corporate,2025-01-08,Amritsar,Punjab,North
CUST09772,Yachana Pai,Male,42,Government,2025-04-07,Bhopal,Madhya Pradesh,Central
CUST09773,Aryan Yadav,Female,41,SME,2022-04-04,Madurai,Tamil Nadu,South
CUST09774,Barkha Jhaveri,Male,50,SME,2024-04-28,Mumbai,Maharashtra,West
CUST09775,Baghyawati Chander,Male,43,Corporate,2021-09-25,Ludhiana,Punjab,North
CUST09776,Nirja Nadig,Male,44,SME,2026-01-03,Indore,Madhya Pradesh,Central
CUST09777,Jeevika Sathe,Female,28,Education,2022-09-16,Coimbatore,Tamil Nadu,South
CUST09778,Anjali Mutti,Female,24,SME,2024-07-22,Pune,Maharashtra,West
CUST09779,Vidhi Vaidya,Male,30,Corporate,2023-11-01,Vadodara,Gujarat,West
CUST09780,Chameli Dewan,Female,54,Corporate,2025-07-21,Madurai,Tamil Nadu,South
CUST09781,Eta Bose,Male,59,SME,2025-02-04,Madurai,Tamil Nadu,South
CUST09782,Kashish Peri,Female,22,Government,2025-05-07,Amritsar,Punjab,North
CUST09783,Upma Pai,Female,42,SME,2024-03-17,New Delhi,Delhi,North
CUST09784,Barkha Ramakrishnan,Male,19,Retail,2026-02-27,Bengaluru,Karnataka,South
CUST09785,Alexander Dixit,Female,51,Education,2023-08-16,Bengaluru,Karnataka,South
CUST09786,Omkaar Koshy,Female,51,Education,2023-04-12,Nagpur,Maharashtra,West
CUST09787,Xalak Kaur,Female,25,Corporate,2026-01-16,Bengaluru,Karnataka,South
CUST09788,Omya Mannan,Male,59,Education,2023-01-17,Ahmedabad,Gujarat,West
CUST09789,Qasim Memon,Male,39,Corporate,2023-09-11,Kochi,Kerala,South
CUST09790,Mohammed Dutta,Male,28,Government,2025-01-23,Amritsar,Punjab,North
CUST09791,Aradhana Swaminathan,Female,36,Education,2022-07-29,Ludhiana,Punjab,North
CUST09792,Turvi Patil,Female,50,Government,2024-12-23,Hyderabad,Telangana,South
CUST09793,Janani Hari,Male,23,Retail,2024-03-18,Amritsar,Punjab,North
CUST09794,Isaiah Krishna,Female,31,Government,2023-03-21,Ahmedabad,Gujarat,West
CUST09795,Yashica Bala,Male,46,SME,2025-09-27,Ludhiana,Punjab,North
CUST09796,Ekta Nath,Male,37,SME,2022-08-31,Ludhiana,Punjab,North
CUST09797,Garima Narang,Female,25,Government,2024-02-29,Nagpur,Maharashtra,West
CUST09798,Tanveer Som,Female,38,Government,2022-12-14,Bhopal,Madhya Pradesh,Central
CUST09799,Balveer Deo,Female,60,Corporate,2021-10-19,New Delhi,Delhi,North
CUST09800,Gaurav Kade,Male,54,Corporate,2022-10-24,Siliguri,West Bengal,East
CUST09801,Jai Pandey,Male,40,Education,2022-07-26,Amritsar,Punjab,North
CUST09802,Wishi Radhakrishnan,Female,51,SME,2024-11-07,Kozhikode,Kerala,South
CUST09803,Jhalak Sunder,Female,21,SME,2021-10-26,Mangaluru,Karnataka,South
CUST09804,Jeet Dash,Male,40,Retail,2022-11-17,Madurai,Tamil Nadu,South
CUST09805,Indali Ramachandran,Male,23,Government,2024-10-23,Chennai,Tamil Nadu,South
CUST09806,Pooja Ravi,Male,19,Education,2025-05-22,New Delhi,Delhi,North
CUST09807,Yashodhara Narayan,Male,35,SME,2025-07-01,Vadodara,Gujarat,West
CUST09808,Ayaan Lala,Female,22,Government,2025-02-12,Surat,Gujarat,West
CUST09809,Benjamin Nath,Female,61,Education,2026-02-19,New Delhi,Delhi,North
CUST09810,Abha Kapur,Female,21,SME,2024-10-01,Bengaluru,Karnataka,South
CUST09811,Jeremiah Baria,Male,23,Retail,2023-12-12,Thiruvananthapuram,Kerala,South
CUST09812,Quincy Hayre,Female,39,Education,2024-05-11,Warangal,Telangana,South
CUST09813,Jalsa Chaudhari,Female,41,Education,2024-04-23,New Delhi,Delhi,North
CUST09814,Libni Sabharwal,Female,30,Corporate,2022-07-12,New Delhi,Delhi,North
CUST09815,Damyanti Borde,Female,37,Retail,2023-09-07,Bhopal,Madhya Pradesh,Central
CUST09816,Ijaya Kant,Male,45,Government,2025-12-09,Mysuru,Karnataka,South
CUST09817,Adweta Tella,Male,64,Corporate,2025-07-28,Vadodara,Gujarat,West
CUST09818,Anay Kapoor,Male,57,SME,2024-02-04,Kochi,Kerala,South
CUST09819,Henry Kulkarni,Male,37,Education,2026-05-26,New Delhi,Delhi,North
CUST09820,Ubika Raman,Male,42,SME,2026-05-14,Mysuru,Karnataka,South
CUST09821,Vritti Dhillon,Male,18,SME,2022-07-04,Thiruvananthapuram,Kerala,South
CUST09822,Libni Gill,Male,52,Government,2023-08-31,Thiruvananthapuram,Kerala,South
CUST09823,Anamika Borra,Male,58,Education,2024-05-17,Mysuru,Karnataka,South
CUST09824,Omkaar Maharaj,Male,21,Government,2022-06-25,Karimnagar,Telangana,South
CUST09825,Chandran Sandal,Female,21,Education,2025-05-28,New Delhi,Delhi,North
CUST09826,Upkaar Balan,Female,43,Retail,2024-11-29,Chennai,Tamil Nadu,South
CUST09827,Yashodhara Shan,Male,45,Education,2025-09-10,New Delhi,Delhi,North
CUST09828,Watika Tata,Male,35,Retail,2026-05-26,Mysuru,Karnataka,South
CUST09829,Ranbir Dube,Female,46,Government,2023-03-08,Coimbatore,Tamil Nadu,South
CUST09830,Warjas Apte,Male,56,Government,2022-04-19,New Delhi,Delhi,North
CUST09831,Girik Mallick,Female,20,Government,2023-01-07,Pune,Maharashtra,West
CUST09832,Omaja Magar,Male,53,Education,2024-01-09,Bhopal,Madhya Pradesh,Central
CUST09833,Samar Tak,Female,22,Corporate,2024-11-02,Nagpur,Maharashtra,West
CUST09834,Patrick Menon,Male,19,Government,2022-03-07,Karimnagar,Telangana,South
CUST09835,Om Jayaraman,Female,46,Government,2023-02-10,Amritsar,Punjab,North
CUST09836,Nidra Naik,Female,31,Education,2025-02-21,Kolkata,West Bengal,East
CUST09837,Darsh De,Female,51,Education,2022-11-17,Vadodara,Gujarat,West
CUST09838,Ranveer Pandya,Male,46,SME,2023-02-28,Siliguri,West Bengal,East
CUST09839,Krishna Shroff,Male,18,Retail,2025-02-13,Kolkata,West Bengal,East
CUST09840,Damini Wason,Male,38,SME,2024-05-11,Bhopal,Madhya Pradesh,Central
CUST09841,Vaishnavi Sahni,Female,19,Retail,2026-04-14,Amritsar,Punjab,North
CUST09842,Hitesh Sridhar,Female,46,Corporate,2023-06-06,Kochi,Kerala,South
CUST09843,Zilmil Narayanan,Female,42,Education,2024-10-02,Chennai,Tamil Nadu,South
CUST09844,Yauvani Varty,Female,19,Government,2023-04-04,Kolkata,West Bengal,East
CUST09845,Nathaniel Ganesan,Male,36,Education,2022-07-03,Karimnagar,Telangana,South
CUST09846,Dayamai Ranganathan,Male,59,Corporate,2026-06-14,Nagpur,Maharashtra,West
CUST09847,Omaja Purohit,Female,38,Retail,2022-05-22,Ludhiana,Punjab,North
CUST09848,Pavani Aggarwal,Male,60,Corporate,2025-06-06,Bhopal,Madhya Pradesh,Central
CUST09849,Ishita Khatri,Female,58,Corporate,2023-12-23,Coimbatore,Tamil Nadu,South
CUST09850,Xalak Singhal,Male,25,Government,2024-07-28,Ludhiana,Punjab,North
CUST09851,Bahadurjit Manda,Male,50,Retail,2025-07-27,Coimbatore,Tamil Nadu,South
CUST09852,Indira Dhaliwal,Male,19,SME,2025-10-31,Thiruvananthapuram,Kerala,South
CUST09853,Kai Loyal,Female,45,SME,2022-02-02,Ludhiana,Punjab,North
CUST09854,Yuvraj Kannan,Female,21,SME,2025-02-12,Nagpur,Maharashtra,West
CUST09855,Dayamai Agrawal,Female,24,Government,2025-06-19,Kolkata,West Bengal,East
CUST09856,Oliver Deep,Female,27,Education,2023-12-18,Kozhikode,Kerala,South
CUST09857,Maya Arora,Male,57,Corporate,2023-10-08,Kolkata,West Bengal,East
CUST09858,Naveen Shanker,Male,57,Government,2022-04-18,New Delhi,Delhi,North
CUST09859,Vrishti Magar,Female,51,Retail,2025-02-03,New Delhi,Delhi,North
CUST09860,Azad Dhawan,Male,45,Education,2022-06-23,Pune,Maharashtra,West
CUST09861,Akshay Loyal,Male,48,Education,2023-11-20,New Delhi,Delhi,North
CUST09862,Pooja Char,Female,28,Retail,2026-06-27,Karimnagar,Telangana,South
CUST09863,Janani Lall,Male,53,Retail,2022-12-15,New Delhi,Delhi,North
CUST09864,Kala Dasgupta,Female,53,Corporate,2024-02-09,Vadodara,Gujarat,West
CUST09865,Aayush Sandhu,Male,34,Government,2024-12-31,Nagpur,Maharashtra,West
CUST09866,Abeer Saini,Female,62,Education,2023-11-20,Amritsar,Punjab,North
CUST09867,Warhi Gera,Male,20,Corporate,2025-08-04,Warangal,Telangana,South
CUST09868,Chavvi Choudhry,Male,41,Retail,2024-10-05,Bengaluru,Karnataka,South
CUST09869,Advay Pillay,Male,46,SME,2023-07-11,Siliguri,West Bengal,East
CUST09870,Wridesh Bali,Male,27,SME,2025-08-29,Bhopal,Madhya Pradesh,Central
CUST09871,Praneel Chandra,Female,44,SME,2025-06-16,Bhopal,Madhya Pradesh,Central
CUST09872,William Jain,Female,55,SME,2021-07-17,Madurai,Tamil Nadu,South
CUST09873,Harinakshi Datta,Male,41,Retail,2024-04-20,Kolkata,West Bengal,East
CUST09874,Caleb Bhasin,Male,18,Corporate,2025-08-19,Indore,Madhya Pradesh,Central
CUST09875,Aditya Nanda,Male,34,Government,2021-09-16,New Delhi,Delhi,North
CUST09876,Jairaj Mallick,Female,49,Education,2021-11-28,Hyderabad,Telangana,South
CUST09877,Vedhika Mani,Female,54,SME,2023-07-22,Mangaluru,Karnataka,South
CUST09878,Vyanjana Brahmbhatt,Male,33,Government,2024-01-19,Warangal,Telangana,South
CUST09879,Amaira Bansal,Female,34,Corporate,2024-03-01,Vadodara,Gujarat,West
CUST09880,Arjun Dhillon,Male,23,Corporate,2024-09-03,Pune,Maharashtra,West
CUST09881,Ekansh Mohan,Male,25,SME,2024-12-25,Kolkata,West Bengal,East
CUST09882,Nimrat Prasad,Female,56,SME,2021-11-16,Surat,Gujarat,West
CUST09883,Lakshmi Bora,Female,24,Corporate,2025-10-01,Madurai,Tamil Nadu,South
CUST09884,Frado Saraf,Female,33,Corporate,2025-05-20,Bhopal,Madhya Pradesh,Central
CUST09885,Sneha Shetty,Female,18,Government,2022-10-07,Thiruvananthapuram,Kerala,South
CUST09886,Yatin Om,Female,33,Retail,2023-03-15,Kozhikode,Kerala,South
CUST09887,Chandran Sibal,Male,38,Corporate,2021-08-01,Amritsar,Punjab,North
CUST09888,Hema Pingle,Female,33,SME,2021-11-24,Kochi,Kerala,South
CUST09889,Warjas Tata,Male,54,SME,2026-03-28,Hyderabad,Telangana,South
CUST09890,Eiravati Barman,Female,45,Corporate,2024-02-18,Amritsar,Punjab,North
CUST09891,Mitali Garde,Female,30,Corporate,2021-11-20,Kolkata,West Bengal,East
CUST09892,Aarnav Randhawa,Male,44,SME,2023-01-15,Ahmedabad,Gujarat,West
CUST09893,Brinda Biswas,Male,37,Government,2022-04-10,Surat,Gujarat,West
CUST09894,Falan Ganesan,Female,20,Education,2024-03-08,Karimnagar,Telangana,South
CUST09895,Varsha Sethi,Female,29,SME,2022-05-21,Kolkata,West Bengal,East
CUST09896,Ryan Kaul,Female,65,Corporate,2024-04-16,Vadodara,Gujarat,West
CUST09897,Frado Loke,Female,19,Education,2022-10-06,Indore,Madhya Pradesh,Central
CUST09898,Banjeet Sha,Female,50,Education,2025-07-15,Karimnagar,Telangana,South
CUST09899,Yamini Chhabra,Male,51,Retail,2024-06-03,Thiruvananthapuram,Kerala,South
CUST09900,Charita Patel,Male,61,Corporate,2023-03-24,Surat,Gujarat,West
CUST09901,Naveen Kadakia,Male,63,Retail,2021-08-12,New Delhi,Delhi,North
CUST09902,Gayathri Mammen,Female,19,Retail,2023-09-30,New Delhi,Delhi,North
CUST09903,Lohit Sankar,Male,26,Education,2021-11-09,Coimbatore,Tamil Nadu,South
CUST09904,Raksha Ghosh,Female,24,SME,2023-12-28,Bengaluru,Karnataka,South
CUST09905,Hema Krishnamurthy,Female,42,Government,2022-02-08,Amritsar,Punjab,North
CUST09906,Hitesh Sodhi,Male,65,Education,2023-11-10,Siliguri,West Bengal,East
CUST09907,Leena Maharaj,Female,55,Government,2026-02-04,Chennai,Tamil Nadu,South
CUST09908,Quincy Sandhu,Male,51,Retail,2021-07-25,Siliguri,West Bengal,East
CUST09909,Sara Prabhakar,Male,52,Government,2023-05-29,Ahmedabad,Gujarat,West
CUST09910,Balhaar Ahluwalia,Male,63,Corporate,2022-04-28,Kolkata,West Bengal,East
CUST09911,Damyanti Zachariah,Female,39,Education,2025-05-15,Kozhikode,Kerala,South
CUST09912,Advika Korpal,Female,42,SME,2024-11-20,Ahmedabad,Gujarat,West
CUST09913,Chatresh Doshi,Male,28,SME,2024-07-08,Pune,Maharashtra,West
CUST09914,Shivani Shere,Male,27,Retail,2022-07-19,New Delhi,Delhi,North
CUST09915,Hemangini Dani,Female,44,SME,2024-09-12,Kolkata,West Bengal,East
CUST09916,Manthan Chahal,Female,25,Corporate,2021-07-14,Mumbai,Maharashtra,West
CUST09917,Dev Bhat,Female,22,Government,2024-10-06,Kolkata,West Bengal,East
CUST09918,Falguni Devan,Female,54,Government,2026-04-04,New Delhi,Delhi,North
CUST09919,Champak Chahal,Female,39,Retail,2023-06-07,Kozhikode,Kerala,South
CUST09920,Krisha Sabharwal,Male,51,Corporate,2025-03-04,Mysuru,Karnataka,South
CUST09921,Hritik Nagy,Male,42,Corporate,2023-03-30,Indore,Madhya Pradesh,Central
CUST09922,Upkaar Pal,Male,37,Corporate,2026-05-21,Bhopal,Madhya Pradesh,Central
CUST09923,Charles Tank,Female,24,Retail,2023-12-23,Amritsar,Punjab,North
CUST09924,Azad Dara,Male,58,Retail,2021-07-16,Thiruvananthapuram,Kerala,South
CUST09925,Ria Kara,Female,59,Education,2022-03-14,Surat,Gujarat,West
CUST09926,Yoshita Deo,Male,61,Government,2022-11-15,Warangal,Telangana,South
CUST09927,Nicholas Bhatti,Male,26,Corporate,2025-03-11,New Delhi,Delhi,North
CUST09928,Jairaj Kata,Male,61,Government,2025-12-30,Ahmedabad,Gujarat,West
CUST09929,Jeremiah Chaudhry,Male,51,Retail,2025-06-06,Siliguri,West Bengal,East
CUST09930,Harini Kuruvilla,Female,24,SME,2025-06-21,Chennai,Tamil Nadu,South
CUST09931,Hemang Pandit,Male,63,Education,2024-07-16,Indore,Madhya Pradesh,Central
CUST09932,Pooja Barad,Female,50,Retail,2024-09-10,Bengaluru,Karnataka,South
CUST09933,Sudiksha Acharya,Female,34,SME,2024-10-14,Siliguri,West Bengal,East
CUST09934,Anusha Dhar,Male,25,Corporate,2021-07-24,Thiruvananthapuram,Kerala,South
CUST09935,Aadi Kalita,Female,49,Education,2025-08-04,Warangal,Telangana,South
CUST09936,Jhalak Kant,Male,22,Government,2023-01-22,Kozhikode,Kerala,South
CUST09937,Yashodhara Ghosh,Male,37,Corporate,2025-10-19,Madurai,Tamil Nadu,South
CUST09938,Hiral Natt,Male,20,Government,2025-07-05,Siliguri,West Bengal,East
CUST09939,Ganga Keer,Female,42,Government,2024-10-21,Amritsar,Punjab,North
CUST09940,Vedika Subramaniam,Male,53,Retail,2025-09-13,Mumbai,Maharashtra,West
CUST09941,Isaac Khalsa,Male,51,Education,2025-05-04,Kolkata,West Bengal,East
CUST09942,Timothy Sachdeva,Male,56,Retail,2023-06-09,Pune,Maharashtra,West
CUST09943,Robert Malhotra,Male,28,Education,2024-06-08,Kochi,Kerala,South
CUST09944,Ansh Pal,Female,37,Education,2023-08-21,Vadodara,Gujarat,West
CUST09945,Andrew Manda,Male,26,Corporate,2024-02-13,Bengaluru,Karnataka,South
CUST09946,Jagrati Sura,Male,49,Government,2026-05-21,Chennai,Tamil Nadu,South
CUST09947,Kamala Palla,Male,37,Corporate,2025-04-19,Coimbatore,Tamil Nadu,South
CUST09948,Reva Lall,Female,38,Government,2024-05-23,Kochi,Kerala,South
CUST09949,Hiral Ahuja,Male,52,SME,2024-07-28,Kolkata,West Bengal,East
CUST09950,Dayita Vora,Male,44,Corporate,2025-12-20,Indore,Madhya Pradesh,Central
CUST09951,Amrita Kakar,Male,42,SME,2023-03-24,Mysuru,Karnataka,South
CUST09952,Unni Sarin,Male,43,Retail,2022-11-21,Warangal,Telangana,South
CUST09953,Hemani Kuruvilla,Male,54,SME,2023-08-29,Kolkata,West Bengal,East
CUST09954,Tarak Parmer,Male,19,Retail,2024-09-10,Kochi,Kerala,South
CUST09955,Varenya Taneja,Female,22,Corporate,2024-12-20,Ludhiana,Punjab,North
CUST09956,Ekapad Maharaj,Male,30,Government,2023-05-23,New Delhi,Delhi,North
CUST09957,Charles Comar,Male,60,Education,2026-06-26,Bengaluru,Karnataka,South
CUST09958,Mahika Kumer,Male,54,Government,2024-09-16,Bengaluru,Karnataka,South
CUST09959,Vrishti Patla,Female,18,Retail,2022-08-05,Madurai,Tamil Nadu,South
CUST09960,Jeet Comar,Female,23,Corporate,2023-05-26,Pune,Maharashtra,West
CUST09961,Balveer Choudhry,Female,49,Corporate,2022-12-31,New Delhi,Delhi,North
CUST09962,Chandran Narula,Male,58,SME,2024-08-13,Ludhiana,Punjab,North
CUST09963,Chakradhar Chaudhari,Male,45,Corporate,2023-04-28,Ahmedabad,Gujarat,West
CUST09964,Liam Chada,Male,31,SME,2023-11-22,Ahmedabad,Gujarat,West
CUST09965,Madhav Shenoy,Female,63,Corporate,2022-05-02,Bengaluru,Karnataka,South
CUST09966,Fariq Mangal,Female,22,Retail,2025-07-19,New Delhi,Delhi,North
CUST09967,Simon Jani,Female,42,Retail,2023-01-08,Nagpur,Maharashtra,West
CUST09968,Rudra Mody,Male,41,Retail,2024-06-08,Ludhiana,Punjab,North
CUST09969,Amaira Dash,Male,32,Corporate,2023-01-28,Ahmedabad,Gujarat,West
CUST09970,Wakeeta Maharaj,Female,46,Corporate,2021-08-24,Mangaluru,Karnataka,South
CUST09971,Imaran Karan,Male,36,Retail,2021-07-29,Mangaluru,Karnataka,South
CUST09972,Andrew Gara,Male,58,Corporate,2024-05-05,Amritsar,Punjab,North
CUST09973,Jagvi Dixit,Female,44,SME,2022-07-19,Vadodara,Gujarat,West
CUST09974,Patrick Garg,Male,32,Education,2023-04-03,Kochi,Kerala,South
CUST09975,Frederick Agarwal,Female,48,SME,2025-05-11,Kozhikode,Kerala,South
CUST09976,Upma Rastogi,Male,55,SME,2022-11-02,Kochi,Kerala,South
CUST09977,Omaja Dar,Male,19,Government,2022-06-23,Kolkata,West Bengal,East
CUST09978,Christopher Jayaraman,Female,27,Education,2022-01-27,Mumbai,Maharashtra,West
CUST09979,Unni Dar,Male,23,SME,2022-09-08,Amritsar,Punjab,North
CUST09980,Ikbal Master,Male,35,Education,2026-02-23,New Delhi,Delhi,North
CUST09981,Yasti Oza,Male,32,Government,2025-01-04,Ahmedabad,Gujarat,West
CUST09982,Suhani Kuruvilla,Female,41,Government,2022-06-03,Nagpur,Maharashtra,West
CUST09983,Ekbal Dugal,Female,59,Corporate,2021-12-27,Pune,Maharashtra,West
CUST09984,Henry Varkey,Male,59,Government,2021-09-02,Bengaluru,Karnataka,South
CUST09985,Baghyawati Dey,Male,28,Retail,2022-02-26,Bengaluru,Karnataka,South
CUST09986,Darika Desai,Female,24,Government,2026-03-24,Coimbatore,Tamil Nadu,South
CUST09987,Ati Prabhakar,Female,65,Retail,2022-07-16,Kolkata,West Bengal,East
CUST09988,Hritik Vasa,Female,40,Retail,2024-07-16,Indore,Madhya Pradesh,Central
CUST09989,Arjun Venkataraman,Male,65,Government,2025-03-25,Amritsar,Punjab,North
CUST09990,Udant Vora,Female,48,SME,2023-11-08,Warangal,Telangana,South
CUST09991,Mohini Karan,Female,24,Education,2025-11-17,Mysuru,Karnataka,South
CUST09992,Luke Rajagopal,Male,61,Government,2022-03-01,Karimnagar,Telangana,South
CUST09993,Anvi Ahluwalia,Female,40,Education,2023-12-29,Mumbai,Maharashtra,West
CUST09994,Anika Nori,Male,18,Corporate,2025-01-13,Siliguri,West Bengal,East
CUST09995,Nilima Bhagat,Female,23,Retail,2022-07-21,Mysuru,Karnataka,South
CUST09996,Lipika Kapadia,Female,32,SME,2021-10-09,Thiruvananthapuram,Kerala,South
CUST09997,Indali Vora,Female,23,SME,2022-04-23,Amritsar,Punjab,North
CUST09998,Sai De,Female,25,Government,2023-12-16,Mumbai,Maharashtra,West
CUST09999,Aishani Raja,Female,31,Retail,2025-01-03,Amritsar,Punjab,North
CUST10000,Yahvi Doshi,Female,40,Retail,2025-05-22,Pune,Maharashtra,West
